<?xml version="1.0"?>
<COLLADA xmlns="http://www.collada.org/2005/11/COLLADASchema" version="1.4.1">
  <asset>
    <contributor>
      <author>Assimp</author>
      <authoring_tool>Assimp Exporter</authoring_tool>
    </contributor>
    <created>2020-03-30T23:52:53</created>
    <modified>2020-03-30T23:52:53</modified>
    <unit name="meter" meter="0.01" />
    <up_axis>Y_UP</up_axis>
  </asset>
  <library_effects>
    <effect id="cabinmat1-fx" name="cabinmat1">
      <profile_COMMON>
        <technique sid="standard">
          <phong>
            <diffuse>
              <color sid="diffuse">0.5   0.5   0.5   1</color>
            </diffuse>
          </phong>
        </technique>
      </profile_COMMON>
    </effect>
  </library_effects>
  <library_materials>
    <material id="cabinmat1" name="cabinmat1">
      <instance_effect url="#cabinmat1-fx"/>
    </material>
  </library_materials>
  <library_geometries>
    <geometry id="meshId0" name="meshId0_name" >
      <mesh>
        <source id="meshId0-positions" name="meshId0-positions">
          <float_array id="meshId0-positions-array" count="216"> -0.248368 -0.396512 0.180493 -0.248368 -0.497228 0.180493 0.152086 -0.497228 0.180493 0.152086 -0.396512 0.180493 -0.607461 -0.497228 0.220993 -0.607461 -0.497228 -0.883235 -0.607461 -0.536356 -0.883235 -0.607461 -0.536356 0.220993 -0.607461 -0.536356 0.220993 -0.49505 -0.536356 0.220993 -0.49505 -0.497228 0.220993 -0.607461 -0.497228 0.220993 0.152086 -0.497228 0.180493 0.152086 -0.497228 -0.848202 0.152086 -0.396512 -0.848202 0.152086 -0.396512 0.180493 -0.248368 -0.516849 0.146928 -0.248368 -0.497228 0.180493 -0.248368 -0.396512 0.180493 -0.248368 -0.396512 0.146963 0.187772 -0.497228 0.220993 -0.248039 -0.497228 0.220993 -0.248039 -0.536356 0.220993 0.187772 -0.536356 0.220993 0.187772 -0.536356 0.220993 0.187772 -0.536356 -0.883235 0.187772 -0.497228 -0.883235 0.187772 -0.497228 0.220993 -0.494721 -0.396512 0.180493 -0.494721 -0.497228 0.180493 -0.494721 -0.516849 0.146928 -0.494721 -0.396512 0.146963 -0.571774 -0.497228 0.180493 -0.494721 -0.497228 0.180493 -0.494721 -0.396512 0.180493 -0.571774 -0.396512 0.180493 -0.571774 -0.396512 -0.848202 -0.571774 -0.497228 -0.848202 -0.571774 -0.497228 0.180493 -0.571774 -0.396512 0.180493 -0.248368 -0.536356 0.180493 -0.248368 -0.536356 0.146928 -0.494721 -0.536356 0.180493 -0.494721 -0.536356 0.146928 -0.571774 -0.396512 0.180493 -0.494721 -0.396512 0.180493 -0.507471 -0.396512 0.169931 -0.561212 -0.396512 0.169931 -0.561212 -0.396512 0.169931 -0.556837 -0.396512 -0.836025 0.137148 -0.396512 -0.836025 0.141523 -0.396512 0.169931 0.141523 -0.396512 0.169931 -0.235618 -0.396512 0.169931 -0.248368 -0.396512 0.146963 -0.235618 -0.396512 0.146963 -0.494721 -0.396512 0.146963 -0.507471 -0.396512 0.146963 0.152086 -0.396512 -0.848202 0.152086 -0.497228 -0.848202 -0.571774 -0.497228 -0.848202 -0.571774 -0.396512 -0.848202 -0.556837 -0.396512 -0.836025 0.137148 -0.396512 -0.836025 -0.607461 -0.536356 -0.883235 -0.607461 -0.497228 -0.883235 0.187772 -0.497228 -0.883235 0.187772 -0.536356 -0.883235 -0.49505 -0.497228 0.220993 -0.49505 -0.536356 0.220993 -0.248039 -0.536356 0.220993 -0.248039 -0.497228 0.220993 </float_array>
          <technique_common>
            <accessor count="72" offset="0" source="#meshId0-positions-array" stride="3">
              <param name="X" type="float" />
              <param name="Y" type="float" />
              <param name="Z" type="float" />
            </accessor>
          </technique_common>
        </source>
        <source id="meshId0-normals" name="meshId0-normals">
          <float_array id="meshId0-normals-array" count="216"> -0.0914308 0.0495718 0.994577 -0.162352 0.38021 0.910539 0.745656 0.599784 0.290271 0.929144 0.076584 0.3617 -0.906999 0.410886 0.0923325 -0.693203 0.51985 -0.499225 -0.811468 0 -0.584396 -0.994858 0 0.101277 -0.994858 0 0.101277 0.33808 0 0.941118 0.261073 0.635352 0.726753 -0.906999 0.410886 0.0923325 0.745656 0.599784 0.290271 0.649502 0.607674 -0.457033 0.814708 0.0871512 -0.573284 0.929144 0.076584 0.3617 -1 5.22014e-09 0 -0.162352 0.38021 0.910539 -0.0914308 0.0495718 0.994577 -0.995317 0.0966682 0 0.806827 0.497624 0.318435 -0.0656031 0.704686 0.70648 -0.0924615 0 0.995716 0.930175 0 0.367117 0.930175 0 0.367117 0.811468 0 -0.584396 0.693203 0.51985 -0.499225 0.806827 0.497624 0.318435 0.43035 0.0587039 0.900751 0.638983 0.33903 0.690478 1 0 0 0.995317 0.0966679 0 -0.848253 0.525765 0.0635372 0.638983 0.33903 0.690478 0.43035 0.0587039 0.900751 -0.995058 0.0656135 0.0745333 -0.814708 0.0871512 -0.573284 -0.649502 0.607674 -0.457034 -0.848253 0.525765 0.0635372 -0.995058 0.0656135 0.0745333 -0.999987 0 0.00501157 -1 0 0 0.999987 0 0.00501172 1 0 0 -0.995058 0.0656135 0.0745333 0.43035 0.0587039 0.900751 0 1 5.1552e-07 0 1 3.85455e-08 0 1 3.85455e-08 0 1 -5.48727e-07 0 1 -5.48727e-07 0 1 -1.64518e-07 0 1 -1.64518e-07 0 1 -6.33838e-07 -0.995317 0.0966682 0 0 1 0 0.995317 0.0966679 0 0 1 0 0.814708 0.0871512 -0.573284 0.649502 0.607674 -0.457033 -0.649502 0.607674 -0.457034 -0.814708 0.0871512 -0.573284 0 1 -5.48727e-07 0 1 -5.48727e-07 -0.811468 0 -0.584396 -0.693203 0.51985 -0.499225 0.693203 0.51985 -0.499225 0.811468 0 -0.584396 0.261073 0.635352 0.726753 0.33808 0 0.941118 -0.0924615 0 0.995716 -0.0656031 0.704686 0.70648 </float_array>
          <technique_common>
            <accessor count="72" offset="0" source="#meshId0-normals-array" stride="3">
              <param name="X" type="float" />
              <param name="Y" type="float" />
              <param name="Z" type="float" />
            </accessor>
          </technique_common>
        </source>
        <source id="meshId0-tangents" name="meshId0-tangents">
          <float_array id="meshId0-tangents-array" count="216"> -0.995811 -0.00451366 -0.0913193 -0.986733 -0.062497 -0.149841 -0.666331 0.671235 0.324725 -0.369719 0.192592 0.908965 0.0841085 -0.0380928 0.995728 -0.399389 0.299523 0.866472 -0.584396 1.36439e-05 0.811468 0.101277 1.09447e-05 0.994858 3.25899e-06 1 3.20142e-05 0.000295955 1 -0.000106317 0.0374654 0.745626 -0.66531 0.326515 0.824578 -0.462016 -0.22616 -0.181959 0.956944 0.333764 0.31222 0.889449 0.570036 0.0609379 0.819357 -0.360474 -0.0297575 0.932295 -5.2201e-09 -0.999993 0.00373707 -0.0660397 -0.9249 0.374432 -0.00419684 -0.99877 0.049395 -0.0966675 -0.99531 0.00375471 -0.590787 0.679651 0.434792 -0.997846 -0.046282 -0.0464946 -0.995716 9.59772e-05 -0.0924615 -0.367117 0.000255145 0.930175 -0.367117 -5.00294e-05 0.930175 0.584396 -5.77975e-05 0.811468 0.399418 0.299484 0.866472 -0.27101 -0.167194 0.947945 0.892412 0.122288 -0.434335 0.610488 0.322591 -0.723353 0 0.000247775 -1 -2.33021e-05 0.000239924 -1 -0.0152495 0.0956754 -0.995296 0.0652173 0.870523 -0.487787 -0.0250384 0.998275 -0.0530972 0.065432 0.997845 -0.00487638 -0.570031 0.0609867 0.819357 -0.333733 0.312253 0.889449 0.0540086 -0.033467 0.997979 0.0743725 -0.00489314 0.997218 1.86635e-05 -0.999993 0.00372405 0 -0.999993 0.00373014 0.00501172 0.000247157 -0.999987 0 0.000246935 -1 -0.0993 -0.657902 -0.746528 -0.902662 0.0279828 0.429439 -1 -4.22218e-11 8.19014e-05 -1 -3.12992e-12 8.12007e-05 1.12413e-05 -3.85455e-08 1 1.06773e-05 5.48727e-07 1 4.59362e-05 5.48727e-07 1 4.70802e-05 1.64518e-07 1 -1 -1.55464e-11 -9.44969e-05 -1 -7.51086e-11 -0.000118498 -0.0966677 -0.995316 -0.000672454 -1 0 -8.32166e-05 -0.0966692 0.995316 0.00115897 -1 0 0.000113759 -0.579871 0.122462 -0.805452 -0.76036 0.519088 -0.390385 -0.76036 -0.519067 0.390414 -0.579871 -0.12243 0.805457 -1 9.8974e-12 1.8037e-05 -1 1.01574e-11 1.85109e-05 -0.584397 3.07648e-05 0.811468 -0.720742 -0.499974 0.480163 -0.720742 0.499999 -0.480137 -0.584397 3.24523e-05 -0.811468 0.286162 0.668083 -0.686859 0.941117 0.000710338 -0.33808 0.000373252 -1 3.46599e-05 -0.0646324 -0.709519 0.701716 </float_array>
          <technique_common>
            <accessor count="72" offset="0" source="#meshId0-tangents-array" stride="3">
              <param name="X" type="float" />
              <param name="Y" type="float" />
              <param name="Z" type="float" />
            </accessor>
          </technique_common>
        </source>
        <source id="meshId0-bitangents" name="meshId0-bitangents">
          <float_array id="meshId0-bitangents-array" count="216"> -3.76762e-05 -0.99876 0.0497768 -6.50585e-05 -0.922786 0.385313 -7.52807e-05 -0.43555 0.900165 -4.82053e-05 -0.978286 0.20726 0.412648 0.91089 -8.91834e-06 0.599965 0.800026 -8.10623e-06 7.97342e-06 1 -1.10716e-05 -1.10844e-06 1 -1.08884e-05 -0.101277 3.21796e-05 -0.994858 -0.941118 0.000314472 0.33808 -0.964592 0.200922 0.170859 -0.265971 -0.3889 -0.882052 0.626777 -0.779199 -3.16501e-05 0.68319 -0.73024 -3.24547e-05 0.106343 -0.99433 -3.27192e-05 0.0821621 -0.996619 -4.24553e-05 1.9508e-11 0.00373707 0.999993 0.98452 0.000657901 0.175268 0.995803 0.000342144 0.0915264 0.000362961 0.00373713 0.999993 -6.14226e-05 -0.538929 0.842351 -6.6746e-05 -0.708008 0.706204 -9.55661e-05 -1 -8.8742e-06 -9.36679e-05 -1 0.000237329 1.83666e-05 -1 -4.65361e-05 -3.37767e-05 -1 -4.69008e-05 0.599946 -0.800041 -3.43323e-05 0.52496 -0.851127 -3.59118e-05 -0.135649 0.990757 0.000238787 -0.46798 0.883739 -0.000843138 -0 1 0.000247775 -0.0966679 0.995317 0.000241053 -0.529371 -0.845232 -0.0731393 -0.766451 0.356719 0.534139 -0.902315 0.000297019 0.431077 -0.0746927 2.45883e-05 -0.997207 0.106371 0.994327 -7.4394e-06 0.683205 0.730227 -7.56979e-06 0.526829 0.849971 -7.31274e-06 0.0657957 0.997833 -1.08895e-05 0.00501153 0.00372409 0.99998 0 0.00373014 0.999993 -1.23868e-06 1 0.000247154 -0 1 0.000246935 5.33313e-05 -0.75024 0.661166 4.16115e-06 -0.997883 0.0650322 8.19014e-05 -5.1552e-07 1 8.12007e-05 -3.85455e-08 1 1 4.33301e-13 -1.12413e-05 1 -5.85891e-12 -1.06773e-05 1 -2.52065e-11 -4.59362e-05 1 -7.74554e-12 -4.70802e-05 -9.44969e-05 1.64518e-07 1 -0.000118498 6.33838e-07 1 -6.50049e-05 -0.000669305 1 -8.32166e-05 0 1 0.000112035 -0.00115354 0.999999 0.000113759 -0 1 9.44734e-06 0.988639 0.150307 1.39028e-05 0.601066 0.7992 1.33514e-05 0.601084 0.799186 9.40263e-06 0.988643 0.150281 1.8037e-05 5.48727e-07 1 1.85109e-05 5.48727e-07 1 1.79789e-05 1 -2.49647e-05 1.2666e-05 0.692663 0.721261 1.33365e-05 0.692645 0.721279 1.8965e-05 1 2.6334e-05 -0.921929 0.387289 -0.0073953 -0.000668512 1 0.000240151 0.995716 0.000374858 0.0924615 0.99575 0.000373255 0.0920922 </float_array>
          <technique_common>
            <accessor count="72" offset="0" source="#meshId0-bitangents-array" stride="3">
              <param name="X" type="float" />
              <param name="Y" type="float" />
              <param name="Z" type="float" />
            </accessor>
          </technique_common>
        </source>
        <source id="meshId0-tex0" name="meshId0-tex0">
          <float_array id="meshId0-tex0-array" count="144"> 0.965902 0.571776 0.965899 0.600748 0.850706 0.600737 0.850709 0.571765 0.568085 0.0136208 0.250446 0.0136242 0.250446 0.00236886 0.568085 0.00236535 0.919744 0.981538 0.919754 0.949202 0.931009 0.949206 0.930999 0.981541 0.868038 0.0358235 0.572126 0.0358371 0.572125 0.00686552 0.868037 0.00685158 0.911038 0.959634 0.90543 0.96931 0.876459 0.969418 0.876422 0.959773 0.840439 0.612386 0.965804 0.612398 0.965802 0.623653 0.840438 0.623641 0.879689 0.0573436 0.56205 0.0573584 0.562049 0.046103 0.879689 0.0460881 0.987345 0.985106 0.987338 0.956134 0.996992 0.950488 0.996991 0.985103 0.942652 0.97128 0.942659 0.949115 0.971631 0.949124 0.971624 0.971289 0.260524 0.0528613 0.260523 0.0238897 0.556435 0.0238863 0.556436 0.0528581 0.916685 0.969268 0.916649 0.959613 0.987335 0.944879 0.996991 0.944876 0.921274 0.985967 0.899108 0.985969 0.902776 0.98293 0.918235 0.982929 0.553397 0.0558964 0.264027 0.0571582 0.575628 0.00256838 0.864998 0.00381365 0.853747 0.568727 0.962235 0.568738 0.965903 0.562131 0.962236 0.562131 0.899108 0.976324 0.902775 0.976323 0.626604 0.623619 0.626603 0.594647 0.834827 0.594643 0.834828 0.623615 0.830531 0.627118 0.630901 0.627122 0.845092 0.57331 0.845092 0.584566 0.616338 0.58457 0.616338 0.573314 0.975688 0.956137 0.975685 0.944882 0.916729 0.980918 0.905474 0.98096 </float_array>
          <technique_common>
            <accessor count="72" offset="0" source="#meshId0-tex0-array" stride="2">
              <param name="S" type="float" />
              <param name="T" type="float" />
            </accessor>
          </technique_common>
        </source>
        <vertices id="meshId0-vertices">
          <input semantic="POSITION" source="#meshId0-positions" />
        </vertices>
        <polylist count="56" material="defaultMaterial">
          <input offset="0" semantic="VERTEX" source="#meshId0-vertices" />
          <input offset="0" semantic="NORMAL" source="#meshId0-normals" />
          <input offset="0" semantic="TANGENT" source="#meshId0-tangents" />
          <input offset="0" semantic="BINORMAL" source="#meshId0-bitangents" />
          <input offset="0" semantic="TEXCOORD" source="#meshId0-tex0" set="0" />
          <vcount>3 3 3 3 3 3 3 3 3 3 3 3 3 3 3 3 3 3 3 3 3 3 3 3 3 3 3 3 3 3 3 3 3 3 3 3 3 3 3 3 3 3 3 3 3 3 3 3 3 3 3 3 3 3 3 3 </vcount>
          <p>3 0 1 1 2 3 7 4 5 5 6 7 11 8 9 9 10 11 15 12 13 13 14 15 19 16 17 17 18 19 23 20 21 21 22 23 27 24 25 25 26 27 31 28 29 29 30 31 35 32 33 33 34 35 39 36 37 37 38 39 41 40 17 17 16 41 30 29 42 42 43 30 47 44 45 45 46 47 49 36 39 39 48 49 51 15 14 14 50 51 53 0 3 3 52 53 55 54 0 0 53 55 46 45 56 56 57 46 61 58 59 59 60 61 58 61 62 62 63 58 67 64 65 65 66 67 10 33 32 32 11 10 4 38 37 37 5 4 65 60 59 59 66 65 26 13 12 12 27 26 20 2 1 1 21 20 29 68 69 69 42 29 40 70 71 71 17 40 </p>
        </polylist>
      </mesh>
    </geometry>
    <geometry id="meshId1" name="meshId1_name" >
      <mesh>
        <source id="meshId1-positions" name="meshId1-positions">
          <float_array id="meshId1-positions-array" count="36"> 0.137286 -0.496986 0.221233 0.187598 -0.496986 0.221233 0.187598 0.0706178 0.221233 0.137286 0.0706178 0.221233 0.137286 0.0706178 0.165153 0.187598 0.0706178 0.165153 0.187598 -0.496986 0.165153 0.137286 -0.496986 0.165153 0.187598 -0.496986 0.221233 0.137286 -0.496986 0.221233 0.137286 -0.496986 0.165153 0.137286 0.0706178 0.165153 </float_array>
          <technique_common>
            <accessor count="12" offset="0" source="#meshId1-positions-array" stride="3">
              <param name="X" type="float" />
              <param name="Y" type="float" />
              <param name="Z" type="float" />
            </accessor>
          </technique_common>
        </source>
        <source id="meshId1-normals" name="meshId1-normals">
          <float_array id="meshId1-normals-array" count="36"> -0.742739 -0.0658351 0.666337 0.742739 -0.0658351 0.666337 0.744354 0 0.667785 -0.744354 0 0.667785 -0.744354 0 -0.667785 0.744354 0 -0.667785 0.742739 -0.0658351 -0.666337 -0.742739 -0.0658351 -0.666337 0.742739 -0.0658351 0.666337 -0.742739 -0.0658351 0.666337 -0.742739 -0.0658351 -0.666337 -0.744354 0 -0.667785 </float_array>
          <technique_common>
            <accessor count="12" offset="0" source="#meshId1-normals-array" stride="3">
              <param name="X" type="float" />
              <param name="Y" type="float" />
              <param name="Z" type="float" />
            </accessor>
          </technique_common>
        </source>
        <source id="meshId1-tangents" name="meshId1-tangents">
          <float_array id="meshId1-tangents-array" count="36"> 0.668119 -0.00713967 0.74402 0.668142 0.00766498 -0.743994 0.667785 0.000261316 -0.744354 0.667785 0.000263819 0.744354 -0.667785 0.000283865 0.744354 -0.667785 0.000260856 -0.744354 -0.669185 -0.0387436 -0.742085 -0.669581 0.0731402 0.739129 -0.669581 -0.0730553 0.739137 -0.669581 0.0730012 -0.739143 -0.663756 -0.0585908 0.745651 -0.667785 0.000243773 0.744354 </float_array>
          <technique_common>
            <accessor count="12" offset="0" source="#meshId1-tangents-array" stride="3">
              <param name="X" type="float" />
              <param name="Y" type="float" />
              <param name="Z" type="float" />
            </accessor>
          </technique_common>
        </source>
        <source id="meshId1-bitangents" name="meshId1-bitangents">
          <float_array id="meshId1-bitangents-array" count="36"> -0.0442252 0.997805 0.0492886 0.0438735 0.997801 0.0496803 -0.000174503 1 0.000194512 -0.000176175 1 -0.000196375 0.000189561 1 -0.000211296 0.000174196 1 0.000194169 0.023039 0.997078 -0.0728322 7.54073e-05 0.995146 -0.098406 1.82316e-05 -0.995153 -0.0983429 1.81571e-05 -0.995157 -0.0983027 -0.0881312 0.996109 -0.000180744 0.000162788 1 -0.000181453 </float_array>
          <technique_common>
            <accessor count="12" offset="0" source="#meshId1-bitangents-array" stride="3">
              <param name="X" type="float" />
              <param name="Y" type="float" />
              <param name="Z" type="float" />
            </accessor>
          </technique_common>
        </source>
        <source id="meshId1-tex0" name="meshId1-tex0">
          <float_array id="meshId1-tex0-array" count="24"> 0.0575485 0.540663 0.0720209 0.54066 0.072051 0.703935 0.0575785 0.703938 0.102655 0.70393 0.0881829 0.703932 0.0881528 0.540657 0.102625 0.540654 0.0881498 0.524525 0.102622 0.524522 0.0414166 0.540666 0.0414467 0.703941 </float_array>
          <technique_common>
            <accessor count="12" offset="0" source="#meshId1-tex0-array" stride="2">
              <param name="S" type="float" />
              <param name="T" type="float" />
            </accessor>
          </technique_common>
        </source>
        <vertices id="meshId1-vertices">
          <input semantic="POSITION" source="#meshId1-positions" />
        </vertices>
        <polylist count="10" material="defaultMaterial">
          <input offset="0" semantic="VERTEX" source="#meshId1-vertices" />
          <input offset="0" semantic="NORMAL" source="#meshId1-normals" />
          <input offset="0" semantic="TANGENT" source="#meshId1-tangents" />
          <input offset="0" semantic="BINORMAL" source="#meshId1-bitangents" />
          <input offset="0" semantic="TEXCOORD" source="#meshId1-tex0" set="0" />
          <vcount>3 3 3 3 3 3 3 3 3 3 </vcount>
          <p>3 0 1 1 2 3 7 4 5 5 6 7 9 7 6 6 8 9 2 1 6 6 5 2 11 10 0 0 3 11 </p>
        </polylist>
      </mesh>
    </geometry>
    <geometry id="meshId2" name="meshId2_name" >
      <mesh>
        <source id="meshId2-positions" name="meshId2-positions">
          <float_array id="meshId2-positions-array" count="36"> 0.137286 -0.496986 -0.825278 0.187598 -0.496986 -0.825278 0.187598 0.0706178 -0.825278 0.137286 0.0706178 -0.825278 0.137286 0.0706178 -0.881358 0.187598 0.0706178 -0.881358 0.187598 -0.496986 -0.881358 0.137286 -0.496986 -0.881358 0.137286 -0.496986 -0.881358 0.187598 -0.496986 -0.881358 0.137286 -0.496986 -0.825278 0.137286 0.0706178 -0.825278 </float_array>
          <technique_common>
            <accessor count="12" offset="0" source="#meshId2-positions-array" stride="3">
              <param name="X" type="float" />
              <param name="Y" type="float" />
              <param name="Z" type="float" />
            </accessor>
          </technique_common>
        </source>
        <source id="meshId2-normals" name="meshId2-normals">
          <float_array id="meshId2-normals-array" count="36"> -0.742739 -0.0658351 0.666336 0.742739 -0.0658351 0.666336 0.744354 0 0.667785 -0.744354 0 0.667785 -0.744354 0 -0.667785 0.744354 0 -0.667785 0.742739 -0.0658351 -0.666336 -0.742739 -0.0658351 -0.666336 -0.742739 -0.0658351 -0.666336 0.742739 -0.0658351 -0.666336 -0.742739 -0.0658351 0.666336 -0.744354 0 0.667785 </float_array>
          <technique_common>
            <accessor count="12" offset="0" source="#meshId2-normals-array" stride="3">
              <param name="X" type="float" />
              <param name="Y" type="float" />
              <param name="Z" type="float" />
            </accessor>
          </technique_common>
        </source>
        <source id="meshId2-tangents" name="meshId2-tangents">
          <float_array id="meshId2-tangents-array" count="36"> 0.669581 -0.072139 0.739228 0.669214 0.0400485 -0.74199 0.667784 0.00204926 -0.744352 0.667784 0.00215819 0.744352 -0.667784 0.00205034 0.744352 -0.667784 0.00205266 -0.744352 -0.668039 -0.00536618 -0.744107 -0.668219 0.00943143 0.743905 0.669581 -0.0732385 -0.739119 0.669581 0.0728184 0.739161 0.663563 0.0607442 0.74565 0.667784 0.00193597 0.744353 </float_array>
          <technique_common>
            <accessor count="12" offset="0" source="#meshId2-tangents-array" stride="3">
              <param name="X" type="float" />
              <param name="Y" type="float" />
              <param name="Z" type="float" />
            </accessor>
          </technique_common>
        </source>
        <source id="meshId2-bitangents" name="meshId2-bitangents">
          <float_array id="meshId2-bitangents-array" count="36"> -0.000598263 0.995219 0.0976623 0.0221632 0.997026 0.0738033 -0.00136847 0.999998 0.00152538 -0.00144121 0.999998 -0.00160645 0.00136919 0.999998 -0.00152618 0.00137074 0.999998 0.0015279 0.0454126 0.997816 -0.0479661 -0.0426905 0.997786 -0.0509973 -0.000141546 -0.995139 0.098479 -0.00014117 -0.99517 0.0981669 -0.089566 0.99598 -0.00143139 -0.00129281 0.999998 -0.00144105 </float_array>
          <technique_common>
            <accessor count="12" offset="0" source="#meshId2-bitangents-array" stride="3">
              <param name="X" type="float" />
              <param name="Y" type="float" />
              <param name="Z" type="float" />
            </accessor>
          </technique_common>
        </source>
        <source id="meshId2-tex0" name="meshId2-tex0">
          <float_array id="meshId2-tex0-array" count="24"> 0.50918 0.374991 0.523652 0.37497 0.523888 0.538245 0.509416 0.538266 0.554492 0.538201 0.54002 0.538222 0.539784 0.374947 0.554257 0.374926 0.509157 0.358859 0.523629 0.358838 0.570388 0.374902 0.570624 0.538178 </float_array>
          <technique_common>
            <accessor count="12" offset="0" source="#meshId2-tex0-array" stride="2">
              <param name="S" type="float" />
              <param name="T" type="float" />
            </accessor>
          </technique_common>
        </source>
        <vertices id="meshId2-vertices">
          <input semantic="POSITION" source="#meshId2-positions" />
        </vertices>
        <polylist count="10" material="defaultMaterial">
          <input offset="0" semantic="VERTEX" source="#meshId2-vertices" />
          <input offset="0" semantic="NORMAL" source="#meshId2-normals" />
          <input offset="0" semantic="TANGENT" source="#meshId2-tangents" />
          <input offset="0" semantic="BINORMAL" source="#meshId2-bitangents" />
          <input offset="0" semantic="TEXCOORD" source="#meshId2-tex0" set="0" />
          <vcount>3 3 3 3 3 3 3 3 3 3 </vcount>
          <p>3 0 1 1 2 3 7 4 5 5 6 7 0 8 9 9 1 0 2 1 6 6 5 2 4 7 10 10 11 4 </p>
        </polylist>
      </mesh>
    </geometry>
    <geometry id="meshId3" name="meshId3_name" >
      <mesh>
        <source id="meshId3-positions" name="meshId3-positions">
          <float_array id="meshId3-positions-array" count="36"> -0.606945 -0.496986 -0.825278 -0.556633 -0.496986 -0.825278 -0.556633 0.0706178 -0.825278 -0.606945 0.0706178 -0.825278 -0.606945 0.0706178 -0.881358 -0.556633 0.0706178 -0.881358 -0.556633 -0.496986 -0.881358 -0.606945 -0.496986 -0.881358 -0.606945 -0.496986 -0.881358 -0.556633 -0.496986 -0.825278 -0.606945 -0.496986 -0.825278 -0.556633 0.0706178 -0.825278 </float_array>
          <technique_common>
            <accessor count="12" offset="0" source="#meshId3-positions-array" stride="3">
              <param name="X" type="float" />
              <param name="Y" type="float" />
              <param name="Z" type="float" />
            </accessor>
          </technique_common>
        </source>
        <source id="meshId3-normals" name="meshId3-normals">
          <float_array id="meshId3-normals-array" count="36"> -0.742739 -0.0658351 0.666336 0.742739 -0.0658351 0.666336 0.744354 0 0.667785 -0.744354 0 0.667785 -0.744354 0 -0.667785 0.744354 0 -0.667785 0.742739 -0.0658351 -0.666336 -0.742739 -0.0658351 -0.666336 -0.742739 -0.0658351 -0.666336 0.742739 -0.0658351 0.666336 -0.742739 -0.0658351 0.666336 0.744354 0 0.667785 </float_array>
          <technique_common>
            <accessor count="12" offset="0" source="#meshId3-normals-array" stride="3">
              <param name="X" type="float" />
              <param name="Y" type="float" />
              <param name="Z" type="float" />
            </accessor>
          </technique_common>
        </source>
        <source id="meshId3-tangents" name="meshId3-tangents">
          <float_array id="meshId3-tangents-array" count="36"> -0.049094 0.997831 0.043864 0.0489202 0.997831 0.0440577 -8.46513e-05 1 9.43574e-05 -8.92235e-05 1 -9.94539e-05 8.92459e-05 1 -9.94789e-05 8.95049e-05 1 9.97675e-05 0.472333 0.756874 0.451711 -0.0489149 0.997831 -0.0440636 0.669581 -0.0730571 -0.739137 0.59416 0.523644 -0.61055 0.669581 -0.0729993 0.739143 -9.43404e-05 1 0.000105158 </float_array>
          <technique_common>
            <accessor count="12" offset="0" source="#meshId3-tangents-array" stride="3">
              <param name="X" type="float" />
              <param name="Y" type="float" />
              <param name="Z" type="float" />
            </accessor>
          </technique_common>
        </source>
        <source id="meshId3-bitangents" name="meshId3-bitangents">
          <float_array id="meshId3-bitangents-array" count="36"> -0.667779 -0.000133615 -0.74436 -0.667791 -0.000126056 0.744348 -0.667785 -0.000126764 0.744354 -0.667785 -0.000133611 -0.744354 0.667785 -0.000133645 -0.744354 0.667785 -0.000134032 0.744354 0.474594 -0.650237 0.593256 0.667792 -0.000134002 -0.744348 -1.94386e-05 -0.995152 0.0983442 -0.308727 0.84939 0.428047 -1.94237e-05 0.995157 0.0983013 -0.667785 -0.000141274 0.744354 </float_array>
          <technique_common>
            <accessor count="12" offset="0" source="#meshId3-bitangents-array" stride="3">
              <param name="X" type="float" />
              <param name="Y" type="float" />
              <param name="Z" type="float" />
            </accessor>
          </technique_common>
        </source>
        <source id="meshId3-tex0" name="meshId3-tex0">
          <float_array id="meshId3-tex0-array" count="24"> 0.222324 0.783852 0.222321 0.76938 0.385597 0.769349 0.3856 0.783821 0.385603 0.799953 0.385605 0.814426 0.22233 0.814457 0.222327 0.799984 0.207857 0.814459 0.222333 0.830588 0.20786 0.830591 0.385608 0.830558 </float_array>
          <technique_common>
            <accessor count="12" offset="0" source="#meshId3-tex0-array" stride="2">
              <param name="S" type="float" />
              <param name="T" type="float" />
            </accessor>
          </technique_common>
        </source>
        <vertices id="meshId3-vertices">
          <input semantic="POSITION" source="#meshId3-positions" />
        </vertices>
        <polylist count="10" material="defaultMaterial">
          <input offset="0" semantic="VERTEX" source="#meshId3-vertices" />
          <input offset="0" semantic="NORMAL" source="#meshId3-normals" />
          <input offset="0" semantic="TANGENT" source="#meshId3-tangents" />
          <input offset="0" semantic="BINORMAL" source="#meshId3-bitangents" />
          <input offset="0" semantic="TEXCOORD" source="#meshId3-tex0" set="0" />
          <vcount>3 3 3 3 3 3 3 3 3 3 </vcount>
          <p>3 0 1 1 2 3 7 4 5 5 6 7 10 8 6 6 9 10 11 9 6 6 5 11 4 7 0 0 3 4 </p>
        </polylist>
      </mesh>
    </geometry>
    <geometry id="meshId4" name="meshId4_name" >
      <mesh>
        <source id="meshId4-positions" name="meshId4-positions">
          <float_array id="meshId4-positions-array" count="36"> -0.606945 -0.496986 0.221233 -0.556633 -0.496986 0.221233 -0.556633 0.0706178 0.221233 -0.606945 0.0706178 0.221233 -0.606945 0.0706178 0.165153 -0.556633 0.0706178 0.165153 -0.556633 -0.496986 0.165153 -0.606945 -0.496986 0.165153 -0.606945 -0.496986 0.165153 -0.556633 -0.496986 0.165153 -0.606945 -0.496986 0.221233 -0.556633 0.0706178 0.165153 </float_array>
          <technique_common>
            <accessor count="12" offset="0" source="#meshId4-positions-array" stride="3">
              <param name="X" type="float" />
              <param name="Y" type="float" />
              <param name="Z" type="float" />
            </accessor>
          </technique_common>
        </source>
        <source id="meshId4-normals" name="meshId4-normals">
          <float_array id="meshId4-normals-array" count="36"> -0.742739 -0.0658351 0.666337 0.742739 -0.0658351 0.666337 0.744354 0 0.667785 -0.744354 0 0.667785 -0.744354 0 -0.667785 0.744354 0 -0.667785 0.742739 -0.0658351 -0.666337 -0.742739 -0.0658351 -0.666337 -0.742739 -0.0658351 -0.666337 0.742739 -0.0658351 -0.666337 -0.742739 -0.0658351 0.666337 0.744354 0 -0.667785 </float_array>
          <technique_common>
            <accessor count="12" offset="0" source="#meshId4-normals-array" stride="3">
              <param name="X" type="float" />
              <param name="Y" type="float" />
              <param name="Z" type="float" />
            </accessor>
          </technique_common>
        </source>
        <source id="meshId4-tangents" name="meshId4-tangents">
          <float_array id="meshId4-tangents-array" count="36"> 0.0489668 -0.997831 -0.0440059 -0.47231 -0.756906 0.451681 -3.83957e-05 -1 4.27981e-05 -3.80694e-05 -1 -4.24345e-05 3.77286e-05 -1 -4.20546e-05 3.55e-05 -1 3.95704e-05 -0.0489687 -0.997831 0.0440037 0.0490423 -0.997831 0.0439216 -0.669581 0.0730166 0.739141 -0.59417 -0.523616 -0.610564 -0.669581 0.0730395 -0.739139 4.06466e-05 -1 4.53072e-05 </float_array>
          <technique_common>
            <accessor count="12" offset="0" source="#meshId4-tangents-array" stride="3">
              <param name="X" type="float" />
              <param name="Y" type="float" />
              <param name="Z" type="float" />
            </accessor>
          </technique_common>
        </source>
        <source id="meshId4-bitangents" name="meshId4-bitangents">
          <float_array id="meshId4-bitangents-array" count="36"> 0.667788 -5.64866e-05 0.744351 0.474618 -0.650199 -0.593278 0.667785 -5.7497e-05 -0.744354 0.667785 -5.70085e-05 0.744354 -0.667785 -5.64981e-05 0.744354 -0.667785 -5.31607e-05 -0.744354 -0.667788 -5.35995e-05 -0.744351 -0.667783 -5.63972e-05 0.744356 -7.7486e-06 0.995156 -0.0983142 -0.308708 0.849407 -0.428027 -7.61822e-06 -0.995154 -0.0983312 -0.667785 -6.08678e-05 -0.744354 </float_array>
          <technique_common>
            <accessor count="12" offset="0" source="#meshId4-bitangents-array" stride="3">
              <param name="X" type="float" />
              <param name="Y" type="float" />
              <param name="Z" type="float" />
            </accessor>
          </technique_common>
        </source>
        <source id="meshId4-tex0" name="meshId4-tex0">
          <float_array id="meshId4-tex0-array" count="24"> 0.422568 0.0896651 0.422567 0.104137 0.259292 0.104124 0.259293 0.089652 0.259294 0.0735202 0.259295 0.0590476 0.422571 0.0590607 0.42257 0.0735332 0.437038 0.120271 0.422566 0.120269 0.43704 0.104139 0.25929 0.120256 </float_array>
          <technique_common>
            <accessor count="12" offset="0" source="#meshId4-tex0-array" stride="2">
              <param name="S" type="float" />
              <param name="T" type="float" />
            </accessor>
          </technique_common>
        </source>
        <vertices id="meshId4-vertices">
          <input semantic="POSITION" source="#meshId4-positions" />
        </vertices>
        <polylist count="10" material="defaultMaterial">
          <input offset="0" semantic="VERTEX" source="#meshId4-vertices" />
          <input offset="0" semantic="NORMAL" source="#meshId4-normals" />
          <input offset="0" semantic="TANGENT" source="#meshId4-tangents" />
          <input offset="0" semantic="BINORMAL" source="#meshId4-bitangents" />
          <input offset="0" semantic="TEXCOORD" source="#meshId4-tex0" set="0" />
          <vcount>3 3 3 3 3 3 3 3 3 3 </vcount>
          <p>3 0 1 1 2 3 7 4 5 5 6 7 10 8 9 9 1 10 2 1 9 9 11 2 4 7 0 0 3 4 </p>
        </polylist>
      </mesh>
    </geometry>
    <geometry id="meshId5" name="meshId5_name" >
      <mesh>
        <source id="meshId5-positions" name="meshId5-positions">
          <float_array id="meshId5-positions-array" count="318"> -0.660485 0.0611948 -0.596847 -0.595206 -0.118765 -0.596847 -0.595206 -0.118765 -0.82474 -0.660485 0.0611948 -0.724827 -0.65108 0.684633 -0.596847 -0.652287 0.584005 -0.596847 -0.652287 0.584005 -0.73276 -0.65108 0.684633 -0.7292 -0.68842 0.404953 -0.596847 -0.683248 0.204073 -0.596847 -0.683248 0.204073 -0.720963 -0.68842 0.404953 -0.711998 -0.592808 -0.543141 -0.82474 -0.595206 -0.118765 -0.82474 -0.548689 -0.117452 -0.82474 -0.548689 -0.543141 -0.82474 -0.595206 -0.118765 -0.82474 -0.595206 -0.118765 -0.596847 -0.548689 -0.117452 -0.596847 -0.548689 -0.117452 -0.82474 -0.595206 -0.118765 -0.368955 -0.592808 -0.543141 -0.368955 -0.548689 -0.543141 -0.368955 -0.548689 -0.117452 -0.368955 -0.712795 0.676906 -0.669302 -0.712795 0.676906 -0.596847 -0.65108 0.684633 -0.596847 -0.65108 0.684633 -0.7292 -0.683272 -0.10992 -0.596847 -0.712795 0.676906 -0.596847 -0.712795 0.676906 -0.669302 -0.683272 -0.10992 -0.697586 -0.684952 0.566306 -0.70177 -0.684952 0.566306 -0.596847 -0.925884 -0.543141 -0.432212 -0.862627 -0.543141 -0.368955 -0.863008 -0.156542 -0.368955 -0.925884 -0.173839 -0.43183 -0.925884 -0.173839 -0.43183 -0.863008 -0.156542 -0.368955 -0.840988 0.00982473 -0.468868 -0.905867 -0.0074118 -0.529732 -0.861301 -0.156542 -0.82474 -0.925884 -0.156542 -0.760157 -0.905867 -0.0074118 -0.663962 -0.840988 0.00982473 -0.724827 -0.925884 -0.156542 -0.760157 -0.861301 -0.156542 -0.82474 -0.862627 -0.543141 -0.82474 -0.925884 -0.543141 -0.761483 -0.879628 0.204073 -0.657771 -0.816547 0.19939 -0.721056 -0.874455 0.404953 -0.648602 -0.811105 0.404818 -0.712005 -0.877923 0.566306 -0.638391 -0.814657 0.566306 -0.70177 -0.879628 0.204073 -0.536048 -0.816424 0.199381 -0.472638 -0.811105 0.404818 -0.48169 -0.874455 0.404953 -0.545092 -0.814657 0.566306 -0.491925 -0.877923 0.566306 -0.555303 -0.910588 0.584005 -0.66945 -0.847313 0.584005 -0.73276 -0.847313 0.584005 -0.460935 -0.910588 0.584005 -0.524245 -0.812924 0.676906 -0.524393 -0.85088 0.676906 -0.564667 -0.911795 0.684633 -0.52777 -0.848556 0.684633 -0.464495 -0.863716 -0.10992 -0.571545 -0.85088 0.676906 -0.564667 -0.812924 0.676906 -0.524393 -0.816348 -0.10992 -0.496109 -0.812924 0.676906 -0.669302 -0.850882 0.676906 -0.629018 -0.863716 -0.10992 -0.62215 -0.816348 -0.10992 -0.697586 -0.911795 0.684633 -0.665925 -0.848556 0.684633 -0.7292 -0.848556 0.684633 -0.464495 -0.911795 0.684633 -0.52777 -0.595206 -0.118765 -0.368955 -0.660485 0.0611948 -0.468868 -0.595206 -0.118765 -0.82474 -0.660485 0.0611948 -0.724827 -0.652287 0.584005 -0.73276 -0.65108 0.684633 -0.7292 -0.652287 0.584005 -0.460935 -0.65108 0.684633 -0.464495 -0.683248 0.204073 -0.472731 -0.68842 0.404953 -0.481696 -0.68842 0.404953 -0.711998 -0.683248 0.204073 -0.720963 -0.712795 0.676906 -0.524393 -0.65108 0.684633 -0.464495 -0.712795 0.676906 -0.524393 -0.683272 -0.10992 -0.496109 -0.684952 0.566306 -0.491925 -0.684952 0.566306 -0.70177 -0.848556 0.684633 -0.7292 -0.812924 0.676906 -0.669302 -0.911795 0.684633 -0.665925 -0.850882 0.676906 -0.629018 -0.712795 0.676906 -0.524393 -0.683272 -0.10992 -0.496109 </float_array>
          <technique_common>
            <accessor count="106" offset="0" source="#meshId5-positions-array" stride="3">
              <param name="X" type="float" />
              <param name="Y" type="float" />
              <param name="Z" type="float" />
            </accessor>
          </technique_common>
        </source>
        <source id="meshId5-normals" name="meshId5-normals">
          <float_array id="meshId5-normals-array" count="318"> 0.960554 0.278094 0 0.819099 0.573653 0 0.112663 0.24039 -0.964116 0.560589 0.428048 -0.708883 0.89989 0.436117 1.99279e-07 0.96734 -0.253481 0 0.549882 -0.16457 -0.818869 0.543206 0.330823 -0.771675 0.999984 0.00567604 0 0.996576 0.0826811 0 0.60617 0.0776884 -0.791532 0.662839 0.0436825 -0.747487 -1.2693e-09 0 -1 0.112663 0.24039 -0.964116 -0.0137949 0.488826 -0.872272 -1.16859e-06 0 -1 0.112663 0.24039 -0.964116 0.819099 0.573653 0 -0.0282072 0.999602 0 -0.0137949 0.488826 -0.872272 0.112347 0.240087 0.964228 -4.99159e-09 0 1 -5.84865e-09 0 1 -0.0137939 0.488826 0.872272 -0.589392 0.140073 0.795611 -0.998513 0.0545151 4.07615e-08 0.89989 0.436117 1.99279e-07 0.543206 0.330823 -0.771675 -0.999297 -0.0374953 0 -0.998513 0.0545151 4.07615e-08 -0.589392 0.140073 0.795611 -0.595834 -0.0511677 0.801476 0.620733 -0.351612 -0.700756 0.977258 -0.212053 0 -0.987318 -0.000160132 0.158753 -0.176421 -0.000178145 0.984315 -0.190378 0.138701 0.971863 -0.979303 0.0567443 0.194282 -0.979303 0.0567443 0.194282 -0.190378 0.138701 0.971863 -0.309515 0.358512 0.880721 -0.96246 0.180577 0.202639 -0.19503 0.133044 -0.971732 -0.978368 0.0659205 -0.196087 -0.96375 0.181592 -0.195474 -0.299629 0.35979 -0.883614 -0.978368 0.0659205 -0.196087 -0.19503 0.133044 -0.971732 -0.182713 0.000626775 -0.983166 -0.98644 0.000563147 -0.164122 -0.941364 0.085333 -0.326423 -0.299785 0.0546355 -0.952441 -0.933798 0.0249693 -0.356928 -0.309769 0.0517549 -0.949402 -0.898458 -0.285743 -0.333352 -0.299952 -0.247112 -0.921393 -0.941345 0.0853287 0.326479 -0.299939 0.0546478 0.952392 -0.309997 0.0516504 0.949334 -0.933733 0.0248599 0.357106 -0.299952 -0.247112 0.921393 -0.898458 -0.285743 0.333352 -0.919002 -0.245862 -0.308199 -0.24328 -0.19487 -0.950179 -0.24328 -0.194871 0.950179 -0.919002 -0.245862 0.308199 0.340691 0.0986313 -0.934987 0.930224 0.122985 -0.345773 -0.892115 0.366864 0.263709 -0.220568 0.389739 0.894122 0.938639 -0.0172041 -0.344473 0.930224 0.122985 -0.345773 0.340691 0.0986313 -0.934987 0.337892 -0.0317381 -0.94065 0.340715 0.0986343 0.934978 0.930233 0.122985 0.345748 0.938646 -0.0172056 0.344453 0.337916 -0.0317391 0.940641 -0.89211 0.366876 -0.263707 -0.220565 0.389751 -0.894117 -0.220568 0.389739 0.894122 -0.892115 0.366864 0.263709 0.112347 0.240087 0.964228 0.559964 0.428475 0.709119 0.112663 0.24039 -0.964116 0.560589 0.428048 -0.708883 0.549882 -0.16457 -0.818869 0.543206 0.330823 -0.771675 0.549882 -0.164571 0.818869 0.543206 0.330824 0.771675 0.60635 0.0777001 0.791393 0.662933 0.0436802 0.747403 0.662839 0.0436825 -0.747487 0.60617 0.0776884 -0.791532 -0.589392 0.140073 -0.795611 0.543206 0.330824 0.771675 -0.589392 0.140073 -0.795611 -0.595835 -0.0511676 -0.801475 0.620734 -0.351612 0.700756 0.620733 -0.351612 -0.700756 -0.220565 0.389751 -0.894117 0.340715 0.0986343 0.934978 -0.89211 0.366876 -0.263707 0.930233 0.122985 0.345748 -0.589392 0.140073 -0.795611 -0.595835 -0.0511676 -0.801475 </float_array>
          <technique_common>
            <accessor count="106" offset="0" source="#meshId5-normals-array" stride="3">
              <param name="X" type="float" />
              <param name="Y" type="float" />
              <param name="Z" type="float" />
            </accessor>
          </technique_common>
        </source>
        <source id="meshId5-tangents" name="meshId5-tangents">
          <float_array id="meshId5-tangents-array" count="318"> -0.0832377 0.287509 0.954154 -0.187722 0.268041 0.944942 -0.0249495 0.970672 0.239109 0.300108 0.692832 0.655683 0.123721 -0.255287 0.958917 -0.0645699 -0.246413 0.967011 0.572699 -0.639357 0.513068 0.824311 -0.0355444 0.56502 0.000380238 -0.0669889 0.997754 -0.0118297 0.142586 0.989712 0.718954 0.37204 0.587104 0.748761 -0.0402049 0.661619 -0.999924 -0.0123048 1.2692e-09 -0.993561 0.0155934 -0.112216 -0.999847 -0.0161048 0.00678726 -0.999924 -0.0123045 1.1685e-06 0.992931 0.00924782 0.118336 0.571993 -0.816728 0.0760215 0.998723 0.0281824 0.0419212 0.998887 0.0460856 0.0100293 0.993656 -0.0320728 -0.10779 0.999906 -0.0137222 4.99112e-09 0.999906 -0.0137231 5.8481e-09 0.999897 0.00338166 0.013917 0.806892 0.149969 0.571345 0.0545147 0.998513 0.000714919 0.436117 -0.89989 0.000393023 0.835131 -0.1182 0.537201 0.00301855 -0.0804483 0.996754 -0.00437026 -0.0800476 0.996781 0.791042 -0.0997662 0.603572 0.80297 -0.0563782 0.593346 0.411301 -0.61489 0.672861 -0.0451654 -0.208147 0.977054 0.158735 -0.0159386 0.987193 0.984198 -0.0154595 0.176397 0.97935 -0.0417828 0.197808 0.194541 -0.000974796 0.980894 -0.201929 -0.208497 -0.95695 -0.980696 -0.0718575 -0.181854 -0.943835 -0.00317738 -0.330402 -0.226977 -0.126077 -0.965705 0.919676 -0.319476 -0.228323 0.185081 -0.144525 -0.972038 0.168961 -0.151623 -0.97389 0.843447 -0.332962 -0.421584 -0.198441 -0.0312237 0.979615 -0.979933 0.0151628 0.198752 -0.983069 -0.0141756 0.182686 -0.16411 -0.0155911 0.986319 0.317428 -0.103861 -0.942577 0.926252 -0.222395 -0.3043 0.357122 0.00364362 -0.934051 0.950745 0.00500803 -0.309934 0.334368 0.0467655 -0.941282 0.927641 0.149733 -0.342143 -0.33322 -0.0824276 -0.939239 -0.953814 -0.0345481 -0.298405 -0.950448 -0.0414856 -0.308104 -0.357835 -0.0374103 -0.933035 -0.94818 -0.0288833 -0.316419 -0.345739 -0.00753111 -0.9383 0.309992 0.0323897 -0.950187 0.937569 0.203782 -0.281844 -0.959819 -0.0928894 -0.264799 -0.324748 0.0288188 -0.945361 0.939907 -0.0594837 0.336209 0.355211 -0.538547 0.764063 0.44745 0.636511 0.628206 0.973565 0.0322018 0.226129 -0.343689 0.0370364 -0.938353 -0.352774 0.0399321 -0.934856 -0.940054 0.0516925 -0.337084 -0.938283 0.0670617 -0.339304 0.938925 0.015402 -0.343778 0.345277 0.0258023 -0.938146 0.344822 0.0282114 -0.938244 0.94116 0.00549289 -0.337917 0.326182 0.119094 -0.937775 0.975228 0.103884 -0.19529 -0.964583 0.0488065 -0.259224 -0.298318 -0.0399396 -0.953631 -0.983257 0.16697 0.0729897 -0.812781 0.118071 0.570479 0.875416 -0.48303 -0.0181391 0.746098 -0.632478 0.208107 0.805513 0.363729 0.467814 0.801664 0.068784 0.593804 -0.833028 -0.179392 0.523337 -0.694884 -0.338711 0.634359 -0.795197 0.0607022 0.603305 -0.74233 -0.0913794 0.663774 0.748015 0.00595068 0.663655 0.774258 -0.285239 0.564945 0.806888 0.150054 -0.571328 0.83514 -0.118296 -0.537167 -0.804913 -0.0179671 0.59312 -0.800098 0.124127 0.586886 -0.778217 -0.167758 0.605174 0.758521 0.495428 0.423315 0.973569 0.0322499 -0.226107 0.939897 -0.0595501 -0.336226 0.447458 0.636513 -0.628199 0.355 -0.540261 -0.76295 -0.797681 0.054842 0.600581 -0.780061 -0.200486 0.592714 </float_array>
          <technique_common>
            <accessor count="106" offset="0" source="#meshId5-tangents-array" stride="3">
              <param name="X" type="float" />
              <param name="Y" type="float" />
              <param name="Z" type="float" />
            </accessor>
          </technique_common>
        </source>
        <source id="meshId5-bitangents" name="meshId5-bitangents">
          <float_array id="meshId5-bitangents-array" count="318"> 0.265344 -0.916517 0.299315 0.542068 -0.774 0.327239 0.99332 -0.00288456 0.115357 0.7718 -0.58031 0.259934 0.4182 -0.86292 -0.283687 -0.245119 -0.935429 -0.254733 -0.607985 -0.751092 -0.257322 0.159493 -0.943023 -0.292009 0.00566329 -0.997738 -0.06699 0.0818305 -0.986323 0.143076 0.340093 -0.92496 0.169665 -0.00115148 -0.998236 -0.0593571 -0.0123048 0.999924 1.56185e-11 -0.0119418 0.970551 0.240599 -0.01073 0.872233 0.488974 -0.0123045 0.999924 1.43789e-08 0.0373628 -0.970632 -0.237649 0.0436099 -0.0622691 -0.997106 0.0419045 0.00118248 -0.999121 0.0451018 -0.871163 -0.488918 0.00504648 0.970221 -0.242167 0.0137222 0.999906 6.84958e-11 0.0137231 0.999906 8.02617e-11 0.00385328 0.872375 -0.488823 -0.0392873 0.978718 -0.201414 3.89332e-05 0.000713858 -1 0.000171583 -0.000353591 -1 0.0865069 -0.936261 -0.340488 -0.0373736 0.996053 0.0805049 0.0543397 0.995299 0.0801668 0.163919 0.985102 -0.0520023 0.0148256 0.997097 0.0746782 -0.667474 -0.705889 -0.237065 -0.207187 -0.954834 -0.212991 0.00237221 0.999873 0.0157618 0.0151856 0.99988 0.0029027 0.0680434 0.989452 -0.127882 0.0558495 0.998388 -0.0100845 -0.0137941 -0.976375 0.21564 0.0446125 -0.987724 0.149704 -0.115655 -0.93352 0.339359 -0.148836 -0.975447 0.162331 -0.340822 -0.938208 -0.0600497 -0.0924167 -0.987303 0.129198 -0.206489 -0.971614 0.115445 -0.445892 -0.8716 -0.203699 0.0584542 0.997336 0.0436296 0.0411769 0.990994 0.127417 -0.0138225 0.999899 0.00320624 -0.0020034 0.999878 0.0154721 -0.114336 -0.990924 0.070684 -0.228444 -0.973424 0.0160647 -0.0220221 -0.999682 -0.0123195 -0.011286 -0.998647 -0.0507571 0.284554 -0.957165 0.0535264 0.222511 -0.957348 0.184318 -0.0532332 -0.992937 0.106026 0.0165962 -0.997908 0.0624862 0.02347 -0.997803 0.0619515 -0.00983577 -0.998991 0.043827 0.104804 -0.968556 -0.225643 0.270623 -0.958277 -0.0920262 0.243597 -0.968764 0.0464489 0.248553 -0.959426 0.133128 0.139863 -0.97642 -0.164443 0.223546 -0.968876 -0.106328 -0.0224558 -0.993345 -0.11297 -0.0922469 -0.833572 -0.544654 0.062612 0.678428 -0.731994 0.0593388 0.920362 -0.386539 0.0289016 0.999166 0.0288509 -0.101165 0.991605 0.0805316 0.0150847 0.993781 0.11033 0.0738504 0.997244 -0.00711974 -0.0483089 0.995005 -0.0873625 -0.124299 0.992073 -0.0184619 0.00642552 0.999454 0.0324134 0.00555831 0.999481 0.0317277 -0.312641 -0.922615 -0.225914 0.0167698 -0.915042 -0.40301 -0.144669 -0.919631 0.36517 -0.33932 -0.929417 0.145073 -0.143474 -0.956284 0.254826 0.160709 -0.895806 0.414372 -0.470057 -0.841959 -0.264861 -0.359273 -0.645559 -0.673926 0.220859 -0.916852 0.332572 0.249523 -0.941182 -0.227845 0.0607724 -0.969915 -0.235737 0.471236 -0.880813 0.0458942 -0.00116244 -0.995127 0.0985937 0.0972911 -0.994858 -0.0281533 0.0334381 -0.999028 -0.0287308 -0.181886 -0.955303 -0.233054 0.0393571 -0.978705 -0.201464 -0.0864213 0.936249 -0.340543 0.0687854 0.989978 0.123336 0.0694551 0.990946 -0.114898 -0.0952291 -0.920992 -0.377763 0.198332 -0.794304 0.574234 -0.0592902 -0.920355 -0.386563 0.0225147 0.99334 -0.112996 -0.0626185 -0.67842 -0.732001 0.0929624 0.832462 -0.546229 0.127758 0.988621 0.0794103 -0.191012 0.978359 0.0795426 </float_array>
          <technique_common>
            <accessor count="106" offset="0" source="#meshId5-bitangents-array" stride="3">
              <param name="X" type="float" />
              <param name="Y" type="float" />
              <param name="Z" type="float" />
            </accessor>
          </technique_common>
        </source>
        <source id="meshId5-tex0" name="meshId5-tex0">
          <float_array id="meshId5-tex0-array" count="212"> 0.714257 0.236907 0.693287 0.281734 0.636459 0.263827 0.680419 0.227158 0.70643 0.0756443 0.71689 0.100645 0.681688 0.110499 0.6735 0.0860797 0.726859 0.149096 0.723463 0.200711 0.690253 0.196428 0.696117 0.151512 0.242589 0.622612 0.241777 0.744686 0.228392 0.744899 0.229899 0.622456 0.536115 0.87974 0.538863 0.814242 0.552238 0.814804 0.54949 0.880301 0.541612 0.748745 0.543977 0.626691 0.556667 0.626865 0.554986 0.749306 0.558703 0.602876 0.558731 0.582053 0.576643 0.582055 0.576497 0.620216 0.680667 0.143199 0.675026 0.21304 0.668599 0.21252 0.671731 0.142477 0.692832 0.116301 0.72025 0.109432 0.440638 0.625265 0.466369 0.625626 0.464733 0.736822 0.439227 0.731489 0.814586 0.314979 0.794706 0.315011 0.798974 0.260529 0.824148 0.264087 0.909688 0.29468 0.88816 0.298498 0.859922 0.259956 0.882316 0.249245 0.34472 0.735112 0.318449 0.734762 0.320199 0.623567 0.34593 0.623909 0.849034 0.200447 0.873107 0.198205 0.843048 0.144232 0.867071 0.144377 0.842276 0.0987653 0.870109 0.101383 0.816378 0.203437 0.792179 0.206157 0.790221 0.145763 0.814636 0.144671 0.788614 0.0986494 0.817509 0.0988213 0.848457 0.087535 0.868238 0.0903801 0.793391 0.0881118 0.813333 0.0865568 0.529926 0.561228 0.519021 0.572797 0.501377 0.562128 0.519633 0.543873 0.647464 0.142733 0.649041 0.212746 0.644121 0.212943 0.639543 0.143028 0.659689 0.212456 0.654765 0.212567 0.651965 0.142592 0.659889 0.142392 0.851071 0.0607326 0.874799 0.0640652 0.791773 0.0594387 0.815579 0.0594393 0.735939 0.304392 0.748151 0.247474 0.963261 0.25594 0.922982 0.219568 0.915906 0.103252 0.925398 0.077842 0.746754 0.0899991 0.738881 0.0643302 0.756332 0.205414 0.757252 0.147608 0.900991 0.145264 0.907767 0.190195 0.558709 0.561229 0.576508 0.543893 0.635232 0.213564 0.627729 0.143853 0.750443 0.100388 0.904648 0.10918 0.519627 0.620223 0.529918 0.602871 0.501383 0.601969 0.519014 0.591295 0.681453 0.213559 0.689602 0.143921 </float_array>
          <technique_common>
            <accessor count="106" offset="0" source="#meshId5-tex0-array" stride="2">
              <param name="S" type="float" />
              <param name="T" type="float" />
            </accessor>
          </technique_common>
        </source>
        <vertices id="meshId5-vertices">
          <input semantic="POSITION" source="#meshId5-positions" />
        </vertices>
        <polylist count="130" material="defaultMaterial">
          <input offset="0" semantic="VERTEX" source="#meshId5-vertices" />
          <input offset="0" semantic="NORMAL" source="#meshId5-normals" />
          <input offset="0" semantic="TANGENT" source="#meshId5-tangents" />
          <input offset="0" semantic="BINORMAL" source="#meshId5-bitangents" />
          <input offset="0" semantic="TEXCOORD" source="#meshId5-tex0" set="0" />
          <vcount>3 3 3 3 3 3 3 3 3 3 3 3 3 3 3 3 3 3 3 3 3 3 3 3 3 3 3 3 3 3 3 3 3 3 3 3 3 3 3 3 3 3 3 3 3 3 3 3 3 3 3 3 3 3 3 3 3 3 3 3 3 3 3 3 3 3 3 3 3 3 3 3 3 3 3 3 3 3 3 3 3 3 3 3 3 3 3 3 3 3 3 3 3 3 3 3 3 3 3 3 3 3 3 3 3 3 3 3 3 3 3 3 3 3 3 3 3 3 3 3 3 3 3 3 3 3 3 3 3 3 </vcount>
          <p>3 0 1 1 2 3 7 4 5 5 6 7 11 8 9 9 10 11 10 9 0 0 3 10 15 12 13 13 14 15 19 16 17 17 18 19 23 20 21 21 22 23 27 24 25 25 26 27 31 28 29 29 30 31 8 11 32 32 33 8 6 5 33 33 32 6 37 34 35 35 36 37 41 38 39 39 40 41 45 42 43 43 44 45 49 46 47 47 48 49 51 45 44 44 50 51 53 51 50 50 52 53 55 53 52 52 54 55 59 56 57 57 58 59 40 57 56 56 41 40 61 59 58 58 60 61 63 55 54 54 62 63 65 61 60 60 64 65 69 66 67 67 68 69 73 70 71 71 72 73 77 74 75 75 76 77 79 63 62 62 78 79 81 65 64 64 80 81 20 36 35 35 21 20 48 47 13 13 12 48 37 46 49 49 34 37 40 39 82 82 83 40 85 84 42 42 45 85 44 43 38 38 41 44 87 86 63 63 79 87 78 62 65 65 81 78 80 64 88 88 89 80 44 41 56 56 50 44 50 56 59 59 52 50 91 58 57 57 90 91 90 57 40 40 83 90 53 92 93 93 51 53 51 93 85 85 45 51 95 94 66 66 69 95 73 72 96 96 97 73 31 30 74 74 77 31 54 52 59 59 61 54 58 91 98 98 60 58 99 92 53 53 55 99 86 99 55 55 63 86 101 24 27 27 100 101 62 54 61 61 65 62 64 60 98 98 88 64 100 102 103 103 101 100 76 75 71 71 70 76 103 102 68 68 67 103 105 104 29 29 28 105 95 26 25 25 94 95 89 88 5 5 4 89 88 98 33 33 5 88 91 8 33 33 98 91 8 91 90 90 9 8 9 90 83 83 0 9 83 82 1 1 0 83 23 18 17 17 20 23 </p>
        </polylist>
      </mesh>
    </geometry>
    <geometry id="meshId6" name="meshId6_name" >
      <mesh>
        <source id="meshId6-positions" name="meshId6-positions">
          <float_array id="meshId6-positions-array" count="54"> -0.591072 0.0209257 0.0152259 -0.587565 0.0126813 0.00803586 -0.61773 0.0130416 0.164362 -0.634963 0.0214499 0.163597 -0.589749 0.0209254 -0.502951 -0.586656 0.0126811 -0.503393 -0.58696 0.0126811 -0.329956 -0.590191 0.0209253 -0.329683 -0.589311 0.0209256 -0.67478 -0.586355 0.0126813 -0.677007 -0.632446 0.0189327 -0.82277 -0.616 0.0113116 -0.824141 -0.549093 -0.00692398 -0.827155 -0.549093 -0.00692398 -0.6819 -0.549093 -0.00692398 -0.504365 -0.549093 -0.00692398 -0.330555 -0.549093 -0.00692398 -0.00776532 -0.549093 -0.00692398 0.166045 </float_array>
          <technique_common>
            <accessor count="18" offset="0" source="#meshId6-positions-array" stride="3">
              <param name="X" type="float" />
              <param name="Y" type="float" />
              <param name="Z" type="float" />
            </accessor>
          </technique_common>
        </source>
        <source id="meshId6-normals" name="meshId6-normals">
          <float_array id="meshId6-normals-array" count="54"> -0.773032 -0.626299 -0.100852 -0.508435 -0.860864 -0.020182 -0.414776 -0.908155 -0.0567049 -0.64729 -0.746285 -0.155158 -0.936239 -0.351358 -0.0020104 -0.564398 -0.825503 -0.000701989 -0.560029 -0.828473 -0.000716231 -0.928558 -0.371181 -0.00201224 -0.807855 -0.583785 0.0810215 -0.467684 -0.883234 0.0341979 -0.607227 -0.778534 0.15862 -0.400605 -0.913919 0.0653228 -0.338579 -0.94014 0.0387327 -0.394761 -0.91853 0.0215908 -0.462733 -0.886497 -0.000401235 -0.458442 -0.888725 -0.000413038 -0.426077 -0.904638 -0.00943132 -0.349972 -0.936249 -0.0309559 </float_array>
          <technique_common>
            <accessor count="18" offset="0" source="#meshId6-normals-array" stride="3">
              <param name="X" type="float" />
              <param name="Y" type="float" />
              <param name="Z" type="float" />
            </accessor>
          </technique_common>
        </source>
        <source id="meshId6-tangents" name="meshId6-tangents">
          <float_array id="meshId6-tangents-array" count="54"> -0.0852776 -0.0549407 0.994841 -0.039314 -0.000206493 0.999227 -0.0818515 -0.0248273 0.996335 -0.131445 -0.0912202 0.987118 5.01814e-05 -0.00585543 0.999983 0.00287928 -0.00281894 0.999992 -0.00106051 -0.000147639 0.999999 -0.00187498 -0.000730657 0.999998 0.0651843 0.0481266 0.996712 0.0482708 0.0131105 0.998748 0.126109 0.102669 0.986689 0.0848727 0.0339733 0.995812 0.0663222 0.017217 0.99765 0.0392468 0.00661995 0.999208 0.0038817 -0.00247877 0.999989 -0.00069633 -0.000105557 1 -0.0281065 0.00281658 0.999601 -0.0738865 -0.00535399 0.997252 </float_array>
          <technique_common>
            <accessor count="18" offset="0" source="#meshId6-tangents-array" stride="3">
              <param name="X" type="float" />
              <param name="Y" type="float" />
              <param name="Z" type="float" />
            </accessor>
          </technique_common>
        </source>
        <source id="meshId6-bitangents" name="meshId6-bitangents">
          <float_array id="meshId6-bitangents-array" count="54"> -0.628608 0.777645 -0.0109383 -0.860203 0.508835 -0.033739 -0.906235 0.417898 -0.064036 -0.750825 0.659346 -0.0390495 -0.351363 0.936223 0.00549972 -0.825498 0.564391 0.00396785 -0.828473 0.560029 -0.000795921 -0.371181 0.92856 -1.74973e-05 -0.585765 0.810481 -0.000825688 -0.882577 0.468749 0.0365029 -0.784456 0.619148 0.0358364 -0.912312 0.404471 0.0639569 -0.938598 0.340352 0.0565228 -0.917945 0.395295 0.0334361 -0.886489 0.462727 0.00458813 -0.888724 0.458442 -0.000570454 -0.90425 0.426172 -0.0266263 -0.933842 0.351297 -0.0673024 </float_array>
          <technique_common>
            <accessor count="18" offset="0" source="#meshId6-bitangents-array" stride="3">
              <param name="X" type="float" />
              <param name="Y" type="float" />
              <param name="Z" type="float" />
            </accessor>
          </technique_common>
        </source>
        <source id="meshId6-tex0" name="meshId6-tex0">
          <float_array id="meshId6-tex0-array" count="36"> 0.172412 0.742388 0.171045 0.740628 0.201855 0.744033 0.202036 0.747758 0.0716186 0.742407 0.0715377 0.740697 0.105222 0.740841 0.10527 0.742559 0.0382139 0.742115 0.037736 0.740424 0.00871153 0.747572 0.00870335 0.74404 0.00901532 0.730604 0.0370374 0.732199 0.0713715 0.732477 0.105126 0.732555 0.167747 0.732314 0.201142 0.730222 </float_array>
          <technique_common>
            <accessor count="18" offset="0" source="#meshId6-tex0-array" stride="2">
              <param name="S" type="float" />
              <param name="T" type="float" />
            </accessor>
          </technique_common>
        </source>
        <vertices id="meshId6-vertices">
          <input semantic="POSITION" source="#meshId6-positions" />
        </vertices>
        <polylist count="20" material="defaultMaterial">
          <input offset="0" semantic="VERTEX" source="#meshId6-vertices" />
          <input offset="0" semantic="NORMAL" source="#meshId6-normals" />
          <input offset="0" semantic="TANGENT" source="#meshId6-tangents" />
          <input offset="0" semantic="BINORMAL" source="#meshId6-bitangents" />
          <input offset="0" semantic="TEXCOORD" source="#meshId6-tex0" set="0" />
          <vcount>3 3 3 3 3 3 3 3 3 3 3 3 3 3 3 3 3 3 3 3 </vcount>
          <p>3 0 1 1 2 3 7 4 5 5 6 7 4 8 9 9 5 4 8 10 11 11 9 8 0 7 6 6 1 0 13 9 11 11 12 13 14 5 9 9 13 14 15 6 5 5 14 15 16 1 6 6 15 16 17 2 1 1 16 17 </p>
        </polylist>
      </mesh>
    </geometry>
    <geometry id="meshId7" name="meshId7_name" >
      <mesh>
        <source id="meshId7-positions" name="meshId7-positions">
          <float_array id="meshId7-positions-array" count="30"> -0.263853 0.34291 -0.867219 -0.155835 0.34291 -0.867219 -0.149834 0.327169 -0.829215 -0.269854 0.327169 -0.829215 -0.251851 0.380914 -0.882961 -0.167837 0.380914 -0.882961 -0.244214 0.418919 -0.867219 -0.175475 0.418919 -0.867219 -0.238213 0.43466 -0.829215 -0.181476 0.43466 -0.829215 </float_array>
          <technique_common>
            <accessor count="10" offset="0" source="#meshId7-positions-array" stride="3">
              <param name="X" type="float" />
              <param name="Y" type="float" />
              <param name="Z" type="float" />
            </accessor>
          </technique_common>
        </source>
        <source id="meshId7-normals" name="meshId7-normals">
          <float_array id="meshId7-normals-array" count="30"> -3.96282e-07 -0.769868 -0.638203 -3.96282e-07 -0.769868 -0.638203 -1.49982e-07 -0.92388 -0.382682 -1.49982e-07 -0.92388 -0.382682 -8.40437e-07 -0.104612 -0.994513 -8.40437e-07 -0.104612 -0.994513 -6.9704e-07 0.646535 -0.762884 -6.97041e-07 0.646535 -0.762884 -2.72575e-07 0.923879 -0.382684 -2.72575e-07 0.92388 -0.382683 </float_array>
          <technique_common>
            <accessor count="10" offset="0" source="#meshId7-normals-array" stride="3">
              <param name="X" type="float" />
              <param name="Y" type="float" />
              <param name="Z" type="float" />
            </accessor>
          </technique_common>
        </source>
        <source id="meshId7-tangents" name="meshId7-tangents">
          <float_array id="meshId7-tangents-array" count="30"> 1 -2.88844e-05 3.42225e-05 1 -2.89747e-05 3.43314e-05 1 -1.91236e-05 4.57768e-05 1 -1.84993e-05 4.42696e-05 1 -4.67206e-05 4.06942e-06 1 -4.59548e-05 3.98886e-06 1 -3.38708e-05 -2.96188e-05 1 -3.51428e-05 -3.06968e-05 1 -1.82902e-05 -4.48688e-05 1 -1.84331e-05 -4.52136e-05 </float_array>
          <technique_common>
            <accessor count="10" offset="0" source="#meshId7-tangents-array" stride="3">
              <param name="X" type="float" />
              <param name="Y" type="float" />
              <param name="Z" type="float" />
            </accessor>
          </technique_common>
        </source>
        <source id="meshId7-bitangents" name="meshId7-bitangents">
          <float_array id="meshId7-bitangents-array" count="30"> -4.47809e-05 -0.638203 0.769868 -4.49224e-05 -0.638203 0.769868 -4.96105e-05 -0.382682 0.92388 -4.79791e-05 -0.382682 0.92388 -4.689e-05 -0.994513 0.104612 -4.61199e-05 -0.994513 0.104612 -4.49891e-05 -0.762884 -0.646535 -4.66564e-05 -0.762884 -0.646535 -4.84527e-05 -0.382684 -0.923879 -4.8826e-05 -0.382683 -0.92388 </float_array>
          <technique_common>
            <accessor count="10" offset="0" source="#meshId7-bitangents-array" stride="3">
              <param name="X" type="float" />
              <param name="Y" type="float" />
              <param name="Z" type="float" />
            </accessor>
          </technique_common>
        </source>
        <source id="meshId7-tex0" name="meshId7-tex0">
          <float_array id="meshId7-tex0-array" count="20"> 0.468147 0.606093 0.499219 0.606092 0.500946 0.617924 0.466421 0.617926 0.471599 0.59426 0.495766 0.594259 0.473795 0.582427 0.493568 0.582426 0.47552 0.570594 0.491841 0.570594 </float_array>
          <technique_common>
            <accessor count="10" offset="0" source="#meshId7-tex0-array" stride="2">
              <param name="S" type="float" />
              <param name="T" type="float" />
            </accessor>
          </technique_common>
        </source>
        <vertices id="meshId7-vertices">
          <input semantic="POSITION" source="#meshId7-positions" />
        </vertices>
        <polylist count="8" material="defaultMaterial">
          <input offset="0" semantic="VERTEX" source="#meshId7-vertices" />
          <input offset="0" semantic="NORMAL" source="#meshId7-normals" />
          <input offset="0" semantic="TANGENT" source="#meshId7-tangents" />
          <input offset="0" semantic="BINORMAL" source="#meshId7-bitangents" />
          <input offset="0" semantic="TEXCOORD" source="#meshId7-tex0" set="0" />
          <vcount>3 3 3 3 3 3 3 3 </vcount>
          <p>3 0 1 1 2 3 0 4 5 5 1 0 4 6 7 7 5 4 6 8 9 9 7 6 </p>
        </polylist>
      </mesh>
    </geometry>
    <geometry id="meshId8" name="meshId8_name" >
      <mesh>
        <source id="meshId8-positions" name="meshId8-positions">
          <float_array id="meshId8-positions-array" count="96"> 0.14028 -0.399333 -0.827247 -0.00348393 -0.399333 -0.827247 -0.00348394 -0.383591 -0.865251 0.14028 -0.383591 -0.865251 -0.00348394 -0.345587 -0.880993 0.14028 -0.345587 -0.880993 -0.00348394 -0.307583 -0.865251 0.14028 -0.307583 -0.865251 -0.00348394 -0.291841 -0.827247 0.14028 -0.291841 -0.827247 -0.424857 -0.383591 -0.865251 -0.424857 -0.399333 -0.827247 -0.559969 -0.399333 -0.827247 -0.559969 -0.383591 -0.865251 -0.424857 -0.345587 -0.880993 -0.559969 -0.345587 -0.880993 -0.424857 -0.307583 -0.865251 -0.559969 -0.307583 -0.865251 -0.424857 -0.291841 -0.827247 -0.559969 -0.291841 -0.827247 -0.424857 -0.383591 -0.865251 -0.424857 -0.345587 -0.880993 -0.424857 -0.345587 -0.827221 -0.424857 -0.399333 -0.827247 -0.424857 -0.307583 -0.865251 -0.424857 -0.291841 -0.827247 -0.00348394 -0.345587 -0.880993 -0.00348394 -0.383591 -0.865251 -0.00348393 -0.399333 -0.827247 -0.00348394 -0.345587 -0.827416 -0.00348394 -0.307583 -0.865251 -0.00348394 -0.291841 -0.827247 </float_array>
          <technique_common>
            <accessor count="32" offset="0" source="#meshId8-positions-array" stride="3">
              <param name="X" type="float" />
              <param name="Y" type="float" />
              <param name="Z" type="float" />
            </accessor>
          </technique_common>
        </source>
        <source id="meshId8-normals" name="meshId8-normals">
          <float_array id="meshId8-normals-array" count="96"> 1.1895e-07 -0.92388 -0.382683 -0.249616 -0.894634 -0.370569 -0.269417 -0.680961 -0.68096 -1.93125e-07 -0.707107 -0.707107 -0.269417 -3.3547e-07 -0.963024 -2.575e-07 -3.48351e-07 -1 -0.269417 0.680961 -0.68096 0 0.707107 -0.707107 -0.249616 0.894634 -0.37057 0 0.923879 -0.382684 0.285977 -0.677575 -0.677576 0.265904 -0.89062 -0.368907 0 -0.92388 -0.382684 -1.36995e-07 -0.707107 -0.707107 0.285976 7.01207e-08 -0.958237 -2.73991e-07 2.18035e-08 -1 0.285977 0.677576 -0.677575 -2.05493e-07 0.707107 -0.707107 0.265903 0.890619 -0.368907 -1.26567e-07 0.923879 -0.382684 0.285977 -0.677575 -0.677576 0.285976 7.01207e-08 -0.958237 1 1.72139e-07 6.02192e-08 0.265904 -0.89062 -0.368907 0.285977 0.677576 -0.677575 0.265903 0.890619 -0.368907 -0.269417 -3.3547e-07 -0.963024 -0.269417 -0.680961 -0.68096 -0.249616 -0.894634 -0.370569 -1 3.92133e-14 6.03736e-08 -0.269417 0.680961 -0.68096 -0.249616 0.894634 -0.37057 </float_array>
          <technique_common>
            <accessor count="32" offset="0" source="#meshId8-normals-array" stride="3">
              <param name="X" type="float" />
              <param name="Y" type="float" />
              <param name="Z" type="float" />
            </accessor>
          </technique_common>
        </source>
        <source id="meshId8-tangents" name="meshId8-tangents">
          <float_array id="meshId8-tangents-array" count="96"> -1 6.3868e-05 -0.000154502 -0.968345 0.230681 0.0953646 -0.963024 0.19062 0.190393 -1 0.000109239 -0.000108966 -0.963024 0.000161647 0.269417 -1 0.000154471 2.57445e-07 -0.963024 -0.190392 0.190621 -1 0.000110319 0.000110319 -0.968345 -0.230549 0.0956834 -1 6.48863e-05 0.000156649 0.958236 0.201216 0.203216 0.963999 0.245079 0.103166 0.999999 -0.000564574 0.001363 0.999999 -0.000961403 0.00096121 0.958236 -0.00141333 0.285976 0.999999 -0.00135486 -2.74042e-07 0.958236 -0.203218 0.201214 0.999999 -0.000957957 -0.000958249 0.963999 -0.246246 0.100347 0.999999 -0.000561905 -0.00135689 -0.264152 -0.735453 0.623965 -0.000374532 -1 -0.000111849 1.72221e-07 -0.999999 -0.00136785 -0.522201 -0.454748 0.721464 0.262805 -0.735453 -0.624534 0.519335 -0.454749 -0.723529 -9.93419e-06 1 2.43086e-06 -0.25054 0.73232 -0.633196 -0.499846 0.446799 -0.741973 2.21467e-12 1 3.60918e-05 0.250502 0.73232 0.633211 0.499772 0.4468 0.742023 </float_array>
          <technique_common>
            <accessor count="32" offset="0" source="#meshId8-tangents-array" stride="3">
              <param name="X" type="float" />
              <param name="Y" type="float" />
              <param name="Z" type="float" />
            </accessor>
          </technique_common>
        </source>
        <source id="meshId8-bitangents" name="meshId8-bitangents">
          <float_array id="meshId8-bitangents-array" count="96"> 0.000167182 0.382683 -0.92388 0.000166871 0.382643 -0.923896 0.000154272 0.707076 -0.707138 0.000154294 0.707107 -0.707107 0.000155579 1 -4.38735e-05 0.000154471 1 -3.48391e-07 0.000156015 0.707138 0.707076 0.000156015 0.707107 0.707107 0.000167176 0.382723 0.923863 0.000169556 0.382684 0.923879 -0.00135539 -0.707392 0.70682 -0.00147006 -0.383058 0.923723 -0.0014753 -0.382683 0.923879 -0.00135949 -0.707106 0.707106 -0.00135428 -0.999999 -0.000404246 -0.00135486 -0.999999 -2.14323e-08 -0.00135742 -0.70682 -0.707393 -0.00135496 -0.707106 -0.707106 -0.00147112 -0.382309 -0.924034 -0.00146863 -0.382684 -0.923878 -0.921109 0.000543371 -0.389305 -0.958237 0.000390876 -0.285976 5.99837e-08 0.00136785 -0.999999 -0.81031 0.000803679 -0.586001 -0.921494 0.000532091 -0.388392 -0.812149 0.000802457 -0.583449 0.963024 1.02218e-05 -0.269417 0.929862 1.37836e-05 -0.367907 0.829365 1.94311e-05 -0.558708 -6.03736e-08 3.60918e-05 -1 0.929873 1.61827e-05 -0.367881 0.829409 2.04742e-05 -0.558641 </float_array>
          <technique_common>
            <accessor count="32" offset="0" source="#meshId8-bitangents-array" stride="3">
              <param name="X" type="float" />
              <param name="Y" type="float" />
              <param name="Z" type="float" />
            </accessor>
          </technique_common>
        </source>
        <source id="meshId8-tex0" name="meshId8-tex0">
          <float_array id="meshId8-tex0-array" count="64"> 0.462984 0.833496 0.504339 0.833489 0.504341 0.845322 0.462986 0.845329 0.504343 0.857155 0.462988 0.857162 0.504345 0.868988 0.46299 0.868995 0.504347 0.880821 0.462992 0.880828 0.504215 0.919371 0.504233 0.931204 0.465367 0.931261 0.46535 0.919428 0.504198 0.907538 0.465332 0.907595 0.504181 0.895705 0.465315 0.895762 0.504163 0.883872 0.465297 0.883929 0.708132 0.333662 0.697206 0.338205 0.697185 0.322738 0.712645 0.322724 0.686267 0.333692 0.681724 0.322766 0.716891 0.391344 0.705958 0.386815 0.701431 0.375883 0.716891 0.375932 0.727823 0.386816 0.732352 0.375884 </float_array>
          <technique_common>
            <accessor count="32" offset="0" source="#meshId8-tex0-array" stride="2">
              <param name="S" type="float" />
              <param name="T" type="float" />
            </accessor>
          </technique_common>
        </source>
        <vertices id="meshId8-vertices">
          <input semantic="POSITION" source="#meshId8-positions" />
        </vertices>
        <polylist count="24" material="defaultMaterial">
          <input offset="0" semantic="VERTEX" source="#meshId8-vertices" />
          <input offset="0" semantic="NORMAL" source="#meshId8-normals" />
          <input offset="0" semantic="TANGENT" source="#meshId8-tangents" />
          <input offset="0" semantic="BINORMAL" source="#meshId8-bitangents" />
          <input offset="0" semantic="TEXCOORD" source="#meshId8-tex0" set="0" />
          <vcount>3 3 3 3 3 3 3 3 3 3 3 3 3 3 3 3 3 3 3 3 3 3 3 3 </vcount>
          <p>3 0 1 1 2 3 5 3 2 2 4 5 7 5 4 4 6 7 9 7 6 6 8 9 13 10 11 11 12 13 15 14 10 10 13 15 17 16 14 14 15 17 19 18 16 16 17 19 23 20 21 21 22 23 22 21 24 24 25 22 29 26 27 27 28 29 31 30 26 26 29 31 </p>
        </polylist>
      </mesh>
    </geometry>
    <geometry id="meshId9" name="meshId9_name" >
      <mesh>
        <source id="meshId9-positions" name="meshId9-positions">
          <float_array id="meshId9-positions-array" count="96"> 0.14028 -0.294369 -0.827247 -0.00348411 -0.294369 -0.827247 -0.0034841 -0.278627 -0.865251 0.14028 -0.278627 -0.865251 -0.0034841 -0.240623 -0.880993 0.14028 -0.240623 -0.880993 -0.0034841 -0.202619 -0.865251 0.14028 -0.202619 -0.865251 -0.0034841 -0.186877 -0.827247 0.14028 -0.186877 -0.827247 -0.424857 -0.278627 -0.865251 -0.424857 -0.294369 -0.827247 -0.559969 -0.294369 -0.827247 -0.559969 -0.278627 -0.865251 -0.424857 -0.240623 -0.880993 -0.559969 -0.240623 -0.880993 -0.424857 -0.202619 -0.865251 -0.559969 -0.202619 -0.865251 -0.424857 -0.186877 -0.827247 -0.559969 -0.186877 -0.827247 -0.424857 -0.278627 -0.865251 -0.424857 -0.240623 -0.880993 -0.424857 -0.240623 -0.827455 -0.424857 -0.294369 -0.827247 -0.424857 -0.202619 -0.865251 -0.424857 -0.186877 -0.827247 -0.0034841 -0.240623 -0.880993 -0.0034841 -0.278627 -0.865251 -0.00348411 -0.294369 -0.827247 -0.0034841 -0.240623 -0.825987 -0.0034841 -0.202619 -0.865251 -0.0034841 -0.186877 -0.827247 </float_array>
          <technique_common>
            <accessor count="32" offset="0" source="#meshId9-positions-array" stride="3">
              <param name="X" type="float" />
              <param name="Y" type="float" />
              <param name="Z" type="float" />
            </accessor>
          </technique_common>
        </source>
        <source id="meshId9-normals" name="meshId9-normals">
          <float_array id="meshId9-normals-array" count="96"> 2.37899e-07 -0.923879 -0.382684 -0.259378 -0.89226 -0.369587 -0.274113 -0.680023 -0.680022 -1.2875e-07 -0.707107 -0.707107 -0.274113 -2.88576e-07 -0.961698 -2.575e-07 -3.48351e-07 -1 -0.274113 0.680023 -0.680023 0 0.707107 -0.707107 -0.259378 0.89226 -0.369587 0 0.923879 -0.382684 0.285168 -0.677746 -0.677746 0.264231 -0.891044 -0.369083 0 -0.923879 -0.382684 0 -0.707107 -0.707107 0.285168 7.44376e-09 -0.958478 0 -4.3607e-08 -1 0.285168 0.677746 -0.677746 0 0.707107 -0.707107 0.264231 0.891044 -0.369082 0 0.92388 -0.382683 0.285168 -0.677746 -0.677746 0.285168 7.44376e-09 -0.958478 1 1.72671e-07 0 0.264231 -0.891044 -0.369083 0.285168 0.677746 -0.677746 0.264231 0.891044 -0.369082 -0.274113 -2.88576e-07 -0.961698 -0.274113 -0.680023 -0.680022 -0.259378 -0.89226 -0.369587 -1 1.6939e-07 -5.92576e-08 -0.274113 0.680023 -0.680023 -0.259378 0.89226 -0.369587 </float_array>
          <technique_common>
            <accessor count="32" offset="0" source="#meshId9-normals-array" stride="3">
              <param name="X" type="float" />
              <param name="Y" type="float" />
              <param name="Z" type="float" />
            </accessor>
          </technique_common>
        </source>
        <source id="meshId9-tangents" name="meshId9-tangents">
          <float_array id="meshId9-tangents-array" count="96"> -1 1.08128e-05 -2.6726e-05 -0.965776 0.239647 0.099228 -0.961698 0.19385 0.193804 -1 2.09346e-05 -2.07525e-05 -0.961698 3.21537e-05 0.274113 -1 3.18728e-05 2.57489e-07 -0.961698 -0.193806 0.193848 -1 2.15041e-05 2.15041e-05 -0.965776 -0.239623 0.0992873 -1 1.19418e-05 2.883e-05 0.958477 0.20169 0.201598 0.964459 0.244145 0.101051 1 2.641e-05 -6.37591e-05 1 4.50842e-05 -4.50842e-05 0.958478 6.4171e-05 0.285168 1 6.20937e-05 -2.56973e-12 0.958478 -0.201598 0.20169 1 4.36688e-05 4.36688e-05 0.964459 -0.24409 0.101183 1 2.59336e-05 6.26093e-05 0.26294 0.735296 -0.624661 5.05711e-05 1 1.50538e-05 -1.72671e-07 1 0.000185283 0.518884 0.453917 -0.724374 -0.262759 0.735296 0.624738 -0.518498 0.453916 0.724652 0.961011 -0.0377842 -0.273916 0.259179 0.628707 -0.733181 0.106172 0.354021 -0.929192 5.74985e-08 -0.0103658 -0.999946 0.249363 -0.632664 -0.733181 0.100188 -0.35576 -0.929192 </float_array>
          <technique_common>
            <accessor count="32" offset="0" source="#meshId9-tangents-array" stride="3">
              <param name="X" type="float" />
              <param name="Y" type="float" />
              <param name="Z" type="float" />
            </accessor>
          </technique_common>
        </source>
        <source id="meshId9-bitangents" name="meshId9-bitangents">
          <float_array id="meshId9-bitangents-array" count="96"> 2.88294e-05 0.382684 -0.923879 3.31402e-05 0.382676 -0.923883 3.16799e-05 0.7071 -0.707114 2.94773e-05 0.707107 -0.707107 3.0843e-05 1 -9.09127e-06 3.18728e-05 1 -3.48359e-07 2.81781e-05 0.707112 0.707101 3.04114e-05 0.707107 0.707107 2.88337e-05 0.382691 0.923877 3.12053e-05 0.382684 0.923879 6.257e-05 -0.707094 0.70712 6.90222e-05 -0.382667 0.923886 6.90124e-05 -0.382684 0.923879 6.37587e-05 -0.707107 0.707107 6.15086e-05 -1 1.82924e-05 6.20937e-05 -1 4.3607e-08 6.29127e-05 -0.70712 -0.707094 6.1757e-05 -0.707107 -0.707107 6.89998e-05 -0.382701 -0.923872 6.77678e-05 -0.382683 -0.92388 0.921706 -7.33435e-05 0.38789 0.958478 -5.27641e-05 0.285168 3.19929e-11 -0.000185283 1 0.812982 -0.000109345 0.582288 0.921758 -7.10189e-05 0.387767 0.813229 -0.000106916 0.581943 -0.0363369 -0.999286 0.0103574 0.926115 -0.377222 0.00391139 0.959922 -0.280251 0.00290761 -1.69995e-07 -0.999946 0.0103658 -0.928806 -0.370547 0.00384848 -0.960565 -0.27804 0.00288264 </float_array>
          <technique_common>
            <accessor count="32" offset="0" source="#meshId9-bitangents-array" stride="3">
              <param name="X" type="float" />
              <param name="Y" type="float" />
              <param name="Z" type="float" />
            </accessor>
          </technique_common>
        </source>
        <source id="meshId9-tex0" name="meshId9-tex0">
          <float_array id="meshId9-tex0-array" count="64"> 0.418154 0.833651 0.459509 0.83365 0.459509 0.845483 0.418154 0.845484 0.459509 0.857315 0.418155 0.857317 0.45951 0.869148 0.418155 0.86915 0.45951 0.880981 0.418155 0.880983 0.464068 0.919418 0.464067 0.931251 0.425201 0.931248 0.425202 0.919416 0.464068 0.907585 0.425202 0.907583 0.464069 0.895752 0.425203 0.89575 0.46407 0.88392 0.425204 0.883917 0.360455 0.349159 0.371386 0.344628 0.371389 0.360029 0.355929 0.360092 0.382319 0.349155 0.38685 0.360086 0.226733 0.733871 0.222318 0.744849 0.211433 0.749491 0.210911 0.734035 0.222091 0.722986 0.211112 0.718571 </float_array>
          <technique_common>
            <accessor count="32" offset="0" source="#meshId9-tex0-array" stride="2">
              <param name="S" type="float" />
              <param name="T" type="float" />
            </accessor>
          </technique_common>
        </source>
        <vertices id="meshId9-vertices">
          <input semantic="POSITION" source="#meshId9-positions" />
        </vertices>
        <polylist count="24" material="defaultMaterial">
          <input offset="0" semantic="VERTEX" source="#meshId9-vertices" />
          <input offset="0" semantic="NORMAL" source="#meshId9-normals" />
          <input offset="0" semantic="TANGENT" source="#meshId9-tangents" />
          <input offset="0" semantic="BINORMAL" source="#meshId9-bitangents" />
          <input offset="0" semantic="TEXCOORD" source="#meshId9-tex0" set="0" />
          <vcount>3 3 3 3 3 3 3 3 3 3 3 3 3 3 3 3 3 3 3 3 3 3 3 3 </vcount>
          <p>3 0 1 1 2 3 5 3 2 2 4 5 7 5 4 4 6 7 9 7 6 6 8 9 13 10 11 11 12 13 15 14 10 10 13 15 17 16 14 14 15 17 19 18 16 16 17 19 23 20 21 21 22 23 22 21 24 24 25 22 29 26 27 27 28 29 31 30 26 26 29 31 </p>
        </polylist>
      </mesh>
    </geometry>
    <geometry id="meshId10" name="meshId10_name" >
      <mesh>
        <source id="meshId10-positions" name="meshId10-positions">
          <float_array id="meshId10-positions-array" count="30"> 0.14028 -0.189856 -0.827247 -0.559969 -0.189856 -0.827247 -0.559969 -0.174114 -0.865251 0.14028 -0.174114 -0.865251 -0.559969 -0.13611 -0.880993 0.14028 -0.13611 -0.880993 -0.559969 -0.0981064 -0.865251 0.14028 -0.0981064 -0.865251 -0.559969 -0.0823645 -0.827247 0.14028 -0.0823645 -0.827247 </float_array>
          <technique_common>
            <accessor count="10" offset="0" source="#meshId10-positions-array" stride="3">
              <param name="X" type="float" />
              <param name="Y" type="float" />
              <param name="Z" type="float" />
            </accessor>
          </technique_common>
        </source>
        <source id="meshId10-normals" name="meshId10-normals">
          <float_array id="meshId10-normals-array" count="30"> 0 -0.92388 -0.382683 0 -0.92388 -0.382683 -2.6433e-08 -0.707107 -0.707107 -2.6433e-08 -0.707107 -0.707107 -5.2866e-08 0 -1 -5.2866e-08 0 -1 -3.96495e-08 0.707107 -0.707107 -3.96495e-08 0.707107 -0.707107 -2.44209e-08 0.923879 -0.382685 -2.44209e-08 0.923879 -0.382685 </float_array>
          <technique_common>
            <accessor count="10" offset="0" source="#meshId10-normals-array" stride="3">
              <param name="X" type="float" />
              <param name="Y" type="float" />
              <param name="Z" type="float" />
            </accessor>
          </technique_common>
        </source>
        <source id="meshId10-tangents" name="meshId10-tangents">
          <float_array id="meshId10-tangents-array" count="30"> -1 -2.72899e-05 6.58835e-05 -1 -2.72105e-05 6.56921e-05 -1 -4.65843e-05 4.66217e-05 -1 -4.64907e-05 4.65281e-05 -1 -6.5763e-05 5.28653e-08 -1 -6.58951e-05 5.28653e-08 -1 -4.63731e-05 -4.63171e-05 -1 -4.64875e-05 -4.64314e-05 -1 -2.72835e-05 -6.58043e-05 -1 -2.70654e-05 -6.52776e-05 </float_array>
          <technique_common>
            <accessor count="10" offset="0" source="#meshId10-tangents-array" stride="3">
              <param name="X" type="float" />
              <param name="Y" type="float" />
              <param name="Z" type="float" />
            </accessor>
          </technique_common>
        </source>
        <source id="meshId10-bitangents" name="meshId10-bitangents">
          <float_array id="meshId10-bitangents-array" count="30"> -7.13118e-05 0.382683 -0.92388 -7.11046e-05 0.382683 -0.92388 -6.59066e-05 0.707107 -0.707107 -6.57743e-05 0.707107 -0.707107 -6.5763e-05 1 3.47663e-12 -6.58951e-05 1 3.48361e-12 -6.55419e-05 0.707107 0.707107 -6.57036e-05 0.707107 0.707107 -7.12362e-05 0.382685 0.923879 -7.06661e-05 0.382685 0.923879 </float_array>
          <technique_common>
            <accessor count="10" offset="0" source="#meshId10-bitangents-array" stride="3">
              <param name="X" type="float" />
              <param name="Y" type="float" />
              <param name="Z" type="float" />
            </accessor>
          </technique_common>
        </source>
        <source id="meshId10-tex0" name="meshId10-tex0">
          <float_array id="meshId10-tex0-array" count="20"> 0.178308 0.884486 0.37974 0.884501 0.379739 0.896333 0.178308 0.896319 0.379739 0.908166 0.178307 0.908152 0.379738 0.919999 0.178306 0.919985 0.379737 0.931832 0.178305 0.931818 </float_array>
          <technique_common>
            <accessor count="10" offset="0" source="#meshId10-tex0-array" stride="2">
              <param name="S" type="float" />
              <param name="T" type="float" />
            </accessor>
          </technique_common>
        </source>
        <vertices id="meshId10-vertices">
          <input semantic="POSITION" source="#meshId10-positions" />
        </vertices>
        <polylist count="8" material="defaultMaterial">
          <input offset="0" semantic="VERTEX" source="#meshId10-vertices" />
          <input offset="0" semantic="NORMAL" source="#meshId10-normals" />
          <input offset="0" semantic="TANGENT" source="#meshId10-tangents" />
          <input offset="0" semantic="BINORMAL" source="#meshId10-bitangents" />
          <input offset="0" semantic="TEXCOORD" source="#meshId10-tex0" set="0" />
          <vcount>3 3 3 3 3 3 3 3 </vcount>
          <p>3 0 1 1 2 3 5 3 2 2 4 5 7 5 4 4 6 7 9 7 6 6 8 9 </p>
        </polylist>
      </mesh>
    </geometry>
    <geometry id="meshId11" name="meshId11_name" >
      <mesh>
        <source id="meshId11-positions" name="meshId11-positions">
          <float_array id="meshId11-positions-array" count="30"> -0.563903 -0.0719421 -0.865251 0.144214 -0.0719421 -0.865251 0.144214 -0.0876839 -0.827247 -0.563903 -0.0876839 -0.827247 -0.563903 -0.033938 -0.880993 0.144214 -0.033938 -0.880993 -0.563903 0.00406603 -0.865251 0.144214 0.00406603 -0.865251 -0.563903 0.0198079 -0.827247 0.144214 0.0198079 -0.827247 </float_array>
          <technique_common>
            <accessor count="10" offset="0" source="#meshId11-positions-array" stride="3">
              <param name="X" type="float" />
              <param name="Y" type="float" />
              <param name="Z" type="float" />
            </accessor>
          </technique_common>
        </source>
        <source id="meshId11-normals" name="meshId11-normals">
          <float_array id="meshId11-normals-array" count="30"> 0 -0.707107 -0.707106 0 -0.707107 -0.707107 0 -0.92388 -0.382683 0 -0.92388 -0.382683 0 -1.66408e-08 -1 0 -1.66408e-08 -1 0 0.707107 -0.707107 0 0.707107 -0.707107 0 0.923879 -0.382685 0 0.923879 -0.382685 </float_array>
          <technique_common>
            <accessor count="10" offset="0" source="#meshId11-normals-array" stride="3">
              <param name="X" type="float" />
              <param name="Y" type="float" />
              <param name="Z" type="float" />
            </accessor>
          </technique_common>
        </source>
        <source id="meshId11-tangents" name="meshId11-tangents">
          <float_array id="meshId11-tangents-array" count="30"> -1 0.000119477 -0.000119477 -1 0.000119291 -0.000119291 -1 6.97637e-05 -0.000168425 -1 6.99805e-05 -0.000168948 -1 0.000168964 0 -1 0.000168964 0 -1 0.000119198 0.000119198 -1 0.000119476 0.000119476 -1 6.96501e-05 0.000168149 -1 6.99751e-05 0.000168934 </float_array>
          <technique_common>
            <accessor count="10" offset="0" source="#meshId11-tangents-array" stride="3">
              <param name="X" type="float" />
              <param name="Y" type="float" />
              <param name="Z" type="float" />
            </accessor>
          </technique_common>
        </source>
        <source id="meshId11-bitangents" name="meshId11-bitangents">
          <float_array id="meshId11-bitangents-array" count="30"> 0.000168966 0.707106 -0.707107 0.000168703 0.707107 -0.707107 0.000182301 0.382683 -0.92388 0.000182868 0.382683 -0.92388 0.000168964 1 -1.66408e-08 0.000168964 1 -1.66408e-08 0.000168571 0.707107 0.707107 0.000168964 0.707107 0.707107 0.000182004 0.382685 0.923879 0.000182853 0.382685 0.923879 </float_array>
          <technique_common>
            <accessor count="10" offset="0" source="#meshId11-bitangents-array" stride="3">
              <param name="X" type="float" />
              <param name="Y" type="float" />
              <param name="Z" type="float" />
            </accessor>
          </technique_common>
        </source>
        <source id="meshId11-tex0" name="meshId11-tex0">
          <float_array id="meshId11-tex0-array" count="20"> 0.41478 0.846184 0.211085 0.846221 0.211083 0.834389 0.414778 0.834351 0.414782 0.858017 0.211087 0.858054 0.414784 0.86985 0.211089 0.869887 0.414787 0.881683 0.211092 0.88172 </float_array>
          <technique_common>
            <accessor count="10" offset="0" source="#meshId11-tex0-array" stride="2">
              <param name="S" type="float" />
              <param name="T" type="float" />
            </accessor>
          </technique_common>
        </source>
        <vertices id="meshId11-vertices">
          <input semantic="POSITION" source="#meshId11-positions" />
        </vertices>
        <polylist count="8" material="defaultMaterial">
          <input offset="0" semantic="VERTEX" source="#meshId11-vertices" />
          <input offset="0" semantic="NORMAL" source="#meshId11-normals" />
          <input offset="0" semantic="TANGENT" source="#meshId11-tangents" />
          <input offset="0" semantic="BINORMAL" source="#meshId11-bitangents" />
          <input offset="0" semantic="TEXCOORD" source="#meshId11-tex0" set="0" />
          <vcount>3 3 3 3 3 3 3 3 </vcount>
          <p>3 0 1 1 2 3 0 4 5 5 1 0 4 6 7 7 5 4 6 8 9 9 7 6 </p>
        </polylist>
      </mesh>
    </geometry>
    <geometry id="meshId12" name="meshId12_name" >
      <mesh>
        <source id="meshId12-positions" name="meshId12-positions">
          <float_array id="meshId12-positions-array" count="30"> -0.563903 0.0334474 -0.865251 0.144214 0.0334474 -0.865251 0.144214 0.0177056 -0.827247 -0.563903 0.0177056 -0.827247 -0.563903 0.0714514 -0.880993 0.144214 0.0714514 -0.880993 -0.512761 0.109456 -0.865251 0.0930725 0.109456 -0.865251 -0.489157 0.125197 -0.827247 0.0694687 0.125197 -0.827247 </float_array>
          <technique_common>
            <accessor count="10" offset="0" source="#meshId12-positions-array" stride="3">
              <param name="X" type="float" />
              <param name="Y" type="float" />
              <param name="Z" type="float" />
            </accessor>
          </technique_common>
        </source>
        <source id="meshId12-normals" name="meshId12-normals">
          <float_array id="meshId12-normals-array" count="30"> 0 -0.707107 -0.707106 0 -0.707107 -0.707106 0 -0.92388 -0.382683 0 -0.92388 -0.382683 0 -0.174752 -0.984613 0 -0.174752 -0.984613 0 0.564959 -0.825119 0 0.564959 -0.825119 0 0.92388 -0.382684 0 0.92388 -0.382684 </float_array>
          <technique_common>
            <accessor count="10" offset="0" source="#meshId12-normals-array" stride="3">
              <param name="X" type="float" />
              <param name="Y" type="float" />
              <param name="Z" type="float" />
            </accessor>
          </technique_common>
        </source>
        <source id="meshId12-tangents" name="meshId12-tangents">
          <float_array id="meshId12-tangents-array" count="30"> 1 1.71124e-05 -1.71125e-05 1 1.72965e-05 -1.72965e-05 1 1.01894e-05 -2.45995e-05 1 1.00825e-05 -2.43413e-05 1 2.4371e-05 -4.32543e-06 1 2.42941e-05 -4.31179e-06 1 2.11428e-05 1.44765e-05 1 2.04505e-05 1.40024e-05 1 1.03625e-05 2.50174e-05 1 1.04677e-05 2.52713e-05 </float_array>
          <technique_common>
            <accessor count="10" offset="0" source="#meshId12-tangents-array" stride="3">
              <param name="X" type="float" />
              <param name="Y" type="float" />
              <param name="Z" type="float" />
            </accessor>
          </technique_common>
        </source>
        <source id="meshId12-bitangents" name="meshId12-bitangents">
          <float_array id="meshId12-bitangents-array" count="30"> 2.42007e-05 -0.707106 0.707107 2.44609e-05 -0.707106 0.707107 2.66263e-05 -0.382683 0.92388 2.63469e-05 -0.382683 0.92388 2.47518e-05 -0.984613 0.174752 2.46738e-05 -0.984613 0.174752 2.56239e-05 -0.825119 -0.564959 2.47849e-05 -0.825119 -0.564959 2.70786e-05 -0.382684 -0.92388 2.73534e-05 -0.382684 -0.92388 </float_array>
          <technique_common>
            <accessor count="10" offset="0" source="#meshId12-bitangents-array" stride="3">
              <param name="X" type="float" />
              <param name="Y" type="float" />
              <param name="Z" type="float" />
            </accessor>
          </technique_common>
        </source>
        <source id="meshId12-tex0" name="meshId12-tex0">
          <float_array id="meshId12-tex0-array" count="20"> 0.00311545 0.86923 0.206811 0.869236 0.206811 0.881068 0.00311515 0.881063 0.00311569 0.857397 0.206811 0.857403 0.0178274 0.845565 0.1921 0.845569 0.0246177 0.833732 0.185311 0.833736 </float_array>
          <technique_common>
            <accessor count="10" offset="0" source="#meshId12-tex0-array" stride="2">
              <param name="S" type="float" />
              <param name="T" type="float" />
            </accessor>
          </technique_common>
        </source>
        <vertices id="meshId12-vertices">
          <input semantic="POSITION" source="#meshId12-positions" />
        </vertices>
        <polylist count="8" material="defaultMaterial">
          <input offset="0" semantic="VERTEX" source="#meshId12-vertices" />
          <input offset="0" semantic="NORMAL" source="#meshId12-normals" />
          <input offset="0" semantic="TANGENT" source="#meshId12-tangents" />
          <input offset="0" semantic="BINORMAL" source="#meshId12-bitangents" />
          <input offset="0" semantic="TEXCOORD" source="#meshId12-tex0" set="0" />
          <vcount>3 3 3 3 3 3 3 3 </vcount>
          <p>3 0 1 1 2 3 0 4 5 5 1 0 4 6 7 7 5 4 6 8 9 9 7 6 </p>
        </polylist>
      </mesh>
    </geometry>
    <geometry id="meshId13" name="meshId13_name" >
      <mesh>
        <source id="meshId13-positions" name="meshId13-positions">
          <float_array id="meshId13-positions-array" count="30"> -0.464519 0.138544 -0.865251 0.0448298 0.138544 -0.865251 0.0745886 0.122802 -0.827247 -0.494277 0.122802 -0.827247 -0.405467 0.176548 -0.880993 -0.0142221 0.176548 -0.880993 -0.359791 0.214552 -0.865251 -0.0598977 0.214552 -0.865251 -0.343089 0.230294 -0.827247 -0.0765991 0.230294 -0.827247 </float_array>
          <technique_common>
            <accessor count="10" offset="0" source="#meshId13-positions-array" stride="3">
              <param name="X" type="float" />
              <param name="Y" type="float" />
              <param name="Z" type="float" />
            </accessor>
          </technique_common>
        </source>
        <source id="meshId13-normals" name="meshId13-normals">
          <float_array id="meshId13-normals-array" count="30"> -1.49521e-08 -0.861615 -0.507563 -1.49521e-08 -0.861615 -0.507563 0 -0.923879 -0.382684 0 -0.923879 -0.382684 -6.50471e-08 -0.254943 -0.966956 -6.50471e-08 -0.254943 -0.966956 0 0.573715 -0.819055 0 0.573716 -0.819054 0 0.923879 -0.382684 0 0.92388 -0.382684 </float_array>
          <technique_common>
            <accessor count="10" offset="0" source="#meshId13-normals-array" stride="3">
              <param name="X" type="float" />
              <param name="Y" type="float" />
              <param name="Z" type="float" />
            </accessor>
          </technique_common>
        </source>
        <source id="meshId13-tangents" name="meshId13-tangents">
          <float_array id="meshId13-tangents-array" count="30"> -0.000797325 -0.507563 0.861614 -0.000798979 -0.507563 0.861615 -0.00075514 -0.382684 0.923879 -0.000748326 -0.382684 0.923879 -0.000825625 -0.966956 0.254943 -0.000808035 -0.966956 0.254942 -0.000814935 -0.819055 -0.573715 -0.000812089 -0.819054 -0.573716 -0.000748249 -0.382683 -0.923879 -0.000750719 -0.382683 -0.923879 </float_array>
          <technique_common>
            <accessor count="10" offset="0" source="#meshId13-tangents-array" stride="3">
              <param name="X" type="float" />
              <param name="Y" type="float" />
              <param name="Z" type="float" />
            </accessor>
          </technique_common>
        </source>
        <source id="meshId13-bitangents" name="meshId13-bitangents">
          <float_array id="meshId13-bitangents-array" count="30"> -1 0.000404706 -0.000686979 -1 0.000405545 -0.000688404 -1 0.00028898 -0.000697658 -1 0.000286373 -0.000691363 -1 0.00079836 -0.000210424 -1 0.000781351 -0.00020594 -1 0.000667476 0.00046754 -1 0.000665145 0.000465908 -1 0.000286343 0.000691292 -1 0.000287288 0.000693574 </float_array>
          <technique_common>
            <accessor count="10" offset="0" source="#meshId13-bitangents-array" stride="3">
              <param name="X" type="float" />
              <param name="Y" type="float" />
              <param name="Z" type="float" />
            </accessor>
          </technique_common>
        </source>
        <source id="meshId13-tex0" name="meshId13-tex0">
          <float_array id="meshId13-tex0-array" count="20"> 0.944977 0.21131 0.944883 0.0876353 0.954865 0.080402 0.95497 0.218528 0.934978 0.196979 0.934906 0.101981 0.924981 0.185896 0.924926 0.113079 0.91499 0.181849 0.914941 0.117142 </float_array>
          <technique_common>
            <accessor count="10" offset="0" source="#meshId13-tex0-array" stride="2">
              <param name="S" type="float" />
              <param name="T" type="float" />
            </accessor>
          </technique_common>
        </source>
        <vertices id="meshId13-vertices">
          <input semantic="POSITION" source="#meshId13-positions" />
        </vertices>
        <polylist count="8" material="defaultMaterial">
          <input offset="0" semantic="VERTEX" source="#meshId13-vertices" />
          <input offset="0" semantic="NORMAL" source="#meshId13-normals" />
          <input offset="0" semantic="TANGENT" source="#meshId13-tangents" />
          <input offset="0" semantic="BINORMAL" source="#meshId13-bitangents" />
          <input offset="0" semantic="TEXCOORD" source="#meshId13-tex0" set="0" />
          <vcount>3 3 3 3 3 3 3 3 </vcount>
          <p>3 0 1 1 2 3 0 4 5 5 1 0 4 6 7 7 5 4 6 8 9 9 7 6 </p>
        </polylist>
      </mesh>
    </geometry>
    <geometry id="meshId14" name="meshId14_name" >
      <mesh>
        <source id="meshId14-positions" name="meshId14-positions">
          <float_array id="meshId14-positions-array" count="30"> -0.355935 0.241019 -0.865251 -0.0637538 0.241019 -0.865251 -0.0454925 0.225277 -0.827247 -0.374196 0.225277 -0.827247 -0.326717 0.279023 -0.880993 -0.0929719 0.279023 -0.880993 -0.296849 0.317027 -0.865251 -0.122839 0.317027 -0.865251 -0.285249 0.332769 -0.827247 -0.13444 0.332769 -0.827247 </float_array>
          <technique_common>
            <accessor count="10" offset="0" source="#meshId14-positions-array" stride="3">
              <param name="X" type="float" />
              <param name="Y" type="float" />
              <param name="Z" type="float" />
            </accessor>
          </technique_common>
        </source>
        <source id="meshId14-normals" name="meshId14-normals">
          <float_array id="meshId14-normals-array" count="30"> 0 -0.818406 -0.574641 0 -0.818406 -0.574641 0 -0.923881 -0.382681 0 -0.923881 -0.382681 0 -0.202507 -0.979281 0 -0.202507 -0.979281 0 0.594757 -0.803905 0 0.594757 -0.803905 0 0.923879 -0.382684 0 0.923879 -0.382684 </float_array>
          <technique_common>
            <accessor count="10" offset="0" source="#meshId14-normals-array" stride="3">
              <param name="X" type="float" />
              <param name="Y" type="float" />
              <param name="Z" type="float" />
            </accessor>
          </technique_common>
        </source>
        <source id="meshId14-tangents" name="meshId14-tangents">
          <float_array id="meshId14-tangents-array" count="30"> 1 2.84943e-05 -4.05817e-05 1 2.88059e-05 -4.10255e-05 1 2.05693e-05 -4.96591e-05 1 2.03778e-05 -4.91967e-05 1 4.8541e-05 -1.00379e-05 1 4.86617e-05 -1.00628e-05 1 3.98281e-05 2.94662e-05 1 3.98012e-05 2.94463e-05 1 1.89301e-05 4.57013e-05 1 2.06883e-05 4.99458e-05 </float_array>
          <technique_common>
            <accessor count="10" offset="0" source="#meshId14-tangents-array" stride="3">
              <param name="X" type="float" />
              <param name="Y" type="float" />
              <param name="Z" type="float" />
            </accessor>
          </technique_common>
        </source>
        <source id="meshId14-bitangents" name="meshId14-bitangents">
          <float_array id="meshId14-bitangents-array" count="30"> 4.95862e-05 -0.574641 0.818406 5.01285e-05 -0.574641 0.818406 5.37505e-05 -0.382681 0.923881 5.325e-05 -0.382681 0.923881 4.9568e-05 -0.979281 0.202507 4.96913e-05 -0.979281 0.202507 4.95432e-05 -0.803905 -0.594757 4.95098e-05 -0.803905 -0.594757 4.94667e-05 -0.382684 -0.923879 5.4061e-05 -0.382684 -0.923879 </float_array>
          <technique_common>
            <accessor count="10" offset="0" source="#meshId14-bitangents-array" stride="3">
              <param name="X" type="float" />
              <param name="Y" type="float" />
              <param name="Z" type="float" />
            </accessor>
          </technique_common>
        </source>
        <source id="meshId14-tex0" name="meshId14-tex0">
          <float_array id="meshId14-tex0-array" count="20"> 0.299475 0.606455 0.383523 0.606459 0.388776 0.618292 0.294222 0.618287 0.307881 0.594622 0.375119 0.594626 0.316473 0.58279 0.366528 0.582792 0.319811 0.570957 0.363192 0.570959 </float_array>
          <technique_common>
            <accessor count="10" offset="0" source="#meshId14-tex0-array" stride="2">
              <param name="S" type="float" />
              <param name="T" type="float" />
            </accessor>
          </technique_common>
        </source>
        <vertices id="meshId14-vertices">
          <input semantic="POSITION" source="#meshId14-positions" />
        </vertices>
        <polylist count="8" material="defaultMaterial">
          <input offset="0" semantic="VERTEX" source="#meshId14-vertices" />
          <input offset="0" semantic="NORMAL" source="#meshId14-normals" />
          <input offset="0" semantic="TANGENT" source="#meshId14-tangents" />
          <input offset="0" semantic="BINORMAL" source="#meshId14-bitangents" />
          <input offset="0" semantic="TEXCOORD" source="#meshId14-tex0" set="0" />
          <vcount>3 3 3 3 3 3 3 3 </vcount>
          <p>3 0 1 1 2 3 0 4 5 5 1 0 4 6 7 7 5 4 6 8 9 9 7 6 </p>
        </polylist>
      </mesh>
    </geometry>
    <geometry id="meshId15" name="meshId15_name" >
      <mesh>
        <source id="meshId15-positions" name="meshId15-positions">
          <float_array id="meshId15-positions-array" count="30"> -0.549093 -0.184208 -0.827155 -0.587097 -0.19995 -0.827155 -0.587097 -0.19995 0.166045 -0.549093 -0.184208 0.166045 -0.602839 -0.237954 -0.827155 -0.602839 -0.237954 0.166045 -0.587097 -0.275958 -0.827155 -0.587097 -0.275958 0.166045 -0.549093 -0.2917 -0.827155 -0.549093 -0.2917 0.166045 </float_array>
          <technique_common>
            <accessor count="10" offset="0" source="#meshId15-positions-array" stride="3">
              <param name="X" type="float" />
              <param name="Y" type="float" />
              <param name="Z" type="float" />
            </accessor>
          </technique_common>
        </source>
        <source id="meshId15-normals" name="meshId15-normals">
          <float_array id="meshId15-normals-array" count="30"> -0.382683 0.92388 0 -0.707107 0.707107 0 -0.707107 0.707107 0 -0.382683 0.92388 0 -1 2.37286e-08 0 -1 2.37286e-08 0 -0.707107 -0.707107 0 -0.707107 -0.707107 0 -0.382684 -0.923879 0 -0.382684 -0.923879 0 </float_array>
          <technique_common>
            <accessor count="10" offset="0" source="#meshId15-normals-array" stride="3">
              <param name="X" type="float" />
              <param name="Y" type="float" />
              <param name="Z" type="float" />
            </accessor>
          </technique_common>
        </source>
        <source id="meshId15-tangents" name="meshId15-tangents">
          <float_array id="meshId15-tangents-array" count="30"> -5.68599e-05 -2.35521e-05 1 -4.03844e-05 -4.03844e-05 1 -4.05509e-05 -4.05509e-05 1 -5.73349e-05 -2.37489e-05 1 -1.81899e-12 -5.73491e-05 1 -1.81899e-12 -5.71535e-05 1 4.04071e-05 -4.04071e-05 1 4.02739e-05 -4.02739e-05 1 5.69563e-05 -2.35921e-05 1 5.69563e-05 -2.35921e-05 1 </float_array>
          <technique_common>
            <accessor count="10" offset="0" source="#meshId15-tangents-array" stride="3">
              <param name="X" type="float" />
              <param name="Y" type="float" />
              <param name="Z" type="float" />
            </accessor>
          </technique_common>
        </source>
        <source id="meshId15-bitangents" name="meshId15-bitangents">
          <float_array id="meshId15-bitangents-array" count="30"> 0.92388 0.382683 6.15447e-05 0.707107 0.707107 5.71122e-05 0.707107 0.707107 5.73476e-05 0.92388 0.382683 6.20589e-05 2.37286e-08 1 5.73491e-05 2.37286e-08 1 5.71535e-05 -0.707107 0.707107 5.71443e-05 -0.707107 0.707107 5.69559e-05 -0.923879 0.382684 6.1649e-05 -0.923879 0.382684 6.1649e-05 </float_array>
          <technique_common>
            <accessor count="10" offset="0" source="#meshId15-bitangents-array" stride="3">
              <param name="X" type="float" />
              <param name="Y" type="float" />
              <param name="Z" type="float" />
            </accessor>
          </technique_common>
        </source>
        <source id="meshId15-tex0" name="meshId15-tex0">
          <float_array id="meshId15-tex0-array" count="20"> 0.00313262 0.402915 0.00313337 0.391082 0.288834 0.3911 0.288833 0.402933 0.00313399 0.379249 0.288835 0.379267 0.00313474 0.367417 0.288835 0.367434 0.00313548 0.355584 0.288836 0.355601 </float_array>
          <technique_common>
            <accessor count="10" offset="0" source="#meshId15-tex0-array" stride="2">
              <param name="S" type="float" />
              <param name="T" type="float" />
            </accessor>
          </technique_common>
        </source>
        <vertices id="meshId15-vertices">
          <input semantic="POSITION" source="#meshId15-positions" />
        </vertices>
        <polylist count="8" material="defaultMaterial">
          <input offset="0" semantic="VERTEX" source="#meshId15-vertices" />
          <input offset="0" semantic="NORMAL" source="#meshId15-normals" />
          <input offset="0" semantic="TANGENT" source="#meshId15-tangents" />
          <input offset="0" semantic="BINORMAL" source="#meshId15-bitangents" />
          <input offset="0" semantic="TEXCOORD" source="#meshId15-tex0" set="0" />
          <vcount>3 3 3 3 3 3 3 3 </vcount>
          <p>3 0 1 1 2 3 2 1 4 4 5 2 5 4 6 6 7 5 7 6 8 8 9 7 </p>
        </polylist>
      </mesh>
    </geometry>
    <geometry id="meshId16" name="meshId16_name" >
      <mesh>
        <source id="meshId16-positions" name="meshId16-positions">
          <float_array id="meshId16-positions-array" count="30"> -0.549093 -0.291478 -0.827155 -0.587097 -0.307219 -0.827155 -0.587097 -0.307219 0.166045 -0.549093 -0.291478 0.166045 -0.602839 -0.345223 -0.827155 -0.602839 -0.345223 0.166045 -0.587097 -0.383228 -0.827155 -0.587097 -0.383228 0.166045 -0.549093 -0.398969 -0.827155 -0.549093 -0.398969 0.166045 </float_array>
          <technique_common>
            <accessor count="10" offset="0" source="#meshId16-positions-array" stride="3">
              <param name="X" type="float" />
              <param name="Y" type="float" />
              <param name="Z" type="float" />
            </accessor>
          </technique_common>
        </source>
        <source id="meshId16-normals" name="meshId16-normals">
          <float_array id="meshId16-normals-array" count="30"> -0.382683 0.92388 0 -0.707107 0.707107 0 -0.707107 0.707107 0 -0.382683 0.92388 0 -1 2.37286e-08 0 -1 2.37286e-08 0 -0.707107 -0.707107 0 -0.707107 -0.707107 0 -0.382684 -0.923879 0 -0.382684 -0.923879 0 </float_array>
          <technique_common>
            <accessor count="10" offset="0" source="#meshId16-normals-array" stride="3">
              <param name="X" type="float" />
              <param name="Y" type="float" />
              <param name="Z" type="float" />
            </accessor>
          </technique_common>
        </source>
        <source id="meshId16-tangents" name="meshId16-tangents">
          <float_array id="meshId16-tangents-array" count="30"> -5.68597e-05 -2.35521e-05 1 -4.02833e-05 -4.02833e-05 1 -4.02833e-05 -4.02833e-05 1 -5.7058e-05 -2.36342e-05 1 -1.81899e-12 -5.69683e-05 1 -1.81899e-12 -5.69536e-05 1 4.0276e-05 -4.0276e-05 1 4.0276e-05 -4.0276e-05 1 5.70483e-05 -2.36302e-05 1 5.68603e-05 -2.35523e-05 1 </float_array>
          <technique_common>
            <accessor count="10" offset="0" source="#meshId16-tangents-array" stride="3">
              <param name="X" type="float" />
              <param name="Y" type="float" />
              <param name="Z" type="float" />
            </accessor>
          </technique_common>
        </source>
        <source id="meshId16-bitangents" name="meshId16-bitangents">
          <float_array id="meshId16-bitangents-array" count="30"> 0.92388 0.382683 6.15445e-05 0.707107 0.707107 5.69692e-05 0.707107 0.707107 5.69692e-05 0.92388 0.382683 6.17592e-05 2.37286e-08 1 5.69683e-05 2.37286e-08 1 5.69536e-05 -0.707107 0.707107 5.69589e-05 -0.707107 0.707107 5.69589e-05 -0.923879 0.382684 6.17486e-05 -0.923879 0.382684 6.15452e-05 </float_array>
          <technique_common>
            <accessor count="10" offset="0" source="#meshId16-bitangents-array" stride="3">
              <param name="X" type="float" />
              <param name="Y" type="float" />
              <param name="Z" type="float" />
            </accessor>
          </technique_common>
        </source>
        <source id="meshId16-tex0" name="meshId16-tex0">
          <float_array id="meshId16-tex0-array" count="20"> 0.259619 0.199242 0.259619 0.187409 0.54532 0.187427 0.545319 0.19926 0.25962 0.175576 0.545321 0.175594 0.259621 0.163743 0.545322 0.163761 0.259622 0.15191 0.545322 0.151928 </float_array>
          <technique_common>
            <accessor count="10" offset="0" source="#meshId16-tex0-array" stride="2">
              <param name="S" type="float" />
              <param name="T" type="float" />
            </accessor>
          </technique_common>
        </source>
        <vertices id="meshId16-vertices">
          <input semantic="POSITION" source="#meshId16-positions" />
        </vertices>
        <polylist count="8" material="defaultMaterial">
          <input offset="0" semantic="VERTEX" source="#meshId16-vertices" />
          <input offset="0" semantic="NORMAL" source="#meshId16-normals" />
          <input offset="0" semantic="TANGENT" source="#meshId16-tangents" />
          <input offset="0" semantic="BINORMAL" source="#meshId16-bitangents" />
          <input offset="0" semantic="TEXCOORD" source="#meshId16-tex0" set="0" />
          <vcount>3 3 3 3 3 3 3 3 </vcount>
          <p>3 0 1 1 2 3 2 1 4 4 5 2 5 4 6 6 7 5 7 6 8 8 9 7 </p>
        </polylist>
      </mesh>
    </geometry>
    <geometry id="meshId17" name="meshId17_name" >
      <mesh>
        <source id="meshId17-positions" name="meshId17-positions">
          <float_array id="meshId17-positions-array" count="30"> -0.549093 0.0197603 -0.827155 -0.587097 0.00401847 -0.827155 -0.587097 0.00401852 0.166045 -0.549093 0.0197603 0.166045 -0.602839 -0.0339856 -0.827155 -0.602839 -0.0339856 0.166045 -0.587097 -0.0719897 -0.827155 -0.587097 -0.0719897 0.166045 -0.549093 -0.0877315 -0.827155 -0.549093 -0.0877315 0.166045 </float_array>
          <technique_common>
            <accessor count="10" offset="0" source="#meshId17-positions-array" stride="3">
              <param name="X" type="float" />
              <param name="Y" type="float" />
              <param name="Z" type="float" />
            </accessor>
          </technique_common>
        </source>
        <source id="meshId17-normals" name="meshId17-normals">
          <float_array id="meshId17-normals-array" count="30"> -0.382684 0.923879 -3.44356e-08 -0.707107 0.707107 -1.86364e-08 -0.707107 0.707107 -1.86364e-08 -0.382684 0.923879 -3.44356e-08 -1 2.37286e-08 0 -1 2.37286e-08 0 -0.707107 -0.707107 0 -0.707106 -0.707107 0 -0.382683 -0.92388 0 -0.382683 -0.92388 0 </float_array>
          <technique_common>
            <accessor count="10" offset="0" source="#meshId17-normals-array" stride="3">
              <param name="X" type="float" />
              <param name="Y" type="float" />
              <param name="Z" type="float" />
            </accessor>
          </technique_common>
        </source>
        <source id="meshId17-tangents" name="meshId17-tangents">
          <float_array id="meshId17-tangents-array" count="30"> -5.64869e-05 -2.33604e-05 1 -4.01427e-05 -4.01163e-05 1 -4.02759e-05 -4.02495e-05 1 -5.70328e-05 -2.35865e-05 1 -1.81899e-12 -5.69288e-05 1 -1.81899e-12 -5.69071e-05 1 4.02406e-05 -4.02406e-05 1 4.02739e-05 -4.02739e-05 1 5.69557e-05 -2.35918e-05 1 5.69557e-05 -2.35918e-05 1 </float_array>
          <technique_common>
            <accessor count="10" offset="0" source="#meshId17-tangents-array" stride="3">
              <param name="X" type="float" />
              <param name="Y" type="float" />
              <param name="Z" type="float" />
            </accessor>
          </technique_common>
        </source>
        <source id="meshId17-bitangents" name="meshId17-bitangents">
          <float_array id="meshId17-bitangents-array" count="30"> 0.923879 0.382684 6.11267e-05 0.707107 0.707107 5.67517e-05 0.707106 0.707107 5.694e-05 0.923879 0.382684 6.17176e-05 2.37286e-08 1 5.69288e-05 2.37286e-08 1 5.69071e-05 -0.707107 0.707107 5.69089e-05 -0.707107 0.707106 5.69559e-05 -0.92388 0.382683 6.16484e-05 -0.92388 0.382683 6.16484e-05 </float_array>
          <technique_common>
            <accessor count="10" offset="0" source="#meshId17-bitangents-array" stride="3">
              <param name="X" type="float" />
              <param name="Y" type="float" />
              <param name="Z" type="float" />
            </accessor>
          </technique_common>
        </source>
        <source id="meshId17-tex0" name="meshId17-tex0">
          <float_array id="meshId17-tex0-array" count="20"> 0.00426959 0.301226 0.0042703 0.289393 0.289971 0.289411 0.28997 0.301243 0.00427114 0.27756 0.289972 0.277578 0.00427191 0.265727 0.289973 0.265745 0.00427251 0.253894 0.289973 0.253912 </float_array>
          <technique_common>
            <accessor count="10" offset="0" source="#meshId17-tex0-array" stride="2">
              <param name="S" type="float" />
              <param name="T" type="float" />
            </accessor>
          </technique_common>
        </source>
        <vertices id="meshId17-vertices">
          <input semantic="POSITION" source="#meshId17-positions" />
        </vertices>
        <polylist count="8" material="defaultMaterial">
          <input offset="0" semantic="VERTEX" source="#meshId17-vertices" />
          <input offset="0" semantic="NORMAL" source="#meshId17-normals" />
          <input offset="0" semantic="TANGENT" source="#meshId17-tangents" />
          <input offset="0" semantic="BINORMAL" source="#meshId17-bitangents" />
          <input offset="0" semantic="TEXCOORD" source="#meshId17-tex0" set="0" />
          <vcount>3 3 3 3 3 3 3 3 </vcount>
          <p>3 0 1 1 2 3 2 1 4 4 5 2 5 4 6 6 7 5 7 6 8 8 9 7 </p>
        </polylist>
      </mesh>
    </geometry>
    <geometry id="meshId18" name="meshId18_name" >
      <mesh>
        <source id="meshId18-positions" name="meshId18-positions">
          <float_array id="meshId18-positions-array" count="30"> -0.549093 -0.0826385 -0.827155 -0.587097 -0.0983803 -0.827155 -0.587097 -0.0983803 0.166045 -0.549093 -0.0826385 0.166045 -0.602839 -0.136384 -0.827155 -0.602839 -0.136384 0.166045 -0.587097 -0.174388 -0.827155 -0.587097 -0.174388 0.166045 -0.549093 -0.19013 -0.827155 -0.549093 -0.19013 0.166045 </float_array>
          <technique_common>
            <accessor count="10" offset="0" source="#meshId18-positions-array" stride="3">
              <param name="X" type="float" />
              <param name="Y" type="float" />
              <param name="Z" type="float" />
            </accessor>
          </technique_common>
        </source>
        <source id="meshId18-normals" name="meshId18-normals">
          <float_array id="meshId18-normals-array" count="30"> -0.382684 0.923879 0 -0.707107 0.707107 -9.31821e-09 -0.707107 0.707107 -9.31821e-09 -0.382684 0.923879 0 -1 0 -9.31821e-09 -1 0 -9.31821e-09 -0.707107 -0.707107 0 -0.707107 -0.707107 0 -0.382684 -0.923879 0 -0.382684 -0.923879 0 </float_array>
          <technique_common>
            <accessor count="10" offset="0" source="#meshId18-normals-array" stride="3">
              <param name="X" type="float" />
              <param name="Y" type="float" />
              <param name="Z" type="float" />
            </accessor>
          </technique_common>
        </source>
        <source id="meshId18-tangents" name="meshId18-tangents">
          <float_array id="meshId18-tangents-array" count="30"> -5.69557e-05 -2.35919e-05 1 -4.04069e-05 -4.03937e-05 1 -4.03736e-05 -4.03604e-05 1 -5.73135e-05 -2.37401e-05 1 -9.31868e-09 -5.70692e-05 1 -9.31868e-09 -5.70949e-05 1 4.03805e-05 -4.03805e-05 1 4.04138e-05 -4.04138e-05 1 5.73322e-05 -2.37478e-05 1 5.69563e-05 -2.35921e-05 1 </float_array>
          <technique_common>
            <accessor count="10" offset="0" source="#meshId18-tangents-array" stride="3">
              <param name="X" type="float" />
              <param name="Y" type="float" />
              <param name="Z" type="float" />
            </accessor>
          </technique_common>
        </source>
        <source id="meshId18-bitangents" name="meshId18-bitangents">
          <float_array id="meshId18-bitangents-array" count="30"> 0.923879 0.382684 6.16484e-05 0.707107 0.707107 5.71347e-05 0.707107 0.707107 5.70876e-05 0.923879 0.382684 6.20357e-05 -5.31783e-13 1 5.70692e-05 -5.32022e-13 1 5.70949e-05 -0.707107 0.707107 5.71066e-05 -0.707107 0.707107 5.71537e-05 -0.923879 0.382684 6.20559e-05 -0.923879 0.382684 6.1649e-05 </float_array>
          <technique_common>
            <accessor count="10" offset="0" source="#meshId18-bitangents-array" stride="3">
              <param name="X" type="float" />
              <param name="Y" type="float" />
              <param name="Z" type="float" />
            </accessor>
          </technique_common>
        </source>
        <source id="meshId18-tex0" name="meshId18-tex0">
          <float_array id="meshId18-tex0-array" count="20"> 0.00426953 0.352242 0.0042703 0.340409 0.289971 0.340427 0.28997 0.35226 0.00427108 0.328576 0.289972 0.328594 0.00427173 0.316743 0.289973 0.316761 0.00427245 0.304911 0.289973 0.304928 </float_array>
          <technique_common>
            <accessor count="10" offset="0" source="#meshId18-tex0-array" stride="2">
              <param name="S" type="float" />
              <param name="T" type="float" />
            </accessor>
          </technique_common>
        </source>
        <vertices id="meshId18-vertices">
          <input semantic="POSITION" source="#meshId18-positions" />
        </vertices>
        <polylist count="8" material="defaultMaterial">
          <input offset="0" semantic="VERTEX" source="#meshId18-vertices" />
          <input offset="0" semantic="NORMAL" source="#meshId18-normals" />
          <input offset="0" semantic="TANGENT" source="#meshId18-tangents" />
          <input offset="0" semantic="BINORMAL" source="#meshId18-bitangents" />
          <input offset="0" semantic="TEXCOORD" source="#meshId18-tex0" set="0" />
          <vcount>3 3 3 3 3 3 3 3 </vcount>
          <p>3 0 1 1 2 3 2 1 4 4 5 2 5 4 6 6 7 5 7 6 8 8 9 7 </p>
        </polylist>
      </mesh>
    </geometry>
    <geometry id="meshId19" name="meshId19_name" >
      <mesh>
        <source id="meshId19-positions" name="meshId19-positions">
          <float_array id="meshId19-positions-array" count="30"> -0.259008 0.380914 0.217071 -0.160681 0.380914 0.217071 -0.174705 0.418919 0.201329 -0.244984 0.418919 0.201329 -0.279359 0.34291 0.201329 -0.14033 0.34291 0.201329 -0.290807 0.327169 0.166019 -0.128882 0.327169 0.166019 -0.181694 0.43466 0.164444 -0.237994 0.43466 0.164444 </float_array>
          <technique_common>
            <accessor count="10" offset="0" source="#meshId19-positions-array" stride="3">
              <param name="X" type="float" />
              <param name="Y" type="float" />
              <param name="Z" type="float" />
            </accessor>
          </technique_common>
        </source>
        <source id="meshId19-normals" name="meshId19-normals">
          <float_array id="meshId19-normals-array" count="30"> -1.313e-07 -0.161101 0.986938 -1.313e-07 -0.161101 0.986938 -5.94737e-07 0.611847 0.790976 -5.94736e-07 0.611847 0.790977 0 -0.785544 0.618805 0 -0.785544 0.618805 0 -0.913349 0.407177 0 -0.913349 0.407177 -8.31444e-07 0.919741 0.392527 -8.31444e-07 0.919741 0.392526 </float_array>
          <technique_common>
            <accessor count="10" offset="0" source="#meshId19-normals-array" stride="3">
              <param name="X" type="float" />
              <param name="Y" type="float" />
              <param name="Z" type="float" />
            </accessor>
          </technique_common>
        </source>
        <source id="meshId19-tangents" name="meshId19-tangents">
          <float_array id="meshId19-tangents-array" count="30"> -0.999997 -0.00222936 -0.000364039 -0.999997 -0.00222962 -0.000364082 -0.999997 -0.0017811 0.00137699 -0.999997 -0.00178242 0.00137801 -0.999997 -0.00140559 -0.00178433 -0.999997 -0.00140689 -0.00178598 -0.999997 -0.00098945 -0.00221946 -0.999997 -0.0009902 -0.00222114 -0.999997 -0.000957134 0.00224057 -0.999997 -0.000954621 0.00223468 </float_array>
          <technique_common>
            <accessor count="10" offset="0" source="#meshId19-tangents-array" stride="3">
              <param name="X" type="float" />
              <param name="Y" type="float" />
              <param name="Z" type="float" />
            </accessor>
          </technique_common>
        </source>
        <source id="meshId19-bitangents" name="meshId19-bitangents">
          <float_array id="meshId19-bitangents-array" count="30"> 0.00225889 -0.986935 -0.161101 0.00225915 -0.986935 -0.161101 0.00225132 -0.790974 0.611845 0.00225298 -0.790974 0.611845 0.00227146 -0.618804 -0.785542 0.00227356 -0.618804 -0.785542 0.00243002 -0.407176 -0.913346 0.00243186 -0.407176 -0.913346 0.00243645 -0.392525 0.919738 0.00243004 -0.392525 0.919738 </float_array>
          <technique_common>
            <accessor count="10" offset="0" source="#meshId19-bitangents-array" stride="3">
              <param name="X" type="float" />
              <param name="Y" type="float" />
              <param name="Z" type="float" />
            </accessor>
          </technique_common>
        </source>
        <source id="meshId19-tex0" name="meshId19-tex0">
          <float_array id="meshId19-tex0-array" count="20"> 0.543698 0.908077 0.515414 0.908146 0.519419 0.896304 0.539635 0.896254 0.549581 0.919896 0.509589 0.919993 0.552901 0.931009 0.506323 0.931122 0.521402 0.884763 0.537597 0.884723 </float_array>
          <technique_common>
            <accessor count="10" offset="0" source="#meshId19-tex0-array" stride="2">
              <param name="S" type="float" />
              <param name="T" type="float" />
            </accessor>
          </technique_common>
        </source>
        <vertices id="meshId19-vertices">
          <input semantic="POSITION" source="#meshId19-positions" />
        </vertices>
        <polylist count="8" material="defaultMaterial">
          <input offset="0" semantic="VERTEX" source="#meshId19-vertices" />
          <input offset="0" semantic="NORMAL" source="#meshId19-normals" />
          <input offset="0" semantic="TANGENT" source="#meshId19-tangents" />
          <input offset="0" semantic="BINORMAL" source="#meshId19-bitangents" />
          <input offset="0" semantic="TEXCOORD" source="#meshId19-tex0" set="0" />
          <vcount>3 3 3 3 3 3 3 3 </vcount>
          <p>3 0 1 1 2 3 0 4 5 5 1 0 4 6 7 7 5 4 2 8 9 9 3 2 </p>
        </polylist>
      </mesh>
    </geometry>
    <geometry id="meshId20" name="meshId20_name" >
      <mesh>
        <source id="meshId20-positions" name="meshId20-positions">
          <float_array id="meshId20-positions-array" count="30"> -0.303742 0.279023 0.21904 -0.115946 0.279023 0.21904 -0.140132 0.317027 0.203298 -0.279557 0.317027 0.203298 -0.326351 0.241019 0.203298 -0.093338 0.241019 0.203298 -0.338443 0.225277 0.165294 -0.0812452 0.225277 0.165294 -0.146441 0.332769 0.165294 -0.273247 0.332769 0.165294 </float_array>
          <technique_common>
            <accessor count="10" offset="0" source="#meshId20-positions-array" stride="3">
              <param name="X" type="float" />
              <param name="Y" type="float" />
              <param name="Z" type="float" />
            </accessor>
          </technique_common>
        </source>
        <source id="meshId20-normals" name="meshId20-normals">
          <float_array id="meshId20-normals-array" count="30"> 0 -0.178936 0.983861 0 -0.178936 0.983861 -9.78571e-08 0.617359 0.786681 -9.78571e-08 0.617359 0.786681 0 -0.798512 0.601979 0 -0.798512 0.601979 0 -0.92388 0.382681 0 -0.92388 0.382681 -2.56931e-07 0.92388 0.382681 -2.56931e-07 0.92388 0.382681 </float_array>
          <technique_common>
            <accessor count="10" offset="0" source="#meshId20-normals-array" stride="3">
              <param name="X" type="float" />
              <param name="Y" type="float" />
              <param name="Z" type="float" />
            </accessor>
          </technique_common>
        </source>
        <source id="meshId20-tangents" name="meshId20-tangents">
          <float_array id="meshId20-tangents-array" count="30"> 0.00227315 0.983858 0.178936 0.00226807 0.983858 0.178936 0.00228993 0.786679 -0.617358 0.00228603 0.786679 -0.617357 0.00227409 0.601978 0.79851 0.00226943 0.601977 0.79851 0.00210778 0.38268 0.923878 0.00210616 0.382681 0.923878 0.00211768 0.382681 -0.923878 0.00211555 0.382681 -0.923878 </float_array>
          <technique_common>
            <accessor count="10" offset="0" source="#meshId20-tangents-array" stride="3">
              <param name="X" type="float" />
              <param name="Y" type="float" />
              <param name="Z" type="float" />
            </accessor>
          </technique_common>
        </source>
        <source id="meshId20-bitangents" name="meshId20-bitangents">
          <float_array id="meshId20-bitangents-array" count="30"> -0.999997 0.00223646 0.000406749 -0.999997 0.00223147 0.00040584 -0.999997 0.00180138 -0.00141379 -0.999997 0.00179832 -0.00141138 -0.999997 0.00136895 0.00181588 -0.999997 0.00136615 0.00181216 -0.999998 0.000806607 0.00194733 -0.999998 0.000805989 0.00194584 -0.999998 0.00081016 -0.00195658 -0.999998 0.000809344 -0.00195461 </float_array>
          <technique_common>
            <accessor count="10" offset="0" source="#meshId20-bitangents-array" stride="3">
              <param name="X" type="float" />
              <param name="Y" type="float" />
              <param name="Z" type="float" />
            </accessor>
          </technique_common>
        </source>
        <source id="meshId20-tex0" name="meshId20-tex0">
          <float_array id="meshId20-tex0-array" count="20"> 0.655736 0.330345 0.65585 0.276324 0.667668 0.283306 0.667584 0.323413 0.64389 0.336823 0.644031 0.269795 0.632049 0.340277 0.632205 0.266292 0.679497 0.285146 0.67942 0.321623 </float_array>
          <technique_common>
            <accessor count="10" offset="0" source="#meshId20-tex0-array" stride="2">
              <param name="S" type="float" />
              <param name="T" type="float" />
            </accessor>
          </technique_common>
        </source>
        <vertices id="meshId20-vertices">
          <input semantic="POSITION" source="#meshId20-positions" />
        </vertices>
        <polylist count="8" material="defaultMaterial">
          <input offset="0" semantic="VERTEX" source="#meshId20-vertices" />
          <input offset="0" semantic="NORMAL" source="#meshId20-normals" />
          <input offset="0" semantic="TANGENT" source="#meshId20-tangents" />
          <input offset="0" semantic="BINORMAL" source="#meshId20-bitangents" />
          <input offset="0" semantic="TEXCOORD" source="#meshId20-tex0" set="0" />
          <vcount>3 3 3 3 3 3 3 3 </vcount>
          <p>3 0 1 1 2 3 0 4 5 5 1 0 4 6 7 7 5 4 2 8 9 9 3 2 </p>
        </polylist>
      </mesh>
    </geometry>
    <geometry id="meshId21" name="meshId21_name" >
      <mesh>
        <source id="meshId21-positions" name="meshId21-positions">
          <float_array id="meshId21-positions-array" count="30"> -0.378457 0.176548 0.21904 -0.0412321 0.176548 0.21904 -0.0689437 0.214552 0.203298 -0.350745 0.214552 0.203298 -0.426396 0.138544 0.203298 0.0067075 0.138544 0.203298 -0.44538 0.122802 0.165294 0.0256916 0.122802 0.165294 -0.0812109 0.230294 0.165294 -0.338478 0.230294 0.165294 </float_array>
          <technique_common>
            <accessor count="10" offset="0" source="#meshId21-positions-array" stride="3">
              <param name="X" type="float" />
              <param name="Y" type="float" />
              <param name="Z" type="float" />
            </accessor>
          </technique_common>
        </source>
        <source id="meshId21-normals" name="meshId21-normals">
          <float_array id="meshId21-normals-array" count="30"> 0 -0.207317 0.978274 0 -0.207317 0.978274 0 0.608183 0.793797 0 0.608182 0.793797 0 -0.843675 0.536854 0 -0.843675 0.536854 0 -0.923879 0.382684 0 -0.923879 0.382684 0 0.923879 0.382685 0 0.923879 0.382685 </float_array>
          <technique_common>
            <accessor count="10" offset="0" source="#meshId21-normals-array" stride="3">
              <param name="X" type="float" />
              <param name="Y" type="float" />
              <param name="Z" type="float" />
            </accessor>
          </technique_common>
        </source>
        <source id="meshId21-tangents" name="meshId21-tangents">
          <float_array id="meshId21-tangents-array" count="30"> 0.021134 0.978055 0.207271 0.0211327 0.978055 0.20727 0.0213263 0.793617 -0.608044 0.0213303 0.793617 -0.608044 0.021024 0.536735 0.843489 0.0210287 0.536735 0.843489 0.0197743 0.382609 0.923699 0.0197799 0.382609 0.923699 0.0197712 0.38261 -0.923699 0.0197712 0.38261 -0.923698 </float_array>
          <technique_common>
            <accessor count="10" offset="0" source="#meshId21-tangents-array" stride="3">
              <param name="X" type="float" />
              <param name="Y" type="float" />
              <param name="Z" type="float" />
            </accessor>
          </technique_common>
        </source>
        <source id="meshId21-bitangents" name="meshId21-bitangents">
          <float_array id="meshId21-bitangents-array" count="30"> -0.999777 0.0206748 0.00438143 -0.999777 0.0206736 0.00438116 -0.999773 0.0169288 -0.0129703 -0.999773 0.0169319 -0.0129727 -0.999779 0.0112868 0.0177374 -0.999779 0.0112893 0.0177414 -0.999804 0.00756729 0.018269 -0.999804 0.00756945 0.0182742 -0.999805 0.00756615 -0.0182662 -0.999804 0.00756613 -0.0182662 </float_array>
          <technique_common>
            <accessor count="10" offset="0" source="#meshId21-bitangents-array" stride="3">
              <param name="X" type="float" />
              <param name="Y" type="float" />
              <param name="Z" type="float" />
            </accessor>
          </technique_common>
        </source>
        <source id="meshId21-tex0" name="meshId21-tex0">
          <float_array id="meshId21-tex0-array" count="20"> 0.130733 0.684375 0.132651 0.587389 0.144324 0.595593 0.142721 0.676639 0.11863 0.697929 0.121093 0.573368 0.106691 0.703155 0.109371 0.567674 0.156085 0.599355 0.154622 0.673345 </float_array>
          <technique_common>
            <accessor count="10" offset="0" source="#meshId21-tex0-array" stride="2">
              <param name="S" type="float" />
              <param name="T" type="float" />
            </accessor>
          </technique_common>
        </source>
        <vertices id="meshId21-vertices">
          <input semantic="POSITION" source="#meshId21-positions" />
        </vertices>
        <polylist count="8" material="defaultMaterial">
          <input offset="0" semantic="VERTEX" source="#meshId21-vertices" />
          <input offset="0" semantic="NORMAL" source="#meshId21-normals" />
          <input offset="0" semantic="TANGENT" source="#meshId21-tangents" />
          <input offset="0" semantic="BINORMAL" source="#meshId21-bitangents" />
          <input offset="0" semantic="TEXCOORD" source="#meshId21-tex0" set="0" />
          <vcount>3 3 3 3 3 3 3 3 </vcount>
          <p>3 0 1 1 2 3 0 4 5 5 1 0 4 6 7 7 5 4 2 8 9 9 3 2 </p>
        </polylist>
      </mesh>
    </geometry>
    <geometry id="meshId22" name="meshId22_name" >
      <mesh>
        <source id="meshId22-positions" name="meshId22-positions">
          <float_array id="meshId22-positions-array" count="30"> -0.530253 0.0714514 0.21904 0.110565 0.0714514 0.21904 0.0458945 0.109456 0.203298 -0.465583 0.109456 0.203298 -0.573367 0.0334474 0.203298 0.153678 0.0334474 0.203298 -0.576522 0.0177056 0.165294 0.156833 0.0177056 0.165294 0.0243378 0.125197 0.165294 -0.444026 0.125197 0.165294 </float_array>
          <technique_common>
            <accessor count="10" offset="0" source="#meshId22-positions-array" stride="3">
              <param name="X" type="float" />
              <param name="Y" type="float" />
              <param name="Z" type="float" />
            </accessor>
          </technique_common>
        </source>
        <source id="meshId22-normals" name="meshId22-normals">
          <float_array id="meshId22-normals-array" count="30"> 0 -0.265897 0.964001 0 -0.265897 0.964001 -9.80173e-09 0.558512 0.829496 -9.80172e-09 0.558512 0.829496 0 -0.812114 0.583499 0 -0.812114 0.583499 0 -0.92388 0.382683 0 -0.92388 0.382683 -3.49051e-08 0.92388 0.382683 -3.49051e-08 0.92388 0.382683 </float_array>
          <technique_common>
            <accessor count="10" offset="0" source="#meshId22-normals-array" stride="3">
              <param name="X" type="float" />
              <param name="Y" type="float" />
              <param name="Z" type="float" />
            </accessor>
          </technique_common>
        </source>
        <source id="meshId22-tangents" name="meshId22-tangents">
          <float_array id="meshId22-tangents-array" count="30"> -0.99999 0.00437242 0.00120603 -0.99999 0.00437198 0.00120591 -0.99999 0.00368274 -0.00247965 -0.99999 0.00368254 -0.00247952 -0.99999 0.00258659 0.00360002 -0.99999 0.00258661 0.00360004 -0.999989 0.00180961 0.00436879 -0.999989 0.0018097 0.00436901 -0.999989 0.00180947 -0.00436855 -0.999989 0.00180962 -0.00436891 </float_array>
          <technique_common>
            <accessor count="10" offset="0" source="#meshId22-tangents-array" stride="3">
              <param name="X" type="float" />
              <param name="Y" type="float" />
              <param name="Z" type="float" />
            </accessor>
          </technique_common>
        </source>
        <source id="meshId22-bitangents" name="meshId22-bitangents">
          <float_array id="meshId22-bitangents-array" count="30"> -0.0045357 -0.963991 -0.265895 -0.00453525 -0.963992 -0.265895 -0.00443973 -0.829488 0.558507 -0.00443949 -0.829488 0.558507 -0.0044329 -0.583493 -0.812106 -0.00443293 -0.583493 -0.812106 -0.00472874 -0.382678 -0.923869 -0.00472899 -0.382678 -0.923869 -0.00472847 -0.382679 0.923869 -0.00472886 -0.382679 0.923869 </float_array>
          <technique_common>
            <accessor count="10" offset="0" source="#meshId22-bitangents-array" stride="3">
              <param name="X" type="float" />
              <param name="Y" type="float" />
              <param name="Z" type="float" />
            </accessor>
          </technique_common>
        </source>
        <source id="meshId22-tex0" name="meshId22-tex0">
          <float_array id="meshId22-tex0-array" count="20"> 0.203703 0.779368 0.0193694 0.778496 0.0380281 0.766751 0.185157 0.767447 0.216049 0.791259 0.00691178 0.79027 0.216901 0.803096 0.0059483 0.802098 0.0442849 0.754948 0.179012 0.755585 </float_array>
          <technique_common>
            <accessor count="10" offset="0" source="#meshId22-tex0-array" stride="2">
              <param name="S" type="float" />
              <param name="T" type="float" />
            </accessor>
          </technique_common>
        </source>
        <vertices id="meshId22-vertices">
          <input semantic="POSITION" source="#meshId22-positions" />
        </vertices>
        <polylist count="8" material="defaultMaterial">
          <input offset="0" semantic="VERTEX" source="#meshId22-vertices" />
          <input offset="0" semantic="NORMAL" source="#meshId22-normals" />
          <input offset="0" semantic="TANGENT" source="#meshId22-tangents" />
          <input offset="0" semantic="BINORMAL" source="#meshId22-bitangents" />
          <input offset="0" semantic="TEXCOORD" source="#meshId22-tex0" set="0" />
          <vcount>3 3 3 3 3 3 3 3 </vcount>
          <p>3 0 1 1 2 3 0 4 5 5 1 0 4 6 7 7 5 4 2 8 9 9 3 2 </p>
        </polylist>
      </mesh>
    </geometry>
    <geometry id="meshId23" name="meshId23_name" >
      <mesh>
        <source id="meshId23-positions" name="meshId23-positions">
          <float_array id="meshId23-positions-array" count="30"> -0.563903 -0.033938 0.21904 0.144214 -0.033938 0.21904 0.144214 0.00406608 0.203298 -0.563903 0.00406603 0.203298 -0.563903 -0.0719421 0.203298 0.144214 -0.0719421 0.203298 -0.563903 -0.0876839 0.165294 0.144214 -0.0876839 0.165294 0.144214 0.0198079 0.165294 -0.563903 0.0198079 0.165294 </float_array>
          <technique_common>
            <accessor count="10" offset="0" source="#meshId23-positions-array" stride="3">
              <param name="X" type="float" />
              <param name="Y" type="float" />
              <param name="Z" type="float" />
            </accessor>
          </technique_common>
        </source>
        <source id="meshId23-normals" name="meshId23-normals">
          <float_array id="meshId23-normals-array" count="30"> 0 -9.9845e-08 1 0 -9.98448e-08 1 -1.30696e-08 0.707107 0.707107 -1.30696e-08 0.707106 0.707107 0 -0.707107 0.707106 0 -0.707107 0.707106 0 -0.92388 0.382683 0 -0.92388 0.382683 -2.41496e-08 0.923879 0.382685 -2.41496e-08 0.923879 0.382685 </float_array>
          <technique_common>
            <accessor count="10" offset="0" source="#meshId23-normals-array" stride="3">
              <param name="X" type="float" />
              <param name="Y" type="float" />
              <param name="Z" type="float" />
            </accessor>
          </technique_common>
        </source>
        <source id="meshId23-tangents" name="meshId23-tangents">
          <float_array id="meshId23-tangents-array" count="30"> -0.000199 1 9.67734e-08 -0.000197683 1 9.67734e-08 -0.00020023 0.707107 -0.707107 -0.000197399 0.707107 -0.707106 -0.000196195 0.707106 0.707107 -0.000193562 0.707106 0.707107 -0.000183479 0.382683 0.92388 -0.000178993 0.382683 0.92388 -0.000183858 0.382685 -0.923879 -0.000176582 0.382685 -0.923879 </float_array>
          <technique_common>
            <accessor count="10" offset="0" source="#meshId23-tangents-array" stride="3">
              <param name="X" type="float" />
              <param name="Y" type="float" />
              <param name="Z" type="float" />
            </accessor>
          </technique_common>
        </source>
        <source id="meshId23-bitangents" name="meshId23-bitangents">
          <float_array id="meshId23-bitangents-array" count="30"> -1 -0.000199 -1.98691e-11 -1 -0.000197683 -1.97376e-11 -1 -0.000141593 0.000141575 -1 -0.000139591 0.000139573 -1 -0.00013873 -0.000138731 -1 -0.000136869 -0.000136869 -1 -7.02143e-05 -0.000169512 -1 -6.84977e-05 -0.000165368 -1 -7.03821e-05 0.000169854 -1 -6.75974e-05 0.000163131 </float_array>
          <technique_common>
            <accessor count="10" offset="0" source="#meshId23-bitangents-array" stride="3">
              <param name="X" type="float" />
              <param name="Y" type="float" />
              <param name="Z" type="float" />
            </accessor>
          </technique_common>
        </source>
        <source id="meshId23-tex0" name="meshId23-tex0">
          <float_array id="meshId23-tex0-array" count="20"> 0.66689 0.563205 0.666853 0.35951 0.678685 0.359507 0.678723 0.563202 0.655057 0.563207 0.65502 0.359512 0.643224 0.563209 0.643187 0.359514 0.690518 0.359505 0.690556 0.5632 </float_array>
          <technique_common>
            <accessor count="10" offset="0" source="#meshId23-tex0-array" stride="2">
              <param name="S" type="float" />
              <param name="T" type="float" />
            </accessor>
          </technique_common>
        </source>
        <vertices id="meshId23-vertices">
          <input semantic="POSITION" source="#meshId23-positions" />
        </vertices>
        <polylist count="8" material="defaultMaterial">
          <input offset="0" semantic="VERTEX" source="#meshId23-vertices" />
          <input offset="0" semantic="NORMAL" source="#meshId23-normals" />
          <input offset="0" semantic="TANGENT" source="#meshId23-tangents" />
          <input offset="0" semantic="BINORMAL" source="#meshId23-bitangents" />
          <input offset="0" semantic="TEXCOORD" source="#meshId23-tex0" set="0" />
          <vcount>3 3 3 3 3 3 3 3 </vcount>
          <p>3 0 1 1 2 3 0 4 5 5 1 0 4 6 7 7 5 4 2 8 9 9 3 2 </p>
        </polylist>
      </mesh>
    </geometry>
    <geometry id="meshId24" name="meshId24_name" >
      <mesh>
        <source id="meshId24-positions" name="meshId24-positions">
          <float_array id="meshId24-positions-array" count="114"> -0.49447 -0.189856 0.165294 -0.49447 -0.174114 0.203298 -0.559969 -0.174114 0.203298 -0.559969 -0.189856 0.165294 -0.49447 -0.13611 0.21904 -0.559969 -0.13611 0.21904 -0.49447 -0.0981064 0.203298 -0.559969 -0.0981064 0.203298 -0.49447 -0.0823645 0.165294 -0.559969 -0.0823645 0.165294 0.14028 -0.189856 0.165294 0.14028 -0.174114 0.203298 -0.248069 -0.174114 0.203298 -0.248069 -0.189856 0.165294 0.14028 -0.13611 0.21904 -0.248069 -0.13611 0.21904 0.14028 -0.0981064 0.203298 -0.248069 -0.0981064 0.203298 0.14028 -0.0823645 0.165294 -0.248069 -0.0823645 0.165294 -0.248069 -0.0981064 0.203298 -0.248069 -0.0823645 0.165294 -0.248069 -0.13611 0.165294 -0.248069 -0.0981064 0.12729 -0.248069 -0.13611 0.111548 -0.248069 -0.174114 0.12729 -0.248069 -0.189856 0.165294 -0.248069 -0.174114 0.203298 -0.248069 -0.13611 0.21904 -0.49447 -0.0823645 0.165294 -0.49447 -0.0981064 0.203298 -0.49447 -0.13611 0.165294 -0.49447 -0.0981064 0.12729 -0.49447 -0.13611 0.111548 -0.49447 -0.174114 0.12729 -0.49447 -0.189856 0.165294 -0.49447 -0.174114 0.203298 -0.49447 -0.13611 0.21904 </float_array>
          <technique_common>
            <accessor count="38" offset="0" source="#meshId24-positions-array" stride="3">
              <param name="X" type="float" />
              <param name="Y" type="float" />
              <param name="Z" type="float" />
            </accessor>
          </technique_common>
        </source>
        <source id="meshId24-normals" name="meshId24-normals">
          <float_array id="meshId24-normals-array" count="114"> 0.494268 -0.803138 0.33267 0.294103 -0.675834 0.675834 0 -0.707107 0.707107 0 -0.92388 0.382683 0.294102 -4.29874e-08 0.955774 0 -4.49766e-08 1 0.294103 0.675834 0.675834 0 0.707107 0.707107 0.494269 0.803137 0.33267 0 0.923879 0.382684 0 -0.92388 0.382683 0 -0.707107 0.707106 -0.0518286 -0.706157 0.706156 -0.0954579 -0.919661 0.380935 0 -4.55144e-08 1 -0.0518287 -2.8071e-08 0.998656 0 0.707107 0.707107 -0.0518287 0.706156 0.706156 0 0.923879 0.382684 -0.0954578 0.91966 0.380937 -0.0518287 0.706156 0.706156 -0.0954578 0.91966 0.380937 -1 3.76679e-07 -2.40957e-07 -1 7.31834e-07 -6.81529e-07 -1 0 -9.63827e-07 -1 -2.43939e-13 -1.4044e-06 -0.0954579 -0.919661 0.380935 -0.0518286 -0.706157 0.706156 -0.0518287 -2.8071e-08 0.998656 0.494269 0.803137 0.33267 0.294103 0.675834 0.675834 1 -4.3739e-07 2.40958e-07 1 -3.44393e-07 6.81529e-07 1 3.44392e-07 9.63827e-07 1 -3.58191e-07 1.64536e-06 0.494268 -0.803138 0.33267 0.294103 -0.675834 0.675834 0.294102 -4.29874e-08 0.955774 </float_array>
          <technique_common>
            <accessor count="38" offset="0" source="#meshId24-normals-array" stride="3">
              <param name="X" type="float" />
              <param name="Y" type="float" />
              <param name="Z" type="float" />
            </accessor>
          </technique_common>
        </source>
        <source id="meshId24-tangents" name="meshId24-tangents">
          <float_array id="meshId24-tangents-array" count="114"> -0.869237 -0.46157 0.177146 -0.955717 -0.215654 0.200246 -0.999946 -0.00735954 -0.00735954 -0.999936 -0.00431356 -0.0104139 -0.955717 -0.0108865 0.294085 -0.999946 -0.010406 -4.65666e-10 -0.955717 0.200249 0.215652 -0.999946 -0.00736429 0.00736429 -0.869236 0.451644 0.201113 -0.999936 -0.00431467 0.0104165 -1 3.04235e-05 7.3449e-05 -1 5.1566e-05 5.15661e-05 -0.998656 0.0367001 -0.0365967 -0.995434 0.0882219 -0.0364572 -1 7.29864e-05 3.63798e-12 -0.998656 7.33176e-05 -0.0518287 -1 5.17506e-05 -5.17506e-05 -0.998656 -0.0365961 -0.0367008 -1 3.02739e-05 -7.30875e-05 -0.995434 -0.0881603 -0.0366055 0.123994 0.706186 -0.697085 0.995434 0.0881396 0.0366568 2.55796e-07 0.92388 0.382683 4.15309e-07 0.923877 0.382691 -3.68836e-07 0.923881 0.382679 -5.3743e-07 0.923883 0.382676 -0.0945936 0.389331 0.916228 -0.0214346 0.70773 0.706158 0.0214343 0.99977 0.00111243 -0.385188 0.545404 -0.744422 -0.115577 0.727066 -0.67677 4.96306e-07 0.92388 -0.382683 5.78984e-07 0.923882 -0.382677 5.06575e-08 0.923882 -0.382678 9.60586e-07 0.923877 -0.38269 0.86931 0.456637 -0.189165 0.553329 0.696953 0.456161 0.115579 0.992661 -0.0355648 </float_array>
          <technique_common>
            <accessor count="38" offset="0" source="#meshId24-tangents-array" stride="3">
              <param name="X" type="float" />
              <param name="Y" type="float" />
              <param name="Z" type="float" />
            </accessor>
          </technique_common>
        </source>
        <source id="meshId24-bitangents" name="meshId24-bitangents">
          <float_array id="meshId24-bitangents-array" count="114"> 0.0112776 -0.376727 -0.926256 0.0104136 -0.704799 -0.709331 0.010408 -0.707069 -0.707069 0.0112719 -0.382659 -0.923821 0.010405 -0.999941 -0.00320178 0.010406 -0.999946 -4.49742e-08 0.0104099 -0.70933 0.7048 0.0104147 -0.707068 0.707069 0.0112727 -0.388573 0.921349 0.0112748 -0.382659 0.923821 -7.95005e-05 -0.382683 -0.92388 -7.29254e-05 -0.707106 -0.707107 -7.29263e-05 -0.707104 -0.70711 -7.8503e-05 -0.382676 -0.923883 -7.29864e-05 -1 -4.55144e-08 -7.32176e-05 -1 -3.82799e-06 -7.31865e-05 -0.707107 0.707107 -7.388e-05 -0.70711 0.707104 -7.91093e-05 -0.382684 0.923879 -8.10996e-05 -0.382692 0.923876 -0.990928 0.0514302 -0.12416 0.000136178 0.382697 -0.923874 3.66764e-07 0.382683 -0.92388 9.09715e-07 0.382691 -0.923877 8.90462e-07 0.382679 -0.923881 1.2975e-06 0.382676 -0.923883 -0.990929 0.0514272 -0.124159 -0.998426 0.021463 -0.0518169 -0.998426 0.0214631 -0.0518168 -0.779313 0.239804 0.578935 -0.94876 0.120929 0.291943 -5.52339e-08 0.382683 0.92388 -4.97861e-07 0.382677 0.923882 -1.02225e-06 0.382678 0.923882 -1.38303e-06 0.38269 0.923877 1.59889e-05 0.382691 0.923876 -0.779314 0.2398 0.578935 -0.94876 0.120927 0.291944 </float_array>
          <technique_common>
            <accessor count="38" offset="0" source="#meshId24-bitangents-array" stride="3">
              <param name="X" type="float" />
              <param name="Y" type="float" />
              <param name="Z" type="float" />
            </accessor>
          </technique_common>
        </source>
        <source id="meshId24-tex0" name="meshId24-tex0">
          <float_array id="meshId24-tex0-array" count="76"> 0.351914 0.564503 0.35178 0.552671 0.37062 0.552458 0.370753 0.56429 0.351647 0.540838 0.370487 0.540626 0.351513 0.529006 0.370353 0.528794 0.35138 0.517174 0.37022 0.516962 0.389066 0.827673 0.389067 0.81584 0.500779 0.815849 0.500778 0.827682 0.389068 0.804008 0.50078 0.804017 0.389069 0.792175 0.50078 0.792184 0.38907 0.780342 0.500781 0.780351 0.472152 0.364775 0.472152 0.376608 0.457868 0.370692 0.463785 0.384975 0.451952 0.384975 0.443585 0.376608 0.443585 0.364775 0.451952 0.356408 0.463785 0.356408 0.982392 0.663501 0.974025 0.671868 0.968108 0.657585 0.982392 0.651668 0.974025 0.643301 0.962191 0.643301 0.953825 0.651668 0.953825 0.663501 0.962191 0.671868 </float_array>
          <technique_common>
            <accessor count="38" offset="0" source="#meshId24-tex0-array" stride="2">
              <param name="S" type="float" />
              <param name="T" type="float" />
            </accessor>
          </technique_common>
        </source>
        <vertices id="meshId24-vertices">
          <input semantic="POSITION" source="#meshId24-positions" />
        </vertices>
        <polylist count="32" material="defaultMaterial">
          <input offset="0" semantic="VERTEX" source="#meshId24-vertices" />
          <input offset="0" semantic="NORMAL" source="#meshId24-normals" />
          <input offset="0" semantic="TANGENT" source="#meshId24-tangents" />
          <input offset="0" semantic="BINORMAL" source="#meshId24-bitangents" />
          <input offset="0" semantic="TEXCOORD" source="#meshId24-tex0" set="0" />
          <vcount>3 3 3 3 3 3 3 3 3 3 3 3 3 3 3 3 3 3 3 3 3 3 3 3 3 3 3 3 3 3 3 3 </vcount>
          <p>3 0 1 1 2 3 2 1 4 4 5 2 5 4 6 6 7 5 7 6 8 8 9 7 13 10 11 11 12 13 12 11 14 14 15 12 15 14 16 16 17 15 17 16 18 18 19 17 20 21 22 21 23 22 23 24 22 24 25 22 25 26 22 26 27 22 27 28 22 28 20 22 29 30 31 32 29 31 33 32 31 34 33 31 35 34 31 36 35 31 37 36 31 30 37 31 </p>
        </polylist>
      </mesh>
    </geometry>
    <geometry id="meshId25" name="meshId25_name" >
      <mesh>
        <source id="meshId25-positions" name="meshId25-positions">
          <float_array id="meshId25-positions-array" count="114"> -0.49447 -0.294369 0.165294 -0.49447 -0.278627 0.203298 -0.559969 -0.278627 0.203298 -0.559969 -0.294369 0.165294 -0.49447 -0.240623 0.21904 -0.559969 -0.240623 0.21904 -0.49447 -0.202619 0.203298 -0.559969 -0.202619 0.203298 -0.49447 -0.186877 0.165294 -0.559969 -0.186877 0.165294 0.14028 -0.294369 0.165294 0.14028 -0.278627 0.203298 -0.248069 -0.278627 0.203298 -0.248069 -0.294369 0.165294 0.14028 -0.240623 0.21904 -0.248069 -0.240623 0.21904 0.14028 -0.202619 0.203298 -0.248069 -0.202619 0.203298 0.14028 -0.186877 0.165294 -0.248069 -0.186877 0.165294 -0.248069 -0.202619 0.203298 -0.248069 -0.186877 0.165294 -0.248069 -0.240623 0.165294 -0.248069 -0.202619 0.12729 -0.248069 -0.240623 0.111548 -0.248069 -0.278627 0.12729 -0.248069 -0.294369 0.165294 -0.248069 -0.278627 0.203298 -0.248069 -0.240623 0.21904 -0.49447 -0.186877 0.165294 -0.49447 -0.202619 0.203298 -0.49447 -0.240623 0.165294 -0.49447 -0.202619 0.12729 -0.49447 -0.240623 0.111548 -0.49447 -0.278627 0.12729 -0.49447 -0.294369 0.165294 -0.49447 -0.278627 0.203298 -0.49447 -0.240623 0.21904 </float_array>
          <technique_common>
            <accessor count="38" offset="0" source="#meshId25-positions-array" stride="3">
              <param name="X" type="float" />
              <param name="Y" type="float" />
              <param name="Z" type="float" />
            </accessor>
          </technique_common>
        </source>
        <source id="meshId25-normals" name="meshId25-normals">
          <float_array id="meshId25-normals-array" count="114"> 0.494268 -0.803137 0.33267 0.294103 -0.675834 0.675834 0 -0.707107 0.707107 0 -0.923879 0.382684 0.294102 -2.14937e-08 0.955774 0 -2.24883e-08 1 0.294103 0.675834 0.675834 0 0.707107 0.707107 0.494269 0.803137 0.33267 0 0.92388 0.382683 0 -0.923879 0.382684 0 -0.707107 0.707107 -0.0518286 -0.706156 0.706156 -0.095458 -0.91966 0.380936 0 1.062e-07 1 -0.0518287 1.2344e-07 0.998656 0 0.707107 0.707106 -0.0518286 0.706157 0.706156 0 0.92388 0.382683 -0.0954578 0.919661 0.380936 -0.0518286 0.706157 0.706156 -0.0954578 0.919661 0.380936 -1 3.76679e-07 -2.40957e-07 -1 7.31835e-07 -6.8153e-07 -1 0 -9.63827e-07 -1 -1.21969e-13 -1.4044e-06 -0.095458 -0.91966 0.380936 -0.0518286 -0.706156 0.706156 -0.0518287 1.2344e-07 0.998656 0.494269 0.803137 0.33267 0.294103 0.675834 0.675834 1 -4.3739e-07 2.40958e-07 1 -3.44393e-07 6.81529e-07 1 3.44392e-07 9.63827e-07 1 -3.58191e-07 1.64536e-06 0.494268 -0.803137 0.33267 0.294103 -0.675834 0.675834 0.294102 -2.14937e-08 0.955774 </float_array>
          <technique_common>
            <accessor count="38" offset="0" source="#meshId25-normals-array" stride="3">
              <param name="X" type="float" />
              <param name="Y" type="float" />
              <param name="Z" type="float" />
            </accessor>
          </technique_common>
        </source>
        <source id="meshId25-tangents" name="meshId25-tangents">
          <float_array id="meshId25-tangents-array" count="114"> -0.869309 -0.457049 0.18817 -0.955773 -0.20859 0.207334 -1 -0.000597959 -0.000597959 -1 -0.000351516 -0.000848633 -0.955774 -0.000882707 0.294102 -1 -0.000844656 -2.91038e-11 -0.955773 0.207335 0.208589 -1 -0.00059934 0.00059934 -0.869309 0.456241 0.190123 -1 -0.000348666 0.000841754 -1 3.04236e-05 7.34489e-05 -1 5.19361e-05 5.19361e-05 -0.998656 0.0367007 -0.036596 -0.995433 0.0882222 -0.0364564 -1 7.39727e-05 -7.27596e-12 -0.998656 7.3602e-05 -0.0518287 -1 5.18928e-05 -5.18928e-05 -0.998656 -0.0365968 -0.0367 -1 3.00422e-05 -7.25283e-05 -0.995433 -0.0881609 -0.0366039 0.0214341 -0.706157 0.707731 -6.30956e-07 -0.382683 0.92388 -3.66763e-07 -0.382682 0.92388 -9.09713e-07 -0.382684 0.923879 -8.90459e-07 -0.382685 0.923879 -1.2975e-06 -0.382683 0.92388 0.0945895 0.372572 0.92317 0.123991 0.697085 0.706186 0.123993 -0.992262 0.00643529 -0.385188 0.545403 -0.744423 -0.115577 0.727065 -0.67677 4.96306e-07 0.923879 -0.382684 5.78984e-07 0.923882 -0.382677 5.06574e-08 0.923882 -0.382678 9.60585e-07 0.923877 -0.382689 0.86931 0.456637 -0.189164 0.553329 0.696953 0.456161 0.115579 0.992661 -0.0355649 </float_array>
          <technique_common>
            <accessor count="38" offset="0" source="#meshId25-tangents-array" stride="3">
              <param name="X" type="float" />
              <param name="Y" type="float" />
              <param name="Z" type="float" />
            </accessor>
          </technique_common>
        </source>
        <source id="meshId25-bitangents" name="meshId25-bitangents">
          <float_array id="meshId25-bitangents-array" count="114"> 0.000920579 -0.3822 -0.924079 0.000848532 -0.706922 -0.707291 0.000845641 -0.707106 -0.707107 0.000918554 -0.382684 -0.923879 0.000843662 -1 -0.000259627 0.000844656 -1 -2.24883e-08 0.000847653 -0.707291 0.706922 0.000847595 -0.707106 0.707107 0.000916809 -0.383165 0.92368 0.000911108 -0.382683 0.923879 -7.95006e-05 -0.382684 -0.923879 -7.34488e-05 -0.707107 -0.707107 -7.39135e-05 -0.707104 -0.70711 -7.94977e-05 -0.382677 -0.923882 -7.39727e-05 -1 1.062e-07 -7.35094e-05 -1 -3.69142e-06 -7.33875e-05 -0.707106 0.707107 -7.29263e-05 -0.707109 0.707104 -7.8504e-05 -0.382683 0.92388 -7.9494e-05 -0.38269 0.923877 0.998426 0.0518165 0.0214633 0.995433 0.0881912 0.0365307 2.55797e-07 0.92388 0.382682 4.15316e-07 0.923879 0.382684 -3.68842e-07 0.923879 0.382685 -5.3744e-07 0.92388 0.382683 -0.990929 0.124157 0.0514252 -0.990929 0.124158 0.0514282 0.990929 0.12416 0.0514277 -0.779313 0.239804 0.578935 -0.94876 0.120929 0.291943 -5.52339e-08 0.382684 0.923879 -4.97861e-07 0.382677 0.923882 -1.02225e-06 0.382678 0.923882 -1.38303e-06 0.382689 0.923877 1.508e-05 0.382691 0.923876 -0.779314 0.239801 0.578935 -0.94876 0.120927 0.291944 </float_array>
          <technique_common>
            <accessor count="38" offset="0" source="#meshId25-bitangents-array" stride="3">
              <param name="X" type="float" />
              <param name="Y" type="float" />
              <param name="Z" type="float" />
            </accessor>
          </technique_common>
        </source>
        <source id="meshId25-tex0" name="meshId25-tex0">
          <float_array id="meshId25-tex0-array" count="76"> 0.41834 0.513356 0.418329 0.501523 0.43717 0.501506 0.437181 0.513339 0.418318 0.48969 0.437159 0.489673 0.418307 0.477857 0.437148 0.47784 0.418296 0.466025 0.437138 0.466007 0.234646 0.566395 0.234647 0.554562 0.346359 0.554571 0.346358 0.566404 0.234648 0.542729 0.34636 0.542738 0.234649 0.530896 0.346361 0.530905 0.23465 0.519063 0.346362 0.519072 0.526549 0.872153 0.514716 0.872153 0.520632 0.85787 0.506349 0.863786 0.506349 0.851954 0.514716 0.843586 0.526549 0.843586 0.534916 0.851954 0.534916 0.863786 0.996889 0.634048 0.988522 0.642415 0.982605 0.628131 0.996889 0.622215 0.988521 0.613848 0.976689 0.613848 0.968321 0.622215 0.968321 0.634048 0.976689 0.642415 </float_array>
          <technique_common>
            <accessor count="38" offset="0" source="#meshId25-tex0-array" stride="2">
              <param name="S" type="float" />
              <param name="T" type="float" />
            </accessor>
          </technique_common>
        </source>
        <vertices id="meshId25-vertices">
          <input semantic="POSITION" source="#meshId25-positions" />
        </vertices>
        <polylist count="32" material="defaultMaterial">
          <input offset="0" semantic="VERTEX" source="#meshId25-vertices" />
          <input offset="0" semantic="NORMAL" source="#meshId25-normals" />
          <input offset="0" semantic="TANGENT" source="#meshId25-tangents" />
          <input offset="0" semantic="BINORMAL" source="#meshId25-bitangents" />
          <input offset="0" semantic="TEXCOORD" source="#meshId25-tex0" set="0" />
          <vcount>3 3 3 3 3 3 3 3 3 3 3 3 3 3 3 3 3 3 3 3 3 3 3 3 3 3 3 3 3 3 3 3 </vcount>
          <p>3 0 1 1 2 3 2 1 4 4 5 2 5 4 6 6 7 5 7 6 8 8 9 7 13 10 11 11 12 13 12 11 14 14 15 12 15 14 16 16 17 15 17 16 18 18 19 17 20 21 22 21 23 22 23 24 22 24 25 22 25 26 22 26 27 22 27 28 22 28 20 22 29 30 31 32 29 31 33 32 31 34 33 31 35 34 31 36 35 31 37 36 31 30 37 31 </p>
        </polylist>
      </mesh>
    </geometry>
    <geometry id="meshId26" name="meshId26_name" >
      <mesh>
        <source id="meshId26-positions" name="meshId26-positions">
          <float_array id="meshId26-positions-array" count="114"> -0.49447 -0.399333 0.165294 -0.49447 -0.383591 0.203298 -0.559969 -0.383591 0.203298 -0.559969 -0.399333 0.165294 -0.49447 -0.345587 0.21904 -0.559969 -0.345587 0.21904 -0.49447 -0.307583 0.203298 -0.559969 -0.307583 0.203298 -0.49447 -0.291841 0.165294 -0.559969 -0.291841 0.165294 0.14028 -0.399333 0.165294 0.14028 -0.383591 0.203298 -0.248069 -0.383591 0.203298 -0.248069 -0.399333 0.165294 0.14028 -0.345587 0.21904 -0.248069 -0.345587 0.21904 0.14028 -0.307583 0.203298 -0.248069 -0.307583 0.203298 0.14028 -0.291841 0.165294 -0.248069 -0.291841 0.165294 -0.248069 -0.307583 0.203298 -0.248069 -0.291841 0.165294 -0.248069 -0.345587 0.165294 -0.248069 -0.307583 0.12729 -0.248069 -0.345587 0.111548 -0.248069 -0.383591 0.12729 -0.248069 -0.399333 0.165294 -0.248069 -0.383591 0.203298 -0.248069 -0.345587 0.21904 -0.49447 -0.291841 0.165294 -0.49447 -0.307583 0.203298 -0.49447 -0.345587 0.165294 -0.49447 -0.307583 0.12729 -0.49447 -0.345587 0.111548 -0.49447 -0.383591 0.12729 -0.49447 -0.399333 0.165294 -0.49447 -0.383591 0.203298 -0.49447 -0.345587 0.21904 </float_array>
          <technique_common>
            <accessor count="38" offset="0" source="#meshId26-positions-array" stride="3">
              <param name="X" type="float" />
              <param name="Y" type="float" />
              <param name="Z" type="float" />
            </accessor>
          </technique_common>
        </source>
        <source id="meshId26-normals" name="meshId26-normals">
          <float_array id="meshId26-normals-array" count="114"> 0.494268 -0.803137 0.33267 0.294103 -0.675834 0.675834 0 -0.707107 0.707107 0 -0.92388 0.382684 0.294102 -4.29874e-08 0.955774 0 -4.49766e-08 1 0.294103 0.675834 0.675834 0 0.707107 0.707107 0.494269 0.803137 0.332671 0 0.923879 0.382684 0 -0.92388 0.382683 0 -0.707107 0.707106 -0.0518287 -0.706157 0.706156 -0.095458 -0.919661 0.380936 0 -3.03429e-08 1 -0.0518287 -2.8071e-08 0.998656 -1.85414e-08 0.707107 0.707107 -0.0518287 0.706156 0.706156 -3.426e-08 0.923879 0.382684 -0.0954579 0.919661 0.380936 -0.0518287 0.706156 0.706156 -0.0954579 0.919661 0.380936 -1 3.76679e-07 -2.40957e-07 -1 7.31834e-07 -6.81529e-07 -1 0 -9.63827e-07 -1 -1.91666e-13 -1.4044e-06 -0.095458 -0.919661 0.380936 -0.0518287 -0.706157 0.706156 -0.0518287 -2.8071e-08 0.998656 0.494269 0.803137 0.332671 0.294103 0.675834 0.675834 1 -4.3739e-07 2.40957e-07 1 -3.44393e-07 6.81529e-07 1 3.44392e-07 9.63827e-07 1 -3.58191e-07 1.64536e-06 0.494268 -0.803137 0.33267 0.294103 -0.675834 0.675834 0.294102 -4.29874e-08 0.955774 </float_array>
          <technique_common>
            <accessor count="38" offset="0" source="#meshId26-normals-array" stride="3">
              <param name="X" type="float" />
              <param name="Y" type="float" />
              <param name="Z" type="float" />
            </accessor>
          </technique_common>
        </source>
        <source id="meshId26-tangents" name="meshId26-tangents">
          <float_array id="meshId26-tangents-array" count="114"> -0.869309 -0.457049 0.18817 -0.955773 -0.208592 0.207333 -1 -0.000597967 -0.000597967 -1 -0.000352289 -0.000850501 -0.955774 -0.000879627 0.294102 -1 -0.000841742 -2.91038e-11 -0.955773 0.207335 0.208589 -1 -0.000606214 0.000606214 -0.869308 0.456236 0.190136 -1 -0.000358342 0.000865114 -1 3.12406e-05 7.54215e-05 -1 5.25899e-05 5.25899e-05 -0.998656 0.0367011 -0.0365957 -0.995434 0.0882223 -0.0364562 -1 7.4496e-05 2.78497e-12 -0.998656 7.38656e-05 -0.0518287 -1 5.20011e-05 -5.20274e-05 -0.998656 -0.0365963 -0.0367005 -1 2.98645e-05 -7.21888e-05 -0.995433 -0.0881602 -0.0366059 0.123991 0.706186 -0.697085 0.995434 0.0881734 0.0365732 2.55796e-07 0.923879 0.382684 4.15314e-07 0.923878 0.382686 -3.68838e-07 0.923881 0.382681 -5.37438e-07 0.923881 0.382681 -0.0945921 0.389332 0.916228 -0.021434 0.70773 0.706158 0.021434 0.99977 0.00111241 0.38519 0.140727 -0.912044 0.553338 0.456154 -0.696951 5.52335e-08 -0.382683 -0.92388 4.97858e-07 -0.382683 -0.92388 1.02225e-06 -0.382677 -0.923882 1.38305e-06 -0.382672 -0.923884 4.03718e-06 -0.382681 -0.92388 0.115577 -0.67677 -0.727066 0.553319 -0.815382 -0.170263 </float_array>
          <technique_common>
            <accessor count="38" offset="0" source="#meshId26-tangents-array" stride="3">
              <param name="X" type="float" />
              <param name="Y" type="float" />
              <param name="Z" type="float" />
            </accessor>
          </technique_common>
        </source>
        <source id="meshId26-bitangents" name="meshId26-bitangents">
          <float_array id="meshId26-bitangents-array" count="114"> 0.000920594 -0.3822 -0.924079 0.000850514 -0.706921 -0.707292 0.000845653 -0.707107 -0.707107 0.000920575 -0.382683 -0.923879 0.000840712 -1 -0.000258742 0.000841742 -1 -4.49766e-08 0.000847667 -0.707291 0.706922 0.000857316 -0.707107 0.707106 0.000928789 -0.383172 0.923677 0.000936393 -0.382684 0.923879 -8.16356e-05 -0.382683 -0.92388 -7.43734e-05 -0.707106 -0.707107 -7.43736e-05 -0.707104 -0.70711 -7.96467e-05 -0.382676 -0.923883 -7.4496e-05 -1 -3.03429e-08 -7.37648e-05 -1 -3.85639e-06 -7.35592e-05 -0.707107 0.707107 -7.35559e-05 -0.707109 0.707104 -7.81224e-05 -0.382684 0.923879 -8.1636e-05 -0.382691 0.923876 -0.990929 0.0514283 -0.124158 4.65289e-05 0.382688 -0.923878 3.66764e-07 0.382684 -0.923879 9.09713e-07 0.382686 -0.923878 8.90461e-07 0.382681 -0.92388 1.2975e-06 0.382681 -0.923881 -0.990929 0.0514277 -0.124158 -0.998426 0.0214635 -0.0518165 -0.998426 0.0214628 -0.0518168 -0.779312 0.578937 -0.239803 -0.779308 0.57894 -0.239808 4.96306e-07 0.92388 -0.382683 5.78987e-07 0.92388 -0.382683 5.06566e-08 0.923882 -0.382677 9.6056e-07 0.923884 -0.382672 0.86931 0.456646 -0.189144 0.94876 0.291943 -0.120929 0.779321 0.578923 -0.239806 </float_array>
          <technique_common>
            <accessor count="38" offset="0" source="#meshId26-bitangents-array" stride="3">
              <param name="X" type="float" />
              <param name="Y" type="float" />
              <param name="Z" type="float" />
            </accessor>
          </technique_common>
        </source>
        <source id="meshId26-tex0" name="meshId26-tex0">
          <float_array id="meshId26-tex0-array" count="76"> 0.396084 0.51368 0.396073 0.501847 0.414914 0.50183 0.414925 0.513663 0.396062 0.490014 0.414903 0.489997 0.396051 0.478182 0.414892 0.478164 0.39604 0.466349 0.414881 0.466331 0.883888 0.0529074 0.883889 0.0410747 0.9956 0.0410836 0.995599 0.0529166 0.88389 0.0292417 0.995601 0.0292508 0.883891 0.017409 0.995602 0.0174177 0.883892 0.00557598 0.995603 0.0055851 0.953447 0.633684 0.953447 0.645517 0.939163 0.6396 0.945079 0.653884 0.933246 0.653884 0.924879 0.645517 0.924879 0.633684 0.933246 0.625317 0.945079 0.625317 0.341682 0.766619 0.333315 0.758252 0.347598 0.752336 0.353515 0.766619 0.361882 0.758252 0.361882 0.746419 0.353515 0.738052 0.341682 0.738052 0.333315 0.746419 </float_array>
          <technique_common>
            <accessor count="38" offset="0" source="#meshId26-tex0-array" stride="2">
              <param name="S" type="float" />
              <param name="T" type="float" />
            </accessor>
          </technique_common>
        </source>
        <vertices id="meshId26-vertices">
          <input semantic="POSITION" source="#meshId26-positions" />
        </vertices>
        <polylist count="32" material="defaultMaterial">
          <input offset="0" semantic="VERTEX" source="#meshId26-vertices" />
          <input offset="0" semantic="NORMAL" source="#meshId26-normals" />
          <input offset="0" semantic="TANGENT" source="#meshId26-tangents" />
          <input offset="0" semantic="BINORMAL" source="#meshId26-bitangents" />
          <input offset="0" semantic="TEXCOORD" source="#meshId26-tex0" set="0" />
          <vcount>3 3 3 3 3 3 3 3 3 3 3 3 3 3 3 3 3 3 3 3 3 3 3 3 3 3 3 3 3 3 3 3 </vcount>
          <p>3 0 1 1 2 3 2 1 4 4 5 2 5 4 6 6 7 5 7 6 8 8 9 7 13 10 11 11 12 13 12 11 14 14 15 12 15 14 16 16 17 15 17 16 18 18 19 17 20 21 22 21 23 22 23 24 22 24 25 22 25 26 22 26 27 22 27 28 22 28 20 22 29 30 31 32 29 31 33 32 31 34 33 31 35 34 31 36 35 31 37 36 31 30 37 31 </p>
        </polylist>
      </mesh>
    </geometry>
    <geometry id="meshId27" name="meshId27_name" >
      <mesh>
        <source id="meshId27-positions" name="meshId27-positions">
          <float_array id="meshId27-positions-array" count="30"> 0.131569 -0.0877315 -0.827155 0.169573 -0.0719897 -0.827155 0.169573 -0.0719897 0.166045 0.131569 -0.0877315 0.166045 0.185315 -0.0339856 -0.827155 0.185315 -0.0339856 0.166045 0.169573 0.00401847 -0.827155 0.169573 0.00401852 0.166045 0.131569 0.0197603 -0.827155 0.131569 0.0197603 0.166045 </float_array>
          <technique_common>
            <accessor count="10" offset="0" source="#meshId27-positions-array" stride="3">
              <param name="X" type="float" />
              <param name="Y" type="float" />
              <param name="Z" type="float" />
            </accessor>
          </technique_common>
        </source>
        <source id="meshId27-normals" name="meshId27-normals">
          <float_array id="meshId27-normals-array" count="30"> 0.382683 -0.92388 0 0.707107 -0.707107 0 0.707107 -0.707107 0 0.382683 -0.92388 0 1 -7.11858e-08 0 1 -7.11859e-08 0 0.707107 0.707107 -1.86364e-08 0.707107 0.707107 -1.86364e-08 0.382684 0.923879 -3.44357e-08 0.382684 0.923879 -3.44357e-08 </float_array>
          <technique_common>
            <accessor count="10" offset="0" source="#meshId27-normals-array" stride="3">
              <param name="X" type="float" />
              <param name="Y" type="float" />
              <param name="Z" type="float" />
            </accessor>
          </technique_common>
        </source>
        <source id="meshId27-tangents" name="meshId27-tangents">
          <float_array id="meshId27-tangents-array" count="30"> 5.69561e-05 2.3592e-05 1 4.04139e-05 4.04139e-05 1 4.04472e-05 4.04472e-05 1 5.7332e-05 2.37477e-05 1 3.63798e-12 5.71936e-05 1 3.63798e-12 5.70307e-05 1 -4.03075e-05 4.03339e-05 1 -4.02409e-05 4.02673e-05 1 -5.6959e-05 2.36305e-05 1 -5.68471e-05 2.35841e-05 1 </float_array>
          <technique_common>
            <accessor count="10" offset="0" source="#meshId27-tangents-array" stride="3">
              <param name="X" type="float" />
              <param name="Y" type="float" />
              <param name="Z" type="float" />
            </accessor>
          </technique_common>
        </source>
        <source id="meshId27-bitangents" name="meshId27-bitangents">
          <float_array id="meshId27-bitangents-array" count="30"> -0.92388 -0.382683 6.16489e-05 -0.707107 -0.707107 5.71539e-05 -0.707107 -0.707107 5.72009e-05 -0.92388 -0.382683 6.20557e-05 -7.11858e-08 -1 5.71936e-05 -7.11859e-08 -1 5.70307e-05 0.707107 -0.707107 5.70221e-05 0.707106 -0.707107 5.6928e-05 0.923879 -0.382684 6.16662e-05 0.923879 -0.382684 6.15451e-05 </float_array>
          <technique_common>
            <accessor count="10" offset="0" source="#meshId27-bitangents-array" stride="3">
              <param name="X" type="float" />
              <param name="Y" type="float" />
              <param name="Z" type="float" />
            </accessor>
          </technique_common>
        </source>
        <source id="meshId27-tex0" name="meshId27-tex0">
          <float_array id="meshId27-tex0-array" count="20"> 0.26012 0.249394 0.260121 0.237561 0.545822 0.237579 0.545822 0.249412 0.260121 0.225728 0.545823 0.225746 0.260122 0.213895 0.545824 0.213913 0.260123 0.202063 0.545825 0.20208 </float_array>
          <technique_common>
            <accessor count="10" offset="0" source="#meshId27-tex0-array" stride="2">
              <param name="S" type="float" />
              <param name="T" type="float" />
            </accessor>
          </technique_common>
        </source>
        <vertices id="meshId27-vertices">
          <input semantic="POSITION" source="#meshId27-positions" />
        </vertices>
        <polylist count="8" material="defaultMaterial">
          <input offset="0" semantic="VERTEX" source="#meshId27-vertices" />
          <input offset="0" semantic="NORMAL" source="#meshId27-normals" />
          <input offset="0" semantic="TANGENT" source="#meshId27-tangents" />
          <input offset="0" semantic="BINORMAL" source="#meshId27-bitangents" />
          <input offset="0" semantic="TEXCOORD" source="#meshId27-tex0" set="0" />
          <vcount>3 3 3 3 3 3 3 3 </vcount>
          <p>3 0 1 1 2 3 2 1 4 4 5 2 5 4 6 6 7 5 7 6 8 8 9 7 </p>
        </polylist>
      </mesh>
    </geometry>
    <geometry id="meshId28" name="meshId28_name" >
      <mesh>
        <source id="meshId28-positions" name="meshId28-positions">
          <float_array id="meshId28-positions-array" count="30"> 0.131569 -0.19013 -0.827155 0.169573 -0.174388 -0.827155 0.169573 -0.174388 0.166045 0.131569 -0.19013 0.166045 0.185315 -0.136384 -0.827155 0.185315 -0.136384 0.166045 0.169573 -0.0983803 -0.827155 0.169573 -0.0983803 0.166045 0.131569 -0.0826385 -0.827155 0.131569 -0.0826385 0.166045 </float_array>
          <technique_common>
            <accessor count="10" offset="0" source="#meshId28-positions-array" stride="3">
              <param name="X" type="float" />
              <param name="Y" type="float" />
              <param name="Z" type="float" />
            </accessor>
          </technique_common>
        </source>
        <source id="meshId28-normals" name="meshId28-normals">
          <float_array id="meshId28-normals-array" count="30"> 0.382683 -0.92388 -3.44356e-08 0.707107 -0.707107 -2.79546e-08 0.707107 -0.707107 -2.79546e-08 0.382683 -0.92388 -3.44356e-08 1 -4.74572e-08 -1.86364e-08 1 -4.74573e-08 -1.86364e-08 0.707107 0.707107 -9.31821e-09 0.707107 0.707107 -9.31821e-09 0.382684 0.923879 0 0.382684 0.923879 0 </float_array>
          <technique_common>
            <accessor count="10" offset="0" source="#meshId28-normals-array" stride="3">
              <param name="X" type="float" />
              <param name="Y" type="float" />
              <param name="Z" type="float" />
            </accessor>
          </technique_common>
        </source>
        <source id="meshId28-tangents" name="meshId28-tangents">
          <float_array id="meshId28-tangents-array" count="30"> 5.7259e-05 2.36802e-05 1 4.02114e-05 4.01718e-05 1 4.01448e-05 4.01052e-05 1 5.64968e-05 2.33645e-05 1 1.86374e-08 5.67556e-05 1 1.86374e-08 5.69842e-05 1 -4.02794e-05 4.02925e-05 1 -4.03459e-05 4.03591e-05 1 -5.68879e-05 2.35638e-05 1 -5.72457e-05 2.3712e-05 1 </float_array>
          <technique_common>
            <accessor count="10" offset="0" source="#meshId28-tangents-array" stride="3">
              <param name="X" type="float" />
              <param name="Y" type="float" />
              <param name="Z" type="float" />
            </accessor>
          </technique_common>
        </source>
        <source id="meshId28-bitangents" name="meshId28-bitangents">
          <float_array id="meshId28-bitangents-array" count="30"> -0.92388 -0.382683 6.19624e-05 -0.707107 -0.707107 5.68395e-05 -0.707107 -0.707107 5.67453e-05 -0.92388 -0.382683 6.11375e-05 -4.74562e-08 -1 5.67556e-05 -4.74562e-08 -1 5.69842e-05 0.707107 -0.707107 5.69729e-05 0.707107 -0.707107 5.70671e-05 0.923879 -0.382684 6.15751e-05 0.923879 -0.382684 6.19623e-05 </float_array>
          <technique_common>
            <accessor count="10" offset="0" source="#meshId28-bitangents-array" stride="3">
              <param name="X" type="float" />
              <param name="Y" type="float" />
              <param name="Z" type="float" />
            </accessor>
          </technique_common>
        </source>
        <source id="meshId28-tex0" name="meshId28-tex0">
          <float_array id="meshId28-tex0-array" count="20"> 0.293448 0.30272 0.293449 0.290888 0.579149 0.290905 0.579148 0.302738 0.293449 0.279055 0.57915 0.279072 0.29345 0.267222 0.579151 0.267239 0.293451 0.255389 0.579151 0.255407 </float_array>
          <technique_common>
            <accessor count="10" offset="0" source="#meshId28-tex0-array" stride="2">
              <param name="S" type="float" />
              <param name="T" type="float" />
            </accessor>
          </technique_common>
        </source>
        <vertices id="meshId28-vertices">
          <input semantic="POSITION" source="#meshId28-positions" />
        </vertices>
        <polylist count="8" material="defaultMaterial">
          <input offset="0" semantic="VERTEX" source="#meshId28-vertices" />
          <input offset="0" semantic="NORMAL" source="#meshId28-normals" />
          <input offset="0" semantic="TANGENT" source="#meshId28-tangents" />
          <input offset="0" semantic="BINORMAL" source="#meshId28-bitangents" />
          <input offset="0" semantic="TEXCOORD" source="#meshId28-tex0" set="0" />
          <vcount>3 3 3 3 3 3 3 3 </vcount>
          <p>3 0 1 1 2 3 2 1 4 4 5 2 5 4 6 6 7 5 7 6 8 8 9 7 </p>
        </polylist>
      </mesh>
    </geometry>
    <geometry id="meshId29" name="meshId29_name" >
      <mesh>
        <source id="meshId29-positions" name="meshId29-positions">
          <float_array id="meshId29-positions-array" count="96"> 0.131569 -0.294859 -0.010398 0.169573 -0.279117 -0.010398 0.169573 -0.279117 0.166045 0.131569 -0.294859 0.166045 0.185315 -0.241113 -0.010398 0.185315 -0.241113 0.166045 0.169573 -0.203109 -0.010398 0.169573 -0.203109 0.166045 0.131569 -0.187367 -0.010398 0.131569 -0.187367 0.166045 0.131569 -0.294859 -0.827155 0.169573 -0.279117 -0.827155 0.169573 -0.279117 -0.221003 0.131569 -0.294859 -0.221003 0.185315 -0.241113 -0.827155 0.185315 -0.241113 -0.221003 0.169573 -0.203109 -0.827155 0.169573 -0.203109 -0.221003 0.131569 -0.187367 -0.827155 0.131569 -0.187367 -0.221003 0.13177 -0.241113 -0.221003 0.131569 -0.294859 -0.221003 0.169573 -0.279117 -0.221003 0.185315 -0.241113 -0.221003 0.169573 -0.203109 -0.221003 0.131569 -0.187367 -0.221003 0.185315 -0.241113 -0.010398 0.169573 -0.279117 -0.010398 0.131569 -0.294859 -0.010398 0.133929 -0.241113 -0.010398 0.169573 -0.203109 -0.010398 0.131569 -0.187367 -0.010398 </float_array>
          <technique_common>
            <accessor count="32" offset="0" source="#meshId29-positions-array" stride="3">
              <param name="X" type="float" />
              <param name="Y" type="float" />
              <param name="Z" type="float" />
            </accessor>
          </technique_common>
        </source>
        <source id="meshId29-normals" name="meshId29-normals">
          <float_array id="meshId29-normals-array" count="96"> 0.375475 -0.906476 -0.193185 0.690394 -0.690394 -0.21613 0.707107 -0.707107 5.24524e-08 0.382684 -0.923879 9.69195e-08 0.976365 -5.78075e-08 -0.21613 1 0 0 0.690394 0.690394 -0.21613 0.707107 0.707107 0 0.375474 0.906476 -0.193185 0.382683 0.92388 0 0.382683 -0.92388 -2.82119e-08 0.707107 -0.707107 -1.52682e-08 0.705556 -0.705557 0.0661793 0.381972 -0.922161 0.0609678 1 0 7.6341e-09 0.997808 -1.93975e-08 0.0661792 0.707107 0.707107 7.63409e-09 0.705556 0.705557 0.0661793 0.382683 0.923879 0 0.381972 0.922161 0.0609679 -8.63265e-08 0 1 0.381972 -0.922161 0.0609678 0.705556 -0.705557 0.0661793 0.997808 -1.93975e-08 0.0661792 0.705556 0.705557 0.0661793 0.381972 0.922161 0.0609679 0.976365 -5.78075e-08 -0.21613 0.690394 -0.690394 -0.21613 0.375475 -0.906476 -0.193185 0 -1.16617e-07 -1 0.690394 0.690394 -0.21613 0.375474 0.906476 -0.193185 </float_array>
          <technique_common>
            <accessor count="32" offset="0" source="#meshId29-normals-array" stride="3">
              <param name="X" type="float" />
              <param name="Y" type="float" />
              <param name="Z" type="float" />
            </accessor>
          </technique_common>
        </source>
        <source id="meshId29-tangents" name="meshId29-tangents">
          <float_array id="meshId29-tangents-array" count="96"> 0.0687591 -0.180617 0.981147 0.149153 -0.156497 0.976351 -0.00358512 -0.00358505 0.999987 -0.00507025 -0.00210006 0.999985 0.216127 -0.00519285 0.976351 0 -0.00507056 0.999987 0.156497 0.149153 0.976351 0.00358485 -0.00358486 0.999987 0.0790954 0.176336 0.981147 0.00506787 -0.00209918 0.999985 -5.27483e-05 -2.18796e-05 1 -3.71789e-05 -3.72005e-05 1 -0.0468328 0.0467588 0.997808 -0.0233839 0.0563052 0.99814 -7.6343e-09 -5.22745e-05 1 -0.0661792 -5.22362e-05 0.997808 3.6848e-05 -3.68588e-05 1 -0.0467588 -0.0468329 0.997808 5.21243e-05 -2.15906e-05 1 -0.0232789 -0.0563488 0.99814 -7.57799e-06 1 -6.54181e-13 0.910633 0.386807 0.145353 0.702473 0.708654 0.0658925 -1.34263e-08 1 4.95551e-07 -0.702473 0.708654 -0.0658915 -0.910634 0.386807 -0.145348 -4.13526e-05 -1 -0.000186543 -0.658971 -0.723434 0.205915 -0.806476 -0.422258 0.413877 -0.000883874 -1 1.16617e-07 0.658756 -0.723434 -0.206602 0.805604 -0.422257 -0.415574 </float_array>
          <technique_common>
            <accessor count="32" offset="0" source="#meshId29-tangents-array" stride="3">
              <param name="X" type="float" />
              <param name="Y" type="float" />
              <param name="Z" type="float" />
            </accessor>
          </technique_common>
        </source>
        <source id="meshId29-bitangents" name="meshId29-bitangents">
          <float_array id="meshId29-bitangents-array" count="96"> -0.924279 -0.381679 -0.00548888 -0.707891 -0.706304 -0.00507049 -0.707098 -0.707098 -0.00507008 -0.923865 -0.382678 -0.00548796 -0.00112239 -0.999987 -0.0050701 0 -0.999987 -0.00507056 0.706303 -0.707891 -0.00507066 0.707097 -0.707098 -0.00506975 0.923452 -0.383676 -0.00548834 0.923866 -0.382677 -0.00548542 -0.92388 -0.382683 -5.7106e-05 -0.707107 -0.707107 -5.25942e-05 -0.707104 -0.707109 -5.2277e-05 -0.923878 -0.382687 -5.67585e-05 3.99069e-13 -1 -5.22745e-05 3.4376e-06 -1 -5.2123e-05 0.707107 -0.707107 -5.21186e-05 0.707109 -0.707104 -5.22621e-05 0.923879 -0.382683 -5.64189e-05 0.923881 -0.38268 -5.67548e-05 -1 -7.57799e-06 -8.63265e-08 -0.157622 -1.53109e-06 0.987499 -0.0933891 -1.75089e-06 0.99563 -0.0661792 -4.95354e-07 0.997808 -0.0933884 1.03191e-06 0.99563 -0.157617 -6.51926e-07 0.9875 -0.21613 0.000191071 -0.976365 -0.298519 0.000261143 -0.954404 -0.456743 0.000398487 -0.889598 -1 0.000883874 -1.03075e-10 -0.298992 0.000259444 -0.954255 -0.458282 0.000406906 -0.888807 </float_array>
          <technique_common>
            <accessor count="32" offset="0" source="#meshId29-bitangents-array" stride="3">
              <param name="X" type="float" />
              <param name="Y" type="float" />
              <param name="Z" type="float" />
            </accessor>
          </technique_common>
        </source>
        <source id="meshId29-tex0" name="meshId29-tex0">
          <float_array id="meshId29-tex0-array" count="64"> 0.581165 0.561697 0.5811 0.549864 0.631854 0.549586 0.631919 0.561419 0.581035 0.538032 0.63179 0.537753 0.58097 0.526199 0.631725 0.525921 0.580906 0.514366 0.63166 0.514088 0.44573 0.353797 0.445729 0.341964 0.620093 0.341955 0.620094 0.353787 0.445728 0.330132 0.620092 0.330122 0.445728 0.318299 0.620092 0.318289 0.445727 0.306466 0.620091 0.306456 0.697329 0.319572 0.681868 0.319629 0.686396 0.308697 0.697329 0.304169 0.70826 0.308697 0.712789 0.319629 0.71593 0.359262 0.726866 0.36378 0.731403 0.374708 0.715943 0.374043 0.705002 0.363799 0.700483 0.374736 </float_array>
          <technique_common>
            <accessor count="32" offset="0" source="#meshId29-tex0-array" stride="2">
              <param name="S" type="float" />
              <param name="T" type="float" />
            </accessor>
          </technique_common>
        </source>
        <vertices id="meshId29-vertices">
          <input semantic="POSITION" source="#meshId29-positions" />
        </vertices>
        <polylist count="24" material="defaultMaterial">
          <input offset="0" semantic="VERTEX" source="#meshId29-vertices" />
          <input offset="0" semantic="NORMAL" source="#meshId29-normals" />
          <input offset="0" semantic="TANGENT" source="#meshId29-tangents" />
          <input offset="0" semantic="BINORMAL" source="#meshId29-bitangents" />
          <input offset="0" semantic="TEXCOORD" source="#meshId29-tex0" set="0" />
          <vcount>3 3 3 3 3 3 3 3 3 3 3 3 3 3 3 3 3 3 3 3 3 3 3 3 </vcount>
          <p>3 0 1 1 2 3 2 1 4 4 5 2 5 4 6 6 7 5 7 6 8 8 9 7 13 10 11 11 12 13 12 11 14 14 15 12 15 14 16 16 17 15 17 16 18 18 19 17 23 20 21 21 22 23 25 20 23 23 24 25 29 26 27 27 28 29 31 30 26 26 29 31 </p>
        </polylist>
      </mesh>
    </geometry>
    <geometry id="meshId30" name="meshId30_name" >
      <mesh>
        <source id="meshId30-positions" name="meshId30-positions">
          <float_array id="meshId30-positions-array" count="96"> 0.131569 -0.399333 -0.010398 0.169573 -0.383591 -0.0103981 0.169573 -0.383591 0.166045 0.131569 -0.399333 0.166045 0.185315 -0.345587 -0.010398 0.185315 -0.345587 0.166045 0.169573 -0.307583 -0.0103981 0.169573 -0.307583 0.166045 0.131569 -0.291841 -0.0103981 0.131569 -0.291841 0.166045 0.131569 -0.399333 -0.827155 0.169573 -0.383591 -0.827155 0.169573 -0.383591 -0.221003 0.131569 -0.399333 -0.221003 0.185315 -0.345587 -0.827155 0.185315 -0.345587 -0.221003 0.169573 -0.307583 -0.827155 0.169573 -0.307583 -0.221003 0.131569 -0.291841 -0.827155 0.131569 -0.291841 -0.221003 0.185315 -0.345587 -0.010398 0.169573 -0.383591 -0.0103981 0.131569 -0.399333 -0.010398 0.131286 -0.345587 -0.010398 0.169573 -0.307583 -0.0103981 0.131569 -0.291841 -0.0103981 0.169573 -0.383591 -0.221003 0.185315 -0.345587 -0.221003 0.13141 -0.345587 -0.221003 0.131569 -0.399333 -0.221003 0.169573 -0.307583 -0.221003 0.131569 -0.291841 -0.221003 </float_array>
          <technique_common>
            <accessor count="32" offset="0" source="#meshId30-positions-array" stride="3">
              <param name="X" type="float" />
              <param name="Y" type="float" />
              <param name="Z" type="float" />
            </accessor>
          </technique_common>
        </source>
        <source id="meshId30-normals" name="meshId30-normals">
          <float_array id="meshId30-normals-array" count="96"> 0.374303 -0.903646 -0.208136 0.689219 -0.689219 -0.223505 0.707107 -0.707107 5.24524e-08 0.382684 -0.92388 9.69194e-08 0.974703 -2.70273e-08 -0.223505 1 0 0 0.689219 0.689219 -0.223505 0.707107 0.707106 0 0.374303 0.903646 -0.208137 0.382684 0.923879 0 0.382683 -0.92388 2.82119e-08 0.707107 -0.707107 1.52682e-08 0.705542 -0.705542 0.0664919 0.381957 -0.922125 0.0616038 1 0 7.6341e-09 0.997787 0 0.0664918 0.707106 0.707107 7.63409e-09 0.705542 0.705542 0.0664919 0.382683 0.92388 0 0.381957 0.922125 0.0616037 0.974703 -2.70273e-08 -0.223505 0.689219 -0.689219 -0.223505 0.374303 -0.903646 -0.208136 2.57337e-07 -1.20925e-07 -1 0.689219 0.689219 -0.223505 0.374303 0.903646 -0.208137 0.705542 -0.705542 0.0664919 0.997787 0 0.0664918 0 0 1 0.381957 -0.922125 0.0616038 0.705542 0.705542 0.0664919 0.381957 0.922125 0.0616037 </float_array>
          <technique_common>
            <accessor count="32" offset="0" source="#meshId30-normals-array" stride="3">
              <param name="X" type="float" />
              <param name="Y" type="float" />
              <param name="Z" type="float" />
            </accessor>
          </technique_common>
        </source>
        <source id="meshId30-tangents" name="meshId30-tangents">
          <float_array id="meshId30-tangents-array" count="96"> 0.0796503 -0.192293 0.9781 0.158042 -0.158042 0.974703 -3.70895e-08 3.70895e-08 1 -2.83818e-08 9.31487e-08 1 0.223505 -6.1975e-09 0.974703 0 0 1 0.158042 0.158042 0.974703 0 0 1 0.0796506 0.192293 0.9781 0 0 1 -3.37857e-05 -1.39639e-05 1 -2.33133e-05 -2.32917e-05 1 -0.0470398 0.0469939 0.997787 -0.0236071 0.0569011 0.998101 -7.6343e-09 -3.23779e-05 1 -0.0664918 -3.24733e-05 0.997787 2.28932e-05 -2.2904e-05 1 -0.046994 -0.0470397 0.997787 3.22303e-05 -1.33502e-05 1 -0.0235424 -0.0569278 0.998101 -0.0357127 -0.987152 -0.155743 -0.701009 -0.712302 0.0348244 -0.906293 -0.403999 0.124171 -0.586549 -0.809914 -5.30023e-08 0.282981 -0.540028 -0.792648 -0.748424 0.161868 -0.643164 0.702397 0.708668 0.0665465 -1.1649e-05 1 0.000174806 -0.00263291 0.999997 0 0.910186 0.386893 0.147902 -0.702462 0.708668 -0.0658518 -0.910532 0.386892 -0.145763 </float_array>
          <technique_common>
            <accessor count="32" offset="0" source="#meshId30-tangents-array" stride="3">
              <param name="X" type="float" />
              <param name="Y" type="float" />
              <param name="Z" type="float" />
            </accessor>
          </technique_common>
        </source>
        <source id="meshId30-bitangents" name="meshId30-bitangents">
          <float_array id="meshId30-bitangents-array" count="96"> -0.923879 -0.382684 6.70552e-08 -0.707107 -0.707107 5.21541e-08 -0.707107 -0.707107 0 -0.92388 -0.382684 9.42515e-09 -2.77287e-08 -1 -4.44089e-16 0 -1 0 0.707106 -0.707107 -7.45058e-09 0.707106 -0.707107 0 0.923879 -0.382684 -7.45058e-09 0.923879 -0.382684 0 -0.92388 -0.382683 -3.65576e-05 -0.707107 -0.707107 -3.29547e-05 -0.707105 -0.707108 -3.23653e-05 -0.923879 -0.382685 -3.49414e-05 2.47176e-13 -1 -3.23779e-05 2.15921e-06 -1 -3.24014e-05 0.707107 -0.707106 -3.23835e-05 0.707108 -0.707105 -3.22312e-05 0.92388 -0.382683 -3.48858e-05 0.92388 -0.382681 -3.48669e-05 -0.220633 0.159785 -0.96218 -0.183205 0.132677 -0.97408 -0.196293 0.142155 -0.970186 -0.809914 0.586549 -2.79349e-07 -0.667007 0.483061 -0.567233 -0.547502 0.396513 0.736898 -0.094072 -0.000247661 0.995565 -0.0664918 -0.000175193 0.997787 -0.999997 -0.00263291 0 -0.160218 -0.000421196 0.987082 -0.0935818 -0.000246853 0.995612 -0.158246 -0.000416845 0.9874 </float_array>
          <technique_common>
            <accessor count="32" offset="0" source="#meshId30-bitangents-array" stride="3">
              <param name="X" type="float" />
              <param name="Y" type="float" />
              <param name="Z" type="float" />
            </accessor>
          </technique_common>
        </source>
        <source id="meshId30-tex0" name="meshId30-tex0">
          <float_array id="meshId30-tex0-array" count="64"> 0.297208 0.383475 0.297208 0.371643 0.347963 0.371643 0.347963 0.383475 0.297208 0.35981 0.347963 0.35981 0.297208 0.347977 0.347963 0.347977 0.297208 0.336144 0.347963 0.336144 0.00228324 0.931852 0.00228278 0.920019 0.176647 0.920013 0.176647 0.931845 0.0022824 0.908186 0.176646 0.90818 0.00228192 0.896353 0.176646 0.896347 0.00228151 0.88452 0.176646 0.884514 0.13557 0.688026 0.14708 0.685282 0.15716 0.69148 0.144686 0.700614 0.129372 0.698106 0.132116 0.709616 0.358649 0.369543 0.369569 0.364986 0.36961 0.380492 0.35415 0.380487 0.380513 0.369486 0.38507 0.380406 </float_array>
          <technique_common>
            <accessor count="32" offset="0" source="#meshId30-tex0-array" stride="2">
              <param name="S" type="float" />
              <param name="T" type="float" />
            </accessor>
          </technique_common>
        </source>
        <vertices id="meshId30-vertices">
          <input semantic="POSITION" source="#meshId30-positions" />
        </vertices>
        <polylist count="24" material="defaultMaterial">
          <input offset="0" semantic="VERTEX" source="#meshId30-vertices" />
          <input offset="0" semantic="NORMAL" source="#meshId30-normals" />
          <input offset="0" semantic="TANGENT" source="#meshId30-tangents" />
          <input offset="0" semantic="BINORMAL" source="#meshId30-bitangents" />
          <input offset="0" semantic="TEXCOORD" source="#meshId30-tex0" set="0" />
          <vcount>3 3 3 3 3 3 3 3 3 3 3 3 3 3 3 3 3 3 3 3 3 3 3 3 </vcount>
          <p>3 0 1 1 2 3 2 1 4 4 5 2 5 4 6 6 7 5 7 6 8 8 9 7 13 10 11 11 12 13 12 11 14 14 15 12 15 14 16 16 17 15 17 16 18 18 19 17 23 20 21 21 22 23 25 24 20 20 23 25 29 26 27 27 28 29 28 27 30 30 31 28 </p>
        </polylist>
      </mesh>
    </geometry>
    <geometry id="meshId31" name="meshId31_name" >
      <mesh>
        <source id="meshId31-positions" name="meshId31-positions">
          <float_array id="meshId31-positions-array" count="96"> 0.163932 -0.188638 -0.010747 0.0798089 -0.188638 -0.010747 0.0798089 -0.397997 -0.010747 0.163932 -0.397997 -0.010747 0.163932 -0.188638 -0.220106 0.0798089 -0.188638 -0.220106 0.0798089 -0.397997 -0.220106 0.0798089 -0.188638 -0.220106 0.163932 -0.188638 -0.220106 0.163932 -0.397997 -0.220106 0.134981 -0.210611 -0.198133 0.134981 -0.210611 -0.0327208 0.134981 -0.376023 -0.0327208 0.134981 -0.376023 -0.198133 0.163932 -0.397997 -0.220106 0.162185 -0.376023 -0.198133 0.162185 -0.376023 -0.0327208 0.163932 -0.397997 -0.010747 0.163932 -0.188638 -0.220106 0.162185 -0.210611 -0.198133 0.163932 -0.188638 -0.010747 0.162185 -0.210611 -0.0327208 0.162185 -0.376023 -0.198133 0.134981 -0.376023 -0.198133 0.134981 -0.376023 -0.0327208 0.162185 -0.376023 -0.0327208 0.162185 -0.210611 -0.198133 0.134981 -0.210611 -0.198133 0.134981 -0.210611 -0.198133 0.162185 -0.210611 -0.198133 0.162185 -0.210611 -0.0327208 0.134981 -0.210611 -0.0327208 </float_array>
          <technique_common>
            <accessor count="32" offset="0" source="#meshId31-positions-array" stride="3">
              <param name="X" type="float" />
              <param name="Y" type="float" />
              <param name="Z" type="float" />
            </accessor>
          </technique_common>
        </source>
        <source id="meshId31-normals" name="meshId31-normals">
          <float_array id="meshId31-normals-array" count="96"> 0.164917 0.697425 0.697425 0 0.707107 0.707107 0 -0.707107 0.707107 0.164917 -0.697425 0.697425 0.164917 0.697425 -0.697425 0 0.707107 -0.707107 0 -0.707107 -0.707107 0 0.707107 -0.707107 0.164917 0.697425 -0.697425 0.164917 -0.697425 -0.697425 0.974002 -0.160186 0.160186 0.974002 -0.160186 -0.160186 0.974002 0.160186 -0.160186 0.974002 0.160186 0.160186 0.164917 -0.697425 -0.697425 0.86813 0.350963 0.350963 0.86813 0.350963 -0.350963 0.164917 -0.697425 0.697425 0.164917 0.697425 -0.697425 0.86813 -0.350963 0.350963 0.164917 0.697425 0.697425 0.86813 -0.350963 -0.350963 0.86813 0.350963 0.350963 0.974002 0.160186 0.160186 0.974002 0.160186 -0.160186 0.86813 0.350963 -0.350963 0.86813 -0.350963 0.350963 0.974002 -0.160186 0.160186 0.974002 -0.160186 0.160186 0.86813 -0.350963 0.350963 0.86813 -0.350963 -0.350963 0.974002 -0.160186 -0.160186 </float_array>
          <technique_common>
            <accessor count="32" offset="0" source="#meshId31-normals-array" stride="3">
              <param name="X" type="float" />
              <param name="Y" type="float" />
              <param name="Z" type="float" />
            </accessor>
          </technique_common>
        </source>
        <source id="meshId31-tangents" name="meshId31-tangents">
          <float_array id="meshId31-tangents-array" count="96"> -0.000226897 0.707133 -0.70708 -0.000238884 0.707107 -0.707107 -0.000237927 0.707107 0.707107 -0.000225726 0.70708 0.707134 -0.160716 -0.678654 -0.716658 -0.000240283 -0.707107 -0.707107 -0.000237911 -0.707107 0.707107 -0.000236514 -0.707107 -0.707107 0.16027 -0.716658 -0.67876 -0.000225355 -0.707133 0.70708 0.158063 -0.0259953 -0.987087 -0.158063 0.0259953 -0.987087 -0.158063 -0.0259953 -0.987087 0.158063 0.0259953 -0.987087 -0.106737 0.690334 -0.715574 0.330669 0.118365 -0.936295 -0.330878 -0.117839 -0.936287 0.106826 -0.690317 -0.715578 -0.106827 -0.690316 -0.715578 0.33088 -0.117834 -0.936287 0.106742 0.690333 -0.715574 -0.330677 0.118344 -0.936295 -0.496337 0.613999 0.613722 -0.226538 0.689026 0.688421 -0.226538 0.688404 -0.689043 -0.496337 0.613715 -0.614006 -0.496337 -0.613707 0.614015 -0.226538 -0.688387 0.68906 -0.226538 -0.68842 0.689027 -0.496337 -0.613722 0.613999 -0.496337 -0.613999 -0.613723 -0.226538 -0.689026 -0.688421 </float_array>
          <technique_common>
            <accessor count="32" offset="0" source="#meshId31-tangents-array" stride="3">
              <param name="X" type="float" />
              <param name="Y" type="float" />
              <param name="Z" type="float" />
            </accessor>
          </technique_common>
        </source>
        <source id="meshId31-bitangents" name="meshId31-bitangents">
          <float_array id="meshId31-bitangents-array" count="96"> -0.986307 0.116451 0.116776 -1 -0.000168916 0.000168916 -1 -0.00016824 -0.00016824 -0.986307 -0.116776 0.116452 -0.973125 0.230276 0.000165664 -1 0.000169906 0.000169906 -1 0.000168229 -0.000168229 -1 0.00016724 0.000167241 -0.973199 0.000162758 -0.229965 -0.986308 -0.116452 -0.116775 0.162282 0.986744 0 0.162282 0.986744 1.86265e-09 -0.162282 0.986744 0 -0.162282 0.986744 1.86265e-09 0.980515 0.192451 0.0394065 -0.370147 0.928878 -0.0132969 -0.369959 0.928945 0.0138267 0.980505 0.192514 -0.0393418 -0.980505 0.192515 -0.0393408 0.369958 0.928946 0.013831 -0.980514 0.192455 0.0394029 0.370139 0.928881 -0.0133169 -9.73046e-05 -0.706987 0.707227 -9.69544e-05 -0.706812 0.707401 -0.000102237 0.707418 0.706796 -0.000102058 0.707233 0.70698 -0.000107884 -0.70724 -0.706973 -0.00010778 -0.707435 -0.706779 -9.71258e-05 -0.707402 -0.706811 -9.71407e-05 -0.707227 -0.706986 -9.71109e-05 0.706987 -0.707227 -9.69246e-05 0.706812 -0.707401 </float_array>
          <technique_common>
            <accessor count="32" offset="0" source="#meshId31-bitangents-array" stride="3">
              <param name="X" type="float" />
              <param name="Y" type="float" />
              <param name="Z" type="float" />
            </accessor>
          </technique_common>
        </source>
        <source id="meshId31-tex0" name="meshId31-tex0">
          <float_array id="meshId31-tex0-array" count="64"> 0.896178 0.331899 0.896183 0.356097 0.835959 0.356107 0.835955 0.331909 0.956402 0.331888 0.956407 0.356087 0.775735 0.356117 0.715511 0.356128 0.715507 0.331929 0.775731 0.331919 0.629688 0.302035 0.582106 0.302035 0.582106 0.254453 0.629688 0.254453 0.223738 0.651356 0.217401 0.657694 0.169808 0.657703 0.16347 0.651365 0.223748 0.711624 0.21741 0.705286 0.16348 0.711633 0.169817 0.705295 0.00633361 0.568533 0.014159 0.568534 0.0141523 0.616116 0.00632687 0.616115 0.00634031 0.520951 0.0141657 0.520952 0.0141388 0.71128 0.00631331 0.711278 0.00632011 0.663697 0.0141455 0.663698 </float_array>
          <technique_common>
            <accessor count="32" offset="0" source="#meshId31-tex0-array" stride="2">
              <param name="S" type="float" />
              <param name="T" type="float" />
            </accessor>
          </technique_common>
        </source>
        <vertices id="meshId31-vertices">
          <input semantic="POSITION" source="#meshId31-positions" />
        </vertices>
        <polylist count="26" material="defaultMaterial">
          <input offset="0" semantic="VERTEX" source="#meshId31-vertices" />
          <input offset="0" semantic="NORMAL" source="#meshId31-normals" />
          <input offset="0" semantic="TANGENT" source="#meshId31-tangents" />
          <input offset="0" semantic="BINORMAL" source="#meshId31-bitangents" />
          <input offset="0" semantic="TEXCOORD" source="#meshId31-tex0" set="0" />
          <vcount>3 3 3 3 3 3 3 3 3 3 3 3 3 3 3 3 3 3 3 3 3 3 3 3 3 3 </vcount>
          <p>3 0 1 1 2 3 0 4 5 5 1 0 9 6 7 7 8 9 3 2 6 6 9 3 13 10 11 11 12 13 17 14 15 15 16 17 14 18 19 19 15 14 21 19 18 18 20 21 16 21 20 20 17 16 25 22 23 23 24 25 22 26 27 27 23 22 31 28 29 29 30 31 24 31 30 30 25 24 </p>
        </polylist>
      </mesh>
    </geometry>
    <geometry id="meshId32" name="meshId32_name" >
      <mesh>
        <source id="meshId32-positions" name="meshId32-positions">
          <float_array id="meshId32-positions-array" count="24"> 0.129231 -0.208508 -0.121468 0.159338 -0.208508 -0.121468 0.159338 -0.378127 -0.121468 0.129231 -0.378127 -0.121468 0.159338 -0.208508 -0.109793 0.159338 -0.378127 -0.109793 0.129231 -0.208508 -0.109793 0.129231 -0.378127 -0.109793 </float_array>
          <technique_common>
            <accessor count="8" offset="0" source="#meshId32-positions-array" stride="3">
              <param name="X" type="float" />
              <param name="Y" type="float" />
              <param name="Z" type="float" />
            </accessor>
          </technique_common>
        </source>
        <source id="meshId32-normals" name="meshId32-normals">
          <float_array id="meshId32-normals-array" count="24"> 0 0 -1 0.361547 0 -0.932354 0.361547 0 -0.932354 0 0 -1 0.361551 0 0.932352 0.361551 0 0.932352 -4.13267e-07 0 1 -4.13267e-07 0 1 </float_array>
          <technique_common>
            <accessor count="8" offset="0" source="#meshId32-normals-array" stride="3">
              <param name="X" type="float" />
              <param name="Y" type="float" />
              <param name="Z" type="float" />
            </accessor>
          </technique_common>
        </source>
        <source id="meshId32-tangents" name="meshId32-tangents">
          <float_array id="meshId32-tangents-array" count="24"> -0.00146837 -0.999999 0 -0.000885819 -1 -0.000343502 -0.000887178 -1 -0.000344028 -0.00147053 -0.999999 0 0.000885694 -1 -0.000343457 0.000886108 -1 -0.000343618 0.00146836 -0.999999 6.06823e-10 0.00146835 -0.999999 6.06822e-10 </float_array>
          <technique_common>
            <accessor count="8" offset="0" source="#meshId32-tangents-array" stride="3">
              <param name="X" type="float" />
              <param name="Y" type="float" />
              <param name="Z" type="float" />
            </accessor>
          </technique_common>
        </source>
        <source id="meshId32-bitangents" name="meshId32-bitangents">
          <float_array id="meshId32-bitangents-array" count="24"> -0.999999 0.00146837 0 -0.932354 0.000950089 -0.361547 -0.932354 0.000951546 -0.361546 -0.999999 0.00147053 0 0.932352 0.000949956 -0.361551 0.932352 0.0009504 -0.361551 0.999999 0.00146836 4.13266e-07 0.999999 0.00146835 4.13266e-07 </float_array>
          <technique_common>
            <accessor count="8" offset="0" source="#meshId32-bitangents-array" stride="3">
              <param name="X" type="float" />
              <param name="Y" type="float" />
              <param name="Z" type="float" />
            </accessor>
          </technique_common>
        </source>
        <source id="meshId32-tex0" name="meshId32-tex0">
          <float_array id="meshId32-tex0-array" count="16"> 0.281627 0.764135 0.281614 0.755475 0.330406 0.755403 0.330419 0.764063 0.281609 0.752116 0.330401 0.752045 0.281597 0.743456 0.330389 0.743384 </float_array>
          <technique_common>
            <accessor count="8" offset="0" source="#meshId32-tex0-array" stride="2">
              <param name="S" type="float" />
              <param name="T" type="float" />
            </accessor>
          </technique_common>
        </source>
        <vertices id="meshId32-vertices">
          <input semantic="POSITION" source="#meshId32-positions" />
        </vertices>
        <polylist count="6" material="defaultMaterial">
          <input offset="0" semantic="VERTEX" source="#meshId32-vertices" />
          <input offset="0" semantic="NORMAL" source="#meshId32-normals" />
          <input offset="0" semantic="TANGENT" source="#meshId32-tangents" />
          <input offset="0" semantic="BINORMAL" source="#meshId32-bitangents" />
          <input offset="0" semantic="TEXCOORD" source="#meshId32-tex0" set="0" />
          <vcount>3 3 3 3 3 3 </vcount>
          <p>3 0 1 1 2 3 5 2 1 1 4 5 7 5 4 4 6 7 </p>
        </polylist>
      </mesh>
    </geometry>
    <geometry id="meshId33" name="meshId33_name" >
      <mesh>
        <source id="meshId33-positions" name="meshId33-positions">
          <float_array id="meshId33-positions-array" count="24"> 0.12818 -0.28748 -0.0308211 0.158287 -0.28748 -0.0308212 0.158287 -0.28748 -0.20044 0.12818 -0.28748 -0.20044 0.158287 -0.299155 -0.0308212 0.158287 -0.299155 -0.20044 0.12818 -0.299155 -0.0308213 0.12818 -0.299155 -0.20044 </float_array>
          <technique_common>
            <accessor count="8" offset="0" source="#meshId33-positions-array" stride="3">
              <param name="X" type="float" />
              <param name="Y" type="float" />
              <param name="Z" type="float" />
            </accessor>
          </technique_common>
        </source>
        <source id="meshId33-normals" name="meshId33-normals">
          <float_array id="meshId33-normals-array" count="24"> 4.30148e-07 1 1.37749e-07 0.361546 0.932354 1.28431e-07 0.361546 0.932354 1.28431e-07 4.30148e-07 1 1.37749e-07 0.36155 -0.932352 0 0.361551 -0.932352 0 0 -1 0 0 -1 0 </float_array>
          <technique_common>
            <accessor count="8" offset="0" source="#meshId33-normals-array" stride="3">
              <param name="X" type="float" />
              <param name="Y" type="float" />
              <param name="Z" type="float" />
            </accessor>
          </technique_common>
        </source>
        <source id="meshId33-tangents" name="meshId33-tangents">
          <float_array id="meshId33-tangents-array" count="24"> -0.00147082 1.38382e-07 -0.999999 -0.000887185 0.000344168 -1 -0.000887131 0.000344147 -1 -0.00147082 1.38382e-07 -0.999999 0.000887184 0.000344035 -1 0.000887206 0.000344044 -1 0.00147082 0 -0.999999 0.00147082 0 -0.999999 </float_array>
          <technique_common>
            <accessor count="8" offset="0" source="#meshId33-tangents-array" stride="3">
              <param name="X" type="float" />
              <param name="Y" type="float" />
              <param name="Z" type="float" />
            </accessor>
          </technique_common>
        </source>
        <source id="meshId33-bitangents" name="meshId33-bitangents">
          <float_array id="meshId33-bitangents-array" count="24"> -0.999999 4.29945e-07 0.00147082 -0.932354 0.361546 0.000951604 -0.932354 0.361546 0.000951545 -0.999999 4.29945e-07 0.00147082 0.932352 0.36155 0.000951554 0.932352 0.361551 0.000951578 0.999999 0 0.00147082 0.999999 0 0.00147082 </float_array>
          <technique_common>
            <accessor count="8" offset="0" source="#meshId33-bitangents-array" stride="3">
              <param name="X" type="float" />
              <param name="Y" type="float" />
              <param name="Z" type="float" />
            </accessor>
          </technique_common>
        </source>
        <source id="meshId33-tex0" name="meshId33-tex0">
          <float_array id="meshId33-tex0-array" count="16"> 0.168414 0.558572 0.168401 0.549912 0.217193 0.54984 0.217206 0.558501 0.168396 0.546554 0.217188 0.546482 0.168383 0.537893 0.217175 0.537821 </float_array>
          <technique_common>
            <accessor count="8" offset="0" source="#meshId33-tex0-array" stride="2">
              <param name="S" type="float" />
              <param name="T" type="float" />
            </accessor>
          </technique_common>
        </source>
        <vertices id="meshId33-vertices">
          <input semantic="POSITION" source="#meshId33-positions" />
        </vertices>
        <polylist count="6" material="defaultMaterial">
          <input offset="0" semantic="VERTEX" source="#meshId33-vertices" />
          <input offset="0" semantic="NORMAL" source="#meshId33-normals" />
          <input offset="0" semantic="TANGENT" source="#meshId33-tangents" />
          <input offset="0" semantic="BINORMAL" source="#meshId33-bitangents" />
          <input offset="0" semantic="TEXCOORD" source="#meshId33-tex0" set="0" />
          <vcount>3 3 3 3 3 3 </vcount>
          <p>3 0 1 1 2 3 5 2 1 1 4 5 7 5 4 4 6 7 </p>
        </polylist>
      </mesh>
    </geometry>
    <geometry id="meshId34" name="meshId34_name" >
      <mesh>
        <source id="meshId34-positions" name="meshId34-positions">
          <float_array id="meshId34-positions-array" count="90"> -0.00338305 -0.188638 -0.860917 -0.003384 -0.188638 -0.776794 -0.003384 -0.397997 -0.776794 -0.00338305 -0.397997 -0.860917 -0.424211 -0.188638 -0.860917 -0.424211 -0.188638 -0.776794 -0.424211 -0.397997 -0.776794 -0.424211 -0.188638 -0.776794 -0.424211 -0.188638 -0.860917 -0.424211 -0.397997 -0.860917 -0.400509 -0.210611 -0.831966 -0.0270842 -0.210611 -0.831966 -0.0270842 -0.376023 -0.831966 -0.400509 -0.376023 -0.831966 -0.424211 -0.397997 -0.860917 -0.400509 -0.376023 -0.85917 -0.0270842 -0.376023 -0.85917 -0.00338305 -0.397997 -0.860917 -0.424211 -0.188638 -0.860917 -0.400509 -0.210611 -0.85917 -0.00338305 -0.188638 -0.860917 -0.0270842 -0.210611 -0.85917 -0.400509 -0.376023 -0.85917 -0.400509 -0.376023 -0.831966 -0.0270842 -0.376023 -0.831966 -0.0270842 -0.376023 -0.85917 -0.400509 -0.210611 -0.85917 -0.400509 -0.210611 -0.831966 -0.0270842 -0.210611 -0.85917 -0.0270842 -0.210611 -0.831966 </float_array>
          <technique_common>
            <accessor count="30" offset="0" source="#meshId34-positions-array" stride="3">
              <param name="X" type="float" />
              <param name="Y" type="float" />
              <param name="Z" type="float" />
            </accessor>
          </technique_common>
        </source>
        <source id="meshId34-normals" name="meshId34-normals">
          <float_array id="meshId34-normals-array" count="90"> 0.439278 0.883339 -0.163546 0.445416 0.895324 4.78955e-06 0.445416 -0.895324 5.01179e-06 0.439278 -0.883339 -0.163545 -0.439274 0.88334 -0.163551 -0.445419 0.895323 -8.33215e-07 -0.445419 -0.895323 -6.10969e-07 -0.445419 0.895323 -8.33215e-07 -0.439274 0.88334 -0.163551 -0.439274 -0.88334 -0.16355 0.0716991 -0.161864 -0.984205 -0.0716991 -0.161864 -0.984205 -0.0716991 0.161864 -0.984205 0.0716991 0.161864 -0.984205 -0.439274 -0.88334 -0.16355 0.213569 0.480709 -0.850475 -0.213571 0.480712 -0.850473 0.439278 -0.883339 -0.163545 -0.439274 0.88334 -0.163551 0.213569 -0.480709 -0.850475 0.439278 0.883339 -0.163546 -0.21357 -0.480711 -0.850473 0.213569 0.480709 -0.850475 0.0716991 0.161864 -0.984205 -0.0716991 0.161864 -0.984205 -0.213571 0.480712 -0.850473 0.213569 -0.480709 -0.850475 0.0716991 -0.161864 -0.984205 -0.21357 -0.480711 -0.850473 -0.0716991 -0.161864 -0.984205 </float_array>
          <technique_common>
            <accessor count="30" offset="0" source="#meshId34-normals-array" stride="3">
              <param name="X" type="float" />
              <param name="Y" type="float" />
              <param name="Z" type="float" />
            </accessor>
          </technique_common>
        </source>
        <source id="meshId34-tangents" name="meshId34-tangents">
          <float_array id="meshId34-tangents-array" count="90"> -0.0728104 -0.146444 -0.986536 1.38912e-05 -1.56121e-06 -1 1.13642e-05 5.58641e-08 -1 -0.0728138 0.146442 -0.986536 0.0728335 -0.146438 -0.986535 1.01261e-05 4.10707e-06 -1 4.67288e-06 -1.64233e-06 -1 -2.58866e-06 -2.21848e-06 -1 0.0728193 -0.146445 -0.986535 0.0728291 0.14644 -0.986535 -0.997426 -0.0117625 -0.0707277 -0.997426 0.0115084 0.0707695 -0.997426 -0.0117625 0.0707277 -0.997426 0.0115084 -0.0707695 0.831855 -0.468701 0.297214 0.107358 -0.876836 -0.468649 -0.107402 -0.876835 -0.468642 -0.83186 -0.468702 0.297199 -0.831856 -0.468701 -0.29721 -0.107398 -0.876837 0.468639 0.831858 -0.468702 -0.297205 0.107358 -0.876835 0.468652 1 0 0 1 0 0 1 0 0 1 0 0 1 0 0 1 0 0 1 0 0 1 0 0 </float_array>
          <technique_common>
            <accessor count="30" offset="0" source="#meshId34-tangents-array" stride="3">
              <param name="X" type="float" />
              <param name="Y" type="float" />
              <param name="Z" type="float" />
            </accessor>
          </technique_common>
        </source>
        <source id="meshId34-bitangents" name="meshId34-bitangents">
          <float_array id="meshId34-bitangents-array" count="90"> -0.895396 0.445271 -1.32844e-05 -0.895324 0.445416 -1.31325e-05 0.895324 0.445416 1.01996e-05 0.895396 0.445272 9.40263e-06 -0.895396 -0.445272 -1.0252e-05 -0.895323 -0.445419 -1.08955e-05 0.895323 -0.445419 4.91526e-06 -0.895323 -0.445419 3.30584e-06 -0.895397 -0.445269 5.37187e-06 0.895396 -0.445271 5.57303e-06 -0.000128384 0.986743 -0.162291 -0.000128384 0.986746 -0.162273 -0.000128384 0.986743 0.162291 -0.000128384 0.986746 0.162273 -0.339197 -0.00549155 0.940699 -0.971011 0.00878398 -0.238873 -0.971006 -0.00874597 0.238895 -0.339182 0.00549378 -0.940705 -0.339194 0.00549373 0.9407 -0.971007 -0.00874792 -0.238892 -0.339187 -0.00549136 -0.940703 -0.971011 0.00878561 0.238874 -0 0.850475 0.480709 -0 0.984205 0.161864 -0 0.984205 0.161864 -0 0.850473 0.480712 -0 0.850475 -0.480709 -0 0.984205 -0.161864 -0 0.850473 -0.480711 -0 0.984205 -0.161864 </float_array>
          <technique_common>
            <accessor count="30" offset="0" source="#meshId34-bitangents-array" stride="3">
              <param name="X" type="float" />
              <param name="Y" type="float" />
              <param name="Z" type="float" />
            </accessor>
          </technique_common>
        </source>
        <source id="meshId34-tex0" name="meshId34-tex0">
          <float_array id="meshId34-tex0-array" count="60"> 0.606217 0.810093 0.582243 0.810092 0.582243 0.750427 0.606217 0.750427 0.606216 0.930025 0.582241 0.930025 0.582242 0.630494 0.582241 0.570829 0.606216 0.570829 0.606216 0.630494 0.714436 0.655791 0.657638 0.655783 0.657642 0.630625 0.714439 0.630632 0.445677 0.523228 0.439398 0.516459 0.439398 0.410029 0.445678 0.403262 0.385974 0.523227 0.392254 0.51646 0.385975 0.403262 0.392254 0.41003 0.41917 0.348211 0.41917 0.348211 0.41917 0.348211 0.41917 0.348211 0.41917 0.348211 0.41917 0.348211 0.41917 0.348211 0.41917 0.348211 </float_array>
          <technique_common>
            <accessor count="30" offset="0" source="#meshId34-tex0-array" stride="2">
              <param name="S" type="float" />
              <param name="T" type="float" />
            </accessor>
          </technique_common>
        </source>
        <vertices id="meshId34-vertices">
          <input semantic="POSITION" source="#meshId34-positions" />
        </vertices>
        <polylist count="26" material="defaultMaterial">
          <input offset="0" semantic="VERTEX" source="#meshId34-vertices" />
          <input offset="0" semantic="NORMAL" source="#meshId34-normals" />
          <input offset="0" semantic="TANGENT" source="#meshId34-tangents" />
          <input offset="0" semantic="BINORMAL" source="#meshId34-bitangents" />
          <input offset="0" semantic="TEXCOORD" source="#meshId34-tex0" set="0" />
          <vcount>3 3 3 3 3 3 3 3 3 3 3 3 3 3 3 3 3 3 3 3 3 3 3 3 3 3 </vcount>
          <p>3 0 1 1 2 3 0 4 5 5 1 0 9 6 7 7 8 9 3 2 6 6 9 3 13 10 11 11 12 13 17 14 15 15 16 17 14 18 19 19 15 14 21 19 18 18 20 21 16 21 20 20 17 16 25 22 23 23 24 25 22 26 27 27 23 22 29 27 26 26 28 29 24 29 28 28 25 24 </p>
        </polylist>
      </mesh>
    </geometry>
    <geometry id="meshId35" name="meshId35_name" >
      <mesh>
        <source id="meshId35-positions" name="meshId35-positions">
          <float_array id="meshId35-positions-array" count="24"> -0.219839 -0.208508 -0.823521 -0.219839 -0.208508 -0.85861 -0.219839 -0.378127 -0.85861 -0.219839 -0.378127 -0.823521 -0.208164 -0.208508 -0.85861 -0.208164 -0.378127 -0.85861 -0.208164 -0.208508 -0.823522 -0.208164 -0.378127 -0.823522 </float_array>
          <technique_common>
            <accessor count="8" offset="0" source="#meshId35-positions-array" stride="3">
              <param name="X" type="float" />
              <param name="Y" type="float" />
              <param name="Z" type="float" />
            </accessor>
          </technique_common>
        </source>
        <source id="meshId35-normals" name="meshId35-normals">
          <float_array id="meshId35-normals-array" count="24"> -1 0 0 -0.948856 0 -0.315709 -0.948856 0 -0.315709 -1 0 0 0.948855 0 -0.315713 0.948855 0 -0.315713 1 0 0 1 0 0 </float_array>
          <technique_common>
            <accessor count="8" offset="0" source="#meshId35-normals-array" stride="3">
              <param name="X" type="float" />
              <param name="Y" type="float" />
              <param name="Z" type="float" />
            </accessor>
          </technique_common>
        </source>
        <source id="meshId35-tangents" name="meshId35-tangents">
          <float_array id="meshId35-tangents-array" count="24"> 0 -7.34381e-05 1 -0.315709 -6.64877e-05 0.948856 -0.315709 -0.000114137 0.948856 0 -5.87647e-05 1 -0.315713 -6.42424e-05 -0.948855 -0.315713 -0.000122232 -0.948855 0 -6.78913e-05 -1 0 -7.26952e-05 -1 </float_array>
          <technique_common>
            <accessor count="8" offset="0" source="#meshId35-tangents-array" stride="3">
              <param name="X" type="float" />
              <param name="Y" type="float" />
              <param name="Z" type="float" />
            </accessor>
          </technique_common>
        </source>
        <source id="meshId35-bitangents" name="meshId35-bitangents">
          <float_array id="meshId35-bitangents-array" count="24"> 0 1 7.34381e-05 -2.09908e-05 1 6.30872e-05 -3.60343e-05 1 0.0001083 0 1 5.87647e-05 -2.02822e-05 1 -6.09568e-05 -3.85901e-05 1 -0.00011598 0 1 -6.78913e-05 0 1 -7.26952e-05 </float_array>
          <technique_common>
            <accessor count="8" offset="0" source="#meshId35-bitangents-array" stride="3">
              <param name="X" type="float" />
              <param name="Y" type="float" />
              <param name="Z" type="float" />
            </accessor>
          </technique_common>
        </source>
        <source id="meshId35-tex0" name="meshId35-tex0">
          <float_array id="meshId35-tex0-array" count="16"> 0.418506 0.463012 0.408413 0.463011 0.408416 0.414219 0.418509 0.41422 0.405054 0.463011 0.405058 0.414219 0.394961 0.46301 0.394964 0.414218 </float_array>
          <technique_common>
            <accessor count="8" offset="0" source="#meshId35-tex0-array" stride="2">
              <param name="S" type="float" />
              <param name="T" type="float" />
            </accessor>
          </technique_common>
        </source>
        <vertices id="meshId35-vertices">
          <input semantic="POSITION" source="#meshId35-positions" />
        </vertices>
        <polylist count="6" material="defaultMaterial">
          <input offset="0" semantic="VERTEX" source="#meshId35-vertices" />
          <input offset="0" semantic="NORMAL" source="#meshId35-normals" />
          <input offset="0" semantic="TANGENT" source="#meshId35-tangents" />
          <input offset="0" semantic="BINORMAL" source="#meshId35-bitangents" />
          <input offset="0" semantic="TEXCOORD" source="#meshId35-tex0" set="0" />
          <vcount>3 3 3 3 3 3 </vcount>
          <p>3 0 1 1 2 3 5 2 1 1 4 5 7 5 4 4 6 7 </p>
        </polylist>
      </mesh>
    </geometry>
    <geometry id="meshId36" name="meshId36_name" >
      <mesh>
        <source id="meshId36-positions" name="meshId36-positions">
          <float_array id="meshId36-positions-array" count="24"> -0.0284445 -0.28748 -0.820184 -0.0284446 -0.28748 -0.855272 -0.399559 -0.28748 -0.855272 -0.399559 -0.28748 -0.820184 -0.0284446 -0.299155 -0.855272 -0.399559 -0.299155 -0.855272 -0.0284447 -0.299155 -0.820184 -0.399559 -0.299155 -0.820184 </float_array>
          <technique_common>
            <accessor count="8" offset="0" source="#meshId36-positions-array" stride="3">
              <param name="X" type="float" />
              <param name="Y" type="float" />
              <param name="Z" type="float" />
            </accessor>
          </technique_common>
        </source>
        <source id="meshId36-normals" name="meshId36-normals">
          <float_array id="meshId36-normals-array" count="24"> 3.4896e-08 1 -4.32164e-07 8.43689e-08 0.948856 -0.315709 8.43689e-08 0.948856 -0.315709 3.4896e-08 1 -4.32164e-07 5.12582e-08 -0.948855 -0.315712 5.12583e-08 -0.948855 -0.315713 1.03037e-13 -1 -1.94333e-07 1.03037e-13 -1 -1.94333e-07 </float_array>
          <technique_common>
            <accessor count="8" offset="0" source="#meshId36-normals-array" stride="3">
              <param name="X" type="float" />
              <param name="Y" type="float" />
              <param name="Z" type="float" />
            </accessor>
          </technique_common>
        </source>
        <source id="meshId36-tangents" name="meshId36-tangents">
          <float_array id="meshId36-tangents-array" count="24"> -1 3.50341e-08 0.00031937 -1 6.38694e-05 0.000191691 -1 6.37833e-05 0.000191432 -1 3.5034e-08 0.00031922 -1 6.35005e-05 -0.00019101 -1 6.39226e-05 -0.000192278 -1 6.15543e-11 -0.000317286 -1 6.21688e-11 -0.000320444 </float_array>
          <technique_common>
            <accessor count="8" offset="0" source="#meshId36-tangents-array" stride="3">
              <param name="X" type="float" />
              <param name="Y" type="float" />
              <param name="Z" type="float" />
            </accessor>
          </technique_common>
        </source>
        <source id="meshId36-bitangents" name="meshId36-bitangents">
          <float_array id="meshId36-bitangents-array" count="24"> 0.00031937 4.32153e-07 1 0.000202051 0.315709 0.948856 0.000201778 0.315709 0.948856 0.00031922 4.32153e-07 1 0.000201288 0.315712 -0.948855 0.000202625 0.315713 -0.948855 0.000317286 1.94333e-07 -1 0.000320444 1.94333e-07 -1 </float_array>
          <technique_common>
            <accessor count="8" offset="0" source="#meshId36-bitangents-array" stride="3">
              <param name="X" type="float" />
              <param name="Y" type="float" />
              <param name="Z" type="float" />
            </accessor>
          </technique_common>
        </source>
        <source id="meshId36-tex0" name="meshId36-tex0">
          <float_array id="meshId36-tex0-array" count="16"> 0.390609 0.775417 0.390606 0.765324 0.497361 0.76529 0.497364 0.775383 0.390605 0.761965 0.497359 0.761931 0.390602 0.751872 0.497356 0.751838 </float_array>
          <technique_common>
            <accessor count="8" offset="0" source="#meshId36-tex0-array" stride="2">
              <param name="S" type="float" />
              <param name="T" type="float" />
            </accessor>
          </technique_common>
        </source>
        <vertices id="meshId36-vertices">
          <input semantic="POSITION" source="#meshId36-positions" />
        </vertices>
        <polylist count="6" material="defaultMaterial">
          <input offset="0" semantic="VERTEX" source="#meshId36-vertices" />
          <input offset="0" semantic="NORMAL" source="#meshId36-normals" />
          <input offset="0" semantic="TANGENT" source="#meshId36-tangents" />
          <input offset="0" semantic="BINORMAL" source="#meshId36-bitangents" />
          <input offset="0" semantic="TEXCOORD" source="#meshId36-tex0" set="0" />
          <vcount>3 3 3 3 3 3 </vcount>
          <p>3 0 1 1 2 3 5 2 1 1 4 5 7 5 4 4 6 7 </p>
        </polylist>
      </mesh>
    </geometry>
    <geometry id="meshId37" name="meshId37_name" >
      <mesh>
        <source id="meshId37-positions" name="meshId37-positions">
          <float_array id="meshId37-positions-array" count="42"> 0.247194 -0.433978 -0.27107 0.381239 -0.433978 -0.27107 0.381239 -0.425918 -0.27107 0.247194 -0.425918 -0.27107 0.381239 -0.425918 -0.292568 0.247194 -0.425918 -0.292568 0.381239 -0.433978 -0.292568 0.247194 -0.433978 -0.292568 0.381239 -0.433978 -0.27107 0.247194 -0.433978 -0.27107 0.381239 -0.433978 -0.292568 0.381239 -0.425918 -0.292568 0.247194 -0.433978 -0.292568 0.247194 -0.425918 -0.292568 </float_array>
          <technique_common>
            <accessor count="14" offset="0" source="#meshId37-positions-array" stride="3">
              <param name="X" type="float" />
              <param name="Y" type="float" />
              <param name="Z" type="float" />
            </accessor>
          </technique_common>
        </source>
        <source id="meshId37-normals" name="meshId37-normals">
          <float_array id="meshId37-normals-array" count="42"> -0.0562106 -0.934877 0.350492 0.0562106 -0.934877 0.350492 0.0562106 0.934877 0.350492 -0.0562106 0.934877 0.350492 0.0562106 0.934877 -0.350492 -0.0562106 0.934877 -0.350492 0.0562106 -0.934877 -0.350492 -0.0562106 -0.934877 -0.350492 0.0562106 -0.934877 0.350492 -0.0562106 -0.934877 0.350492 0.0562106 -0.934877 -0.350492 0.0562106 0.934877 -0.350492 -0.0562106 -0.934877 -0.350492 -0.0562106 0.934877 -0.350492 </float_array>
          <technique_common>
            <accessor count="14" offset="0" source="#meshId37-normals-array" stride="3">
              <param name="X" type="float" />
              <param name="Y" type="float" />
              <param name="Z" type="float" />
            </accessor>
          </technique_common>
        </source>
        <source id="meshId37-tangents" name="meshId37-tangents">
          <float_array id="meshId37-tangents-array" count="42"> 0.513621 0.273957 0.813106 0.513577 -0.273969 -0.81313 0.749371 0.19247 -0.633561 0.749278 -0.192512 0.633657 0.998419 -0.052592 0.0198427 0.998419 0.0526743 -0.0196231 0.998419 0.0526752 0.0196207 0.998419 -0.052592 -0.0198427 0.998419 0.0525706 -0.0198998 0.998419 -0.0526945 0.0195692 -0.0210482 0.34986 -0.936566 -0.0210233 -0.349861 -0.936566 -0.0210252 -0.349861 0.936566 -0.0210464 0.34986 0.936566 </float_array>
          <technique_common>
            <accessor count="14" offset="0" source="#meshId37-tangents-array" stride="3">
              <param name="X" type="float" />
              <param name="Y" type="float" />
              <param name="Z" type="float" />
            </accessor>
          </technique_common>
        </source>
        <source id="meshId37-bitangents" name="meshId37-bitangents">
          <float_array id="meshId37-bitangents-array" count="42"> -0.856174 0.225725 0.464773 0.8562 0.225711 0.464731 -0.659761 0.298262 -0.689751 0.659866 0.298235 -0.689662 0.000117419 -0.351054 -0.936355 0.000116784 -0.351041 -0.93636 0.000119334 -0.351041 0.93636 0.000117427 -0.351054 0.936355 0.000178238 0.351057 0.936354 0.000174277 0.351038 0.936361 0.998197 0.0600222 -1.16732e-05 -0.998197 0.0600135 -1.16788e-05 -0.998197 0.0600141 9.92231e-06 0.998197 0.0600215 9.94466e-06 </float_array>
          <technique_common>
            <accessor count="14" offset="0" source="#meshId37-bitangents-array" stride="3">
              <param name="X" type="float" />
              <param name="Y" type="float" />
              <param name="Z" type="float" />
            </accessor>
          </technique_common>
        </source>
        <source id="meshId37-tex0" name="meshId37-tex0">
          <float_array id="meshId37-tex0-array" count="28"> 0.025525 0.52119 0.0637269 0.521197 0.0637264 0.523494 0.0255246 0.523487 0.0637253 0.529621 0.0255236 0.529614 0.0637248 0.531918 0.0255231 0.531911 0.0637238 0.538044 0.025522 0.538037 0.0698536 0.521198 0.069853 0.523495 0.0193985 0.521189 0.019398 0.523486 </float_array>
          <technique_common>
            <accessor count="14" offset="0" source="#meshId37-tex0-array" stride="2">
              <param name="S" type="float" />
              <param name="T" type="float" />
            </accessor>
          </technique_common>
        </source>
        <vertices id="meshId37-vertices">
          <input semantic="POSITION" source="#meshId37-positions" />
        </vertices>
        <polylist count="12" material="defaultMaterial">
          <input offset="0" semantic="VERTEX" source="#meshId37-vertices" />
          <input offset="0" semantic="NORMAL" source="#meshId37-normals" />
          <input offset="0" semantic="TANGENT" source="#meshId37-tangents" />
          <input offset="0" semantic="BINORMAL" source="#meshId37-bitangents" />
          <input offset="0" semantic="TEXCOORD" source="#meshId37-tex0" set="0" />
          <vcount>3 3 3 3 3 3 3 3 3 3 3 3 </vcount>
          <p>3 0 1 1 2 3 5 3 2 2 4 5 7 5 4 4 6 7 9 7 6 6 8 9 2 1 10 10 11 2 13 12 0 0 3 13 </p>
        </polylist>
      </mesh>
    </geometry>
    <geometry id="meshId38" name="meshId38_name" >
      <mesh>
        <source id="meshId38-positions" name="meshId38-positions">
          <float_array id="meshId38-positions-array" count="42"> 0.256604 -0.53325 -0.266394 0.256604 -0.426615 -0.266394 0.248544 -0.426615 -0.266394 0.248544 -0.53325 -0.266394 0.248544 -0.426615 -0.297244 0.248544 -0.53325 -0.297244 0.256604 -0.426615 -0.297244 0.256604 -0.53325 -0.297244 0.256604 -0.426615 -0.266394 0.256604 -0.53325 -0.266394 0.256604 -0.426615 -0.297244 0.248544 -0.426615 -0.297244 0.256604 -0.53325 -0.297244 0.248544 -0.53325 -0.297244 </float_array>
          <technique_common>
            <accessor count="14" offset="0" source="#meshId38-positions-array" stride="3">
              <param name="X" type="float" />
              <param name="Y" type="float" />
              <param name="Z" type="float" />
            </accessor>
          </technique_common>
        </source>
        <source id="meshId38-normals" name="meshId38-normals">
          <float_array id="meshId38-normals-array" count="42"> 0.96495 -0.0729321 0.252097 0.96495 0.0729321 0.252097 -0.96495 0.0729321 0.252097 -0.96495 -0.0729321 0.252097 -0.96495 0.0729321 -0.252097 -0.96495 -0.0729321 -0.252097 0.96495 0.0729321 -0.252097 0.96495 -0.0729321 -0.252097 0.96495 0.0729321 0.252097 0.96495 -0.0729321 0.252097 0.96495 0.0729321 -0.252097 -0.96495 0.0729321 -0.252097 0.96495 -0.0729321 -0.252097 -0.96495 -0.0729321 -0.252097 </float_array>
          <technique_common>
            <accessor count="14" offset="0" source="#meshId38-normals-array" stride="3">
              <param name="X" type="float" />
              <param name="Y" type="float" />
              <param name="Z" type="float" />
            </accessor>
          </technique_common>
        </source>
        <source id="meshId38-tangents" name="meshId38-tangents">
          <float_array id="meshId38-tangents-array" count="42"> -0.1713 0.552704 0.815583 0.171296 0.552722 -0.815571 -0.105321 0.772236 -0.626546 0.105303 0.772281 0.626493 0.0705785 0.997337 0.0183786 -0.0705491 0.997337 -0.018491 -0.0705487 0.997337 0.0184927 0.0705783 0.997337 -0.0183792 -0.0705892 0.997337 -0.0183375 0.0705394 0.997337 0.018528 -0.25138 -0.0189901 -0.967702 0.251379 -0.0190091 -0.967702 0.251379 -0.0190106 0.967702 -0.25138 -0.0189886 0.967702 </float_array>
          <technique_common>
            <accessor count="14" offset="0" source="#meshId38-tangents-array" stride="3">
              <param name="X" type="float" />
              <param name="Y" type="float" />
              <param name="Z" type="float" />
            </accessor>
          </technique_common>
        </source>
        <source id="meshId38-bitangents" name="meshId38-bitangents">
          <float_array id="meshId38-bitangents-array" count="42"> -0.198817 -0.83018 0.520838 -0.198821 0.830168 0.520856 -0.240373 -0.631136 -0.737488 -0.240381 0.63108 -0.737533 0.252766 -5.81313e-05 -0.967528 0.252774 -5.76694e-05 -0.967525 0.252774 -5.94221e-05 0.967525 0.252766 -5.7511e-05 0.967528 -0.252763 -0.000100557 0.967528 -0.252777 -9.5861e-05 0.967525 -0.0753639 0.997156 9.18284e-06 -0.0753686 -0.997156 9.19588e-06 -0.075369 -0.997156 -1.07326e-05 -0.0753635 0.997156 -1.06785e-05 </float_array>
          <technique_common>
            <accessor count="14" offset="0" source="#meshId38-bitangents-array" stride="3">
              <param name="X" type="float" />
              <param name="Y" type="float" />
              <param name="Z" type="float" />
            </accessor>
          </technique_common>
        </source>
        <source id="meshId38-tex0" name="meshId38-tex0">
          <float_array id="meshId38-tex0-array" count="28"> 0.396703 0.53181 0.427093 0.531807 0.427093 0.534104 0.396703 0.534107 0.427094 0.542896 0.396704 0.542899 0.427094 0.545193 0.396704 0.545196 0.427095 0.553985 0.396705 0.553988 0.435885 0.531806 0.435885 0.534103 0.387911 0.531811 0.387911 0.534108 </float_array>
          <technique_common>
            <accessor count="14" offset="0" source="#meshId38-tex0-array" stride="2">
              <param name="S" type="float" />
              <param name="T" type="float" />
            </accessor>
          </technique_common>
        </source>
        <vertices id="meshId38-vertices">
          <input semantic="POSITION" source="#meshId38-positions" />
        </vertices>
        <polylist count="12" material="defaultMaterial">
          <input offset="0" semantic="VERTEX" source="#meshId38-vertices" />
          <input offset="0" semantic="NORMAL" source="#meshId38-normals" />
          <input offset="0" semantic="TANGENT" source="#meshId38-tangents" />
          <input offset="0" semantic="BINORMAL" source="#meshId38-bitangents" />
          <input offset="0" semantic="TEXCOORD" source="#meshId38-tex0" set="0" />
          <vcount>3 3 3 3 3 3 3 3 3 3 3 3 </vcount>
          <p>3 0 1 1 2 3 5 3 2 2 4 5 7 5 4 4 6 7 9 7 6 6 8 9 2 1 10 10 11 2 13 12 0 0 3 13 </p>
        </polylist>
      </mesh>
    </geometry>
    <geometry id="meshId39" name="meshId39_name" >
      <mesh>
        <source id="meshId39-positions" name="meshId39-positions">
          <float_array id="meshId39-positions-array" count="42"> 0.38074 -0.53325 -0.266394 0.38074 -0.426615 -0.266394 0.372681 -0.426615 -0.266394 0.372681 -0.53325 -0.266394 0.372681 -0.426615 -0.297244 0.372681 -0.53325 -0.297244 0.38074 -0.426615 -0.297244 0.38074 -0.53325 -0.297244 0.38074 -0.426615 -0.266394 0.38074 -0.53325 -0.266394 0.38074 -0.426615 -0.297244 0.372681 -0.426615 -0.297244 0.38074 -0.53325 -0.297244 0.372681 -0.53325 -0.297244 </float_array>
          <technique_common>
            <accessor count="14" offset="0" source="#meshId39-positions-array" stride="3">
              <param name="X" type="float" />
              <param name="Y" type="float" />
              <param name="Z" type="float" />
            </accessor>
          </technique_common>
        </source>
        <source id="meshId39-normals" name="meshId39-normals">
          <float_array id="meshId39-normals-array" count="42"> 0.96495 -0.0729317 0.252095 0.96495 0.0729317 0.252095 -0.96495 0.0729317 0.252095 -0.96495 -0.0729317 0.252095 -0.96495 0.0729317 -0.252095 -0.96495 -0.0729317 -0.252095 0.96495 0.0729317 -0.252095 0.96495 -0.0729317 -0.252095 0.96495 0.0729317 0.252095 0.96495 -0.0729317 0.252095 0.96495 0.0729317 -0.252095 -0.96495 0.0729317 -0.252095 0.96495 -0.0729317 -0.252095 -0.96495 -0.0729317 -0.252095 </float_array>
          <technique_common>
            <accessor count="14" offset="0" source="#meshId39-normals-array" stride="3">
              <param name="X" type="float" />
              <param name="Y" type="float" />
              <param name="Z" type="float" />
            </accessor>
          </technique_common>
        </source>
        <source id="meshId39-tangents" name="meshId39-tangents">
          <float_array id="meshId39-tangents-array" count="42"> -0.171299 0.552701 0.815584 0.171294 0.552723 -0.81557 -0.10532 0.772236 -0.626545 0.105302 0.772283 0.62649 0.0705779 0.997337 0.0183793 -0.0705489 0.997337 -0.0184904 -0.0705502 0.997337 0.0184854 0.0705779 0.997337 -0.0183793 -0.0705841 0.997337 -0.0183557 0.0705399 0.997337 0.0185246 -0.251379 -0.018992 -0.967702 0.251378 -0.0190067 -0.967702 0.251378 -0.0190062 0.967702 -0.251379 -0.0189925 0.967702 </float_array>
          <technique_common>
            <accessor count="14" offset="0" source="#meshId39-tangents-array" stride="3">
              <param name="X" type="float" />
              <param name="Y" type="float" />
              <param name="Z" type="float" />
            </accessor>
          </technique_common>
        </source>
        <source id="meshId39-bitangents" name="meshId39-bitangents">
          <float_array id="meshId39-bitangents-array" count="42"> -0.198815 -0.830182 0.520836 -0.19882 0.830167 0.520858 -0.240372 -0.631135 -0.737489 -0.24038 0.631078 -0.737535 0.252764 -5.72521e-05 -0.967528 0.252772 -5.72465e-05 -0.967526 0.252772 -5.21652e-05 0.967526 0.252764 -5.7254e-05 0.967528 -0.252763 -8.16025e-05 0.967528 -0.252775 -9.25846e-05 0.967525 -0.075364 0.997156 7.15628e-06 -0.0753677 -0.997156 7.15256e-06 -0.0753676 -0.997156 -6.64219e-06 -0.0753641 0.997156 -6.64964e-06 </float_array>
          <technique_common>
            <accessor count="14" offset="0" source="#meshId39-bitangents-array" stride="3">
              <param name="X" type="float" />
              <param name="Y" type="float" />
              <param name="Z" type="float" />
            </accessor>
          </technique_common>
        </source>
        <source id="meshId39-tex0" name="meshId39-tex0">
          <float_array id="meshId39-tex0-array" count="28"> 0.396703 0.554671 0.427093 0.554668 0.427093 0.556965 0.396703 0.556968 0.427094 0.565757 0.396704 0.56576 0.427094 0.568054 0.396704 0.568057 0.427095 0.576846 0.396705 0.576849 0.435885 0.554667 0.435885 0.556964 0.387911 0.554672 0.387911 0.556969 </float_array>
          <technique_common>
            <accessor count="14" offset="0" source="#meshId39-tex0-array" stride="2">
              <param name="S" type="float" />
              <param name="T" type="float" />
            </accessor>
          </technique_common>
        </source>
        <vertices id="meshId39-vertices">
          <input semantic="POSITION" source="#meshId39-positions" />
        </vertices>
        <polylist count="12" material="defaultMaterial">
          <input offset="0" semantic="VERTEX" source="#meshId39-vertices" />
          <input offset="0" semantic="NORMAL" source="#meshId39-normals" />
          <input offset="0" semantic="TANGENT" source="#meshId39-tangents" />
          <input offset="0" semantic="BINORMAL" source="#meshId39-bitangents" />
          <input offset="0" semantic="TEXCOORD" source="#meshId39-tex0" set="0" />
          <vcount>3 3 3 3 3 3 3 3 3 3 3 3 </vcount>
          <p>3 0 1 1 2 3 5 3 2 2 4 5 7 5 4 4 6 7 9 7 6 6 8 9 2 1 10 10 11 2 13 12 0 0 3 13 </p>
        </polylist>
      </mesh>
    </geometry>
    <geometry id="meshId40" name="meshId40_name" >
      <mesh>
        <source id="meshId40-positions" name="meshId40-positions">
          <float_array id="meshId40-positions-array" count="126"> 0.247513 -0.451773 -0.301754 0.247513 -0.451773 -0.801437 0.25412 -0.450347 -0.801437 0.25412 -0.450347 -0.301754 0.222268 -0.334799 -0.801437 0.222268 -0.334799 -0.301754 0.228875 -0.333373 -0.301754 0.228875 -0.333373 -0.801437 0.230679 -0.373771 -0.301754 0.239102 -0.412801 -0.301754 0.245709 -0.411375 -0.301754 0.237286 -0.372345 -0.301754 0.239102 -0.412801 -0.301754 0.230679 -0.373771 -0.301754 0.230679 -0.373771 -0.801437 0.239102 -0.412801 -0.801437 0.239102 -0.412801 -0.801437 0.230679 -0.373771 -0.801437 0.237286 -0.372345 -0.801437 0.245709 -0.411375 -0.801437 0.246278 -0.414009 -0.301754 0.239671 -0.415434 -0.301754 0.247513 -0.451773 -0.301754 0.246278 -0.414009 -0.801437 0.239671 -0.415434 -0.801437 0.247513 -0.451773 -0.801437 0.239671 -0.415434 -0.301754 0.239671 -0.415434 -0.801437 0.247513 -0.451773 -0.801437 0.247513 -0.451773 -0.301754 0.230111 -0.371137 -0.801437 0.230111 -0.371137 -0.301754 0.236718 -0.369712 -0.801437 0.230111 -0.371137 -0.801437 0.222268 -0.334799 -0.801437 0.236718 -0.369712 -0.301754 0.222268 -0.334799 -0.301754 0.230111 -0.371137 -0.301754 0.230111 -0.371137 -0.301754 0.230111 -0.371137 -0.801437 0.239102 -0.412801 -0.301754 0.239102 -0.412801 -0.801437 </float_array>
          <technique_common>
            <accessor count="42" offset="0" source="#meshId40-positions-array" stride="3">
              <param name="X" type="float" />
              <param name="Y" type="float" />
              <param name="Z" type="float" />
            </accessor>
          </technique_common>
        </source>
        <source id="meshId40-normals" name="meshId40-normals">
          <float_array id="meshId40-normals-array" count="126"> -0.923907 -0.382385 0.0133074 -0.923907 -0.382385 -0.0133074 0.999377 0.0326916 -0.0133075 0.999377 0.0326916 0.0133076 -0.999377 -0.0326916 -0.0133075 -0.999377 -0.0326916 0.0133075 0.923907 0.382385 0.0133075 0.923907 0.382385 -0.0133075 -0.998905 -0.0448487 0.013336 -0.928492 -0.371114 0.013336 0.998905 0.0448487 0.013336 0.928492 0.371114 0.013336 -0.928492 -0.371114 0.013336 -0.998905 -0.0448487 0.013336 -0.998905 -0.0448487 -0.013336 -0.928492 -0.371114 -0.013336 -0.928492 -0.371114 -0.013336 -0.998905 -0.0448487 -0.013336 0.928492 0.371114 -0.013336 0.998905 0.0448487 -0.013336 0.923907 0.382385 0.0133075 -0.999377 -0.0326916 0.0133075 -0.923907 -0.382385 0.0133074 0.923907 0.382385 -0.0133075 -0.999377 -0.0326916 -0.0133075 -0.923907 -0.382385 -0.0133074 -0.999377 -0.0326916 0.0133075 -0.999377 -0.0326916 -0.0133075 -0.923907 -0.382385 -0.0133074 -0.923907 -0.382385 0.0133074 -0.923907 -0.382385 -0.0133075 -0.923907 -0.382385 0.0133075 0.999377 0.0326916 -0.0133075 -0.923907 -0.382385 -0.0133075 -0.999377 -0.0326916 -0.0133075 0.999377 0.0326916 0.0133075 -0.999377 -0.0326916 0.0133075 -0.923907 -0.382385 0.0133075 -0.923907 -0.382385 0.0133075 -0.923907 -0.382385 -0.0133075 -0.928492 -0.371114 0.013336 -0.928492 -0.371114 -0.013336 </float_array>
          <technique_common>
            <accessor count="42" offset="0" source="#meshId40-normals-array" stride="3">
              <param name="X" type="float" />
              <param name="Y" type="float" />
              <param name="Z" type="float" />
            </accessor>
          </technique_common>
        </source>
        <source id="meshId40-tangents" name="meshId40-tangents">
          <float_array id="meshId40-tangents-array" count="126"> 0.382295 -0.921153 0.0729917 0.38229 -0.921129 -0.0733127 -0.0324604 0.999324 0.0172311 -0.0324591 0.999323 -0.0173215 0.0133012 0.000410397 -0.999911 -0.0132996 -0.000459893 -0.999911 0.263219 -0.60997 -0.747431 -0.263231 0.609997 -0.747404 -0.0436701 0.995969 0.0783491 0.370971 -0.925303 0.0787154 -0.0196645 0.661038 -0.750095 0.254608 -0.610039 -0.750351 -0.0122543 -0.00527253 -0.999911 -0.0133136 -0.000797855 -0.999911 0.0133315 0.000398453 -0.999911 0.0125125 0.00462666 -0.999911 -0.370977 0.925331 0.0783499 0.0436637 -0.995941 0.0787146 -0.254712 0.61031 -0.750095 0.019648 -0.66075 -0.750349 -0.382574 0.923763 0.0173158 -0.0327266 0.999461 -0.00241918 -0.382388 0.923999 0.00241949 -0.382574 0.923762 -0.0173218 -0.0327266 0.999461 0.00241935 -0.382388 0.923999 -0.00241922 0.032192 -0.998828 -0.0361445 0.0321922 -0.998828 0.0361334 0.382388 -0.923999 0.00240863 0.382387 -0.923999 -0.00243005 0.0123122 0.00504983 -0.999911 -0.0122797 -0.00512836 -0.999911 0.011776 -0.664241 -0.747425 -0.382297 0.921154 0.0729638 0.0316359 -0.99683 0.072998 -0.0117774 0.664271 -0.7474 -0.0316368 0.996833 0.0729622 0.382296 -0.921151 0.0730116 -0.012293 -0.00509631 -0.999911 0.0122989 0.00508192 -0.999911 -0.0123616 -0.00500427 -0.999911 0.0124054 0.00489466 -0.999911 </float_array>
          <technique_common>
            <accessor count="42" offset="0" source="#meshId40-tangents-array" stride="3">
              <param name="X" type="float" />
              <param name="Y" type="float" />
              <param name="Z" type="float" />
            </accessor>
          </technique_common>
        </source>
        <source id="meshId40-bitangents" name="meshId40-bitangents">
          <float_array id="meshId40-bitangents-array" count="126"> -0.0156527 0.072525 0.997244 0.0157758 -0.0728214 0.99722 0.0138619 -0.0167884 0.999763 -0.0138648 0.0168787 0.999761 0.0326942 -0.999465 2.46962e-05 0.0326948 -0.999465 2.48217e-05 -0.27769 0.694059 -0.664206 -0.277679 0.694035 0.664236 -0.0167961 0.0776809 -0.996837 -0.0168726 0.0780338 0.996808 -0.0424563 0.749011 0.661196 -0.27033 0.70009 -0.660905 0.371151 -0.928572 0.000347744 0.0448554 -0.998993 0.000199884 0.04485 -0.998994 0.000199884 0.371143 -0.928576 0.000347743 -0.0167366 0.0776945 -0.996837 -0.0168121 0.0780461 0.996808 -0.270232 0.699854 0.661195 -0.0424639 0.749265 -0.660907 -0.00567163 -0.0210893 0.999762 -0.0132212 -0.00285318 -0.999908 -0.0132212 -0.00285321 -0.999909 0.00566935 0.0210948 0.999761 0.0132212 0.00285336 -0.999908 0.0132211 0.00285345 -0.999909 0.0144735 -0.0356935 0.999258 -0.0144731 0.0356825 0.999258 -0.0132171 -0.00286324 0.999909 0.0132253 0.00284345 0.999908 0.382419 -0.923989 4.24432e-05 0.38242 -0.923989 4.25349e-05 -0.0332739 0.746803 -0.664213 -0.015642 0.0724992 -0.997246 -0.0156517 0.0725315 0.997243 -0.0332735 0.746777 0.664242 -0.0156506 0.0724957 -0.997246 -0.0156604 0.0725434 0.997242 0.382419 -0.923989 7.8571e-06 0.382419 -0.923989 7.71647e-06 0.371148 -0.928574 5.88698e-05 0.371146 -0.928574 5.91525e-05 </float_array>
          <technique_common>
            <accessor count="42" offset="0" source="#meshId40-bitangents-array" stride="3">
              <param name="X" type="float" />
              <param name="Y" type="float" />
              <param name="Z" type="float" />
            </accessor>
          </technique_common>
        </source>
        <source id="meshId40-tex0" name="meshId40-tex0">
          <float_array id="meshId40-tex0-array" count="84"> 0.0246199 0.617411 0.0246204 0.54141 0.0256485 0.54141 0.0256479 0.617411 0.519304 0.111967 0.443303 0.11197 0.443303 0.110942 0.519304 0.110939 0.767751 0.56047 0.767749 0.554988 0.768677 0.554987 0.768679 0.56047 0.768681 0.566881 0.768679 0.561398 0.837291 0.561374 0.837293 0.566857 0.838217 0.554963 0.838219 0.560446 0.837291 0.560446 0.837289 0.554963 0.0313022 0.617411 0.0313022 0.618439 0.0256479 0.618439 0.0313028 0.54141 0.0313028 0.540382 0.0256485 0.540382 0.0323302 0.617411 0.0323308 0.54141 0.0379851 0.54141 0.0379845 0.617411 0.519305 0.117621 0.443303 0.117624 0.519304 0.105285 0.520332 0.105285 0.520332 0.110939 0.443303 0.105288 0.442275 0.110942 0.442275 0.105288 0.443303 0.10426 0.519304 0.104256 0.768676 0.554059 0.837289 0.554035 </float_array>
          <technique_common>
            <accessor count="42" offset="0" source="#meshId40-tex0-array" stride="2">
              <param name="S" type="float" />
              <param name="T" type="float" />
            </accessor>
          </technique_common>
        </source>
        <vertices id="meshId40-vertices">
          <input semantic="POSITION" source="#meshId40-positions" />
        </vertices>
        <polylist count="36" material="defaultMaterial">
          <input offset="0" semantic="VERTEX" source="#meshId40-vertices" />
          <input offset="0" semantic="NORMAL" source="#meshId40-normals" />
          <input offset="0" semantic="TANGENT" source="#meshId40-tangents" />
          <input offset="0" semantic="BINORMAL" source="#meshId40-bitangents" />
          <input offset="0" semantic="TEXCOORD" source="#meshId40-tex0" set="0" />
          <vcount>3 3 3 3 3 3 3 3 3 3 3 3 3 3 3 3 3 3 3 3 3 3 3 3 3 3 3 3 3 3 3 3 3 3 3 3 </vcount>
          <p>3 0 1 1 2 3 7 4 5 5 6 7 11 8 9 9 10 11 15 12 13 13 14 15 19 16 17 17 18 19 10 19 18 18 11 10 3 20 21 21 22 3 2 23 20 20 3 2 25 24 23 23 2 25 29 26 27 27 28 29 5 4 30 30 31 5 34 7 32 32 33 34 7 6 35 35 32 7 6 36 37 37 35 6 35 38 39 39 32 35 18 14 13 13 11 18 19 10 40 40 41 19 23 27 26 26 20 23 </p>
        </polylist>
      </mesh>
    </geometry>
    <geometry id="meshId41" name="meshId41_name" >
      <mesh>
        <source id="meshId41-positions" name="meshId41-positions">
          <float_array id="meshId41-positions-array" count="42"> 0.247194 -0.507834 -0.27107 0.381239 -0.507834 -0.27107 0.381239 -0.499774 -0.27107 0.247194 -0.499774 -0.27107 0.381239 -0.499774 -0.292568 0.247194 -0.499774 -0.292568 0.381239 -0.507834 -0.292568 0.247194 -0.507834 -0.292568 0.381239 -0.507834 -0.27107 0.247194 -0.507834 -0.27107 0.381239 -0.507834 -0.292568 0.381239 -0.499774 -0.292568 0.247194 -0.507834 -0.292568 0.247194 -0.499774 -0.292568 </float_array>
          <technique_common>
            <accessor count="14" offset="0" source="#meshId41-positions-array" stride="3">
              <param name="X" type="float" />
              <param name="Y" type="float" />
              <param name="Z" type="float" />
            </accessor>
          </technique_common>
        </source>
        <source id="meshId41-normals" name="meshId41-normals">
          <float_array id="meshId41-normals-array" count="42"> -0.0562106 -0.934877 0.350492 0.0562106 -0.934877 0.350492 0.0562106 0.934877 0.350492 -0.0562106 0.934877 0.350492 0.0562106 0.934877 -0.350492 -0.0562106 0.934877 -0.350492 0.0562106 -0.934877 -0.350492 -0.0562106 -0.934877 -0.350492 0.0562106 -0.934877 0.350492 -0.0562106 -0.934877 0.350492 0.0562106 -0.934877 -0.350492 0.0562106 0.934877 -0.350492 -0.0562106 -0.934877 -0.350492 -0.0562106 0.934877 -0.350492 </float_array>
          <technique_common>
            <accessor count="14" offset="0" source="#meshId41-normals-array" stride="3">
              <param name="X" type="float" />
              <param name="Y" type="float" />
              <param name="Z" type="float" />
            </accessor>
          </technique_common>
        </source>
        <source id="meshId41-tangents" name="meshId41-tangents">
          <float_array id="meshId41-tangents-array" count="42"> 0.513621 0.273957 0.813106 0.513577 -0.273969 -0.81313 0.749371 0.192469 -0.63356 0.749278 -0.192511 0.633657 0.998419 -0.0525917 0.0198435 0.998419 0.0526746 -0.0196222 0.998419 0.0526751 0.019621 0.998419 -0.0525917 -0.0198435 0.998419 0.0525712 -0.0198982 0.998419 -0.0526949 0.0195682 -0.0210479 0.349859 -0.936566 -0.0210236 -0.349861 -0.936566 -0.0210241 -0.349861 0.936566 -0.0210474 0.34986 0.936566 </float_array>
          <technique_common>
            <accessor count="14" offset="0" source="#meshId41-tangents-array" stride="3">
              <param name="X" type="float" />
              <param name="Y" type="float" />
              <param name="Z" type="float" />
            </accessor>
          </technique_common>
        </source>
        <source id="meshId41-bitangents" name="meshId41-bitangents">
          <float_array id="meshId41-bitangents-array" count="42"> -0.856174 0.225725 0.464773 0.856201 0.225711 0.464731 -0.65976 0.298261 -0.689752 0.659866 0.298234 -0.689662 0.000118291 -0.351053 -0.936356 0.000117661 -0.351041 -0.93636 0.000118922 -0.351041 0.93636 0.000118293 -0.351053 0.936356 0.000176596 0.351056 0.936355 0.000175288 0.351038 0.936361 0.998197 0.0600221 -1.14273e-05 -0.998198 0.0600135 -1.14255e-05 -0.998198 0.0600137 1.0917e-05 0.998197 0.0600219 1.09188e-05 </float_array>
          <technique_common>
            <accessor count="14" offset="0" source="#meshId41-bitangents-array" stride="3">
              <param name="X" type="float" />
              <param name="Y" type="float" />
              <param name="Z" type="float" />
            </accessor>
          </technique_common>
        </source>
        <source id="meshId41-tex0" name="meshId41-tex0">
          <float_array id="meshId41-tex0-array" count="28"> 0.557071 0.124764 0.595629 0.124771 0.595629 0.12709 0.55707 0.127082 0.595628 0.133273 0.557069 0.133266 0.595627 0.135592 0.557069 0.135585 0.595626 0.141776 0.557067 0.141768 0.601813 0.124772 0.601813 0.127091 0.550887 0.124763 0.550886 0.127081 </float_array>
          <technique_common>
            <accessor count="14" offset="0" source="#meshId41-tex0-array" stride="2">
              <param name="S" type="float" />
              <param name="T" type="float" />
            </accessor>
          </technique_common>
        </source>
        <vertices id="meshId41-vertices">
          <input semantic="POSITION" source="#meshId41-positions" />
        </vertices>
        <polylist count="12" material="defaultMaterial">
          <input offset="0" semantic="VERTEX" source="#meshId41-vertices" />
          <input offset="0" semantic="NORMAL" source="#meshId41-normals" />
          <input offset="0" semantic="TANGENT" source="#meshId41-tangents" />
          <input offset="0" semantic="BINORMAL" source="#meshId41-bitangents" />
          <input offset="0" semantic="TEXCOORD" source="#meshId41-tex0" set="0" />
          <vcount>3 3 3 3 3 3 3 3 3 3 3 3 </vcount>
          <p>3 0 1 1 2 3 5 3 2 2 4 5 7 5 4 4 6 7 9 7 6 6 8 9 2 1 10 10 11 2 13 12 0 0 3 13 </p>
        </polylist>
      </mesh>
    </geometry>
    <geometry id="meshId42" name="meshId42_name" >
      <mesh>
        <source id="meshId42-positions" name="meshId42-positions">
          <float_array id="meshId42-positions-array" count="42"> 0.232941 -0.472743 -0.552749 0.254956 -0.468177 -0.552749 0.227104 -0.333877 -0.552749 0.205089 -0.338442 -0.552749 0.227104 -0.333877 -0.562422 0.205089 -0.338442 -0.562422 0.254956 -0.468177 -0.562422 0.232941 -0.472743 -0.562422 0.254956 -0.468177 -0.552749 0.232941 -0.472743 -0.552749 0.254956 -0.468177 -0.562422 0.227104 -0.333877 -0.562422 0.232941 -0.472743 -0.562422 0.205089 -0.338442 -0.562422 </float_array>
          <technique_common>
            <accessor count="14" offset="0" source="#meshId42-positions-array" stride="3">
              <param name="X" type="float" />
              <param name="Y" type="float" />
              <param name="Z" type="float" />
            </accessor>
          </technique_common>
        </source>
        <source id="meshId42-normals" name="meshId42-normals">
          <float_array id="meshId42-normals-array" count="42"> -0.373053 -0.143393 0.916663 0.39931 0.0167828 0.916662 0.373053 0.143393 0.916662 -0.39931 -0.0167828 0.916663 0.373053 0.143393 -0.916662 -0.39931 -0.0167828 -0.916663 0.39931 0.0167828 -0.916662 -0.373053 -0.143393 -0.916663 0.39931 0.0167828 0.916662 -0.373053 -0.143393 0.916663 0.39931 0.0167828 -0.916662 0.373053 0.143393 -0.916662 -0.373053 -0.143393 -0.916663 -0.39931 -0.0167828 -0.916663 </float_array>
          <technique_common>
            <accessor count="14" offset="0" source="#meshId42-normals-array" stride="3">
              <param name="X" type="float" />
              <param name="Y" type="float" />
              <param name="Z" type="float" />
            </accessor>
          </technique_common>
        </source>
        <source id="meshId42-tangents" name="meshId42-tangents">
          <float_array id="meshId42-tangents-array" count="42"> 0.882965 0.248576 0.398224 0.90891 0.123773 -0.398199 0.89453 0.206651 -0.396372 0.902879 0.166477 0.396353 0.905445 0.159353 0.393415 0.894176 0.213693 -0.393427 0.894176 0.213692 0.393427 0.905446 0.159352 -0.393415 0.894157 0.213785 -0.39342 0.905426 0.159447 0.393422 -0.915875 -0.0379815 -0.399663 -0.85581 -0.328418 -0.399662 -0.855815 -0.328408 0.399662 -0.915871 -0.0380901 0.399662 </float_array>
          <technique_common>
            <accessor count="14" offset="0" source="#meshId42-tangents-array" stride="3">
              <param name="X" type="float" />
              <param name="Y" type="float" />
              <param name="Z" type="float" />
            </accessor>
          </technique_common>
        </source>
        <source id="meshId42-bitangents" name="meshId42-bitangents">
          <float_array id="meshId42-bitangents-array" count="42"> -0.284963 0.95794 0.0338793 -0.120141 0.992169 0.0341697 -0.246267 0.96785 -0.0511777 -0.159255 0.985903 -0.0513229 0.202486 -0.976752 -0.0703875 0.202487 -0.976757 -0.070323 0.202487 -0.976757 0.0703227 0.202485 -0.976752 0.0703881 -0.202571 0.976736 0.07036 -0.202573 0.976737 0.0703499 -0.0415237 0.999137 0.000204563 -0.358358 0.933584 0.000200026 -0.358348 0.933588 -0.000204675 -0.0416232 0.999133 -0.000161161 </float_array>
          <technique_common>
            <accessor count="14" offset="0" source="#meshId42-bitangents-array" stride="3">
              <param name="X" type="float" />
              <param name="Y" type="float" />
              <param name="Z" type="float" />
            </accessor>
          </technique_common>
        </source>
        <source id="meshId42-tex0" name="meshId42-tex0">
          <float_array id="meshId42-tex0-array" count="28"> 0.60555 0.106098 0.60897 0.106097 0.608974 0.126959 0.605554 0.126959 0.608974 0.12843 0.605555 0.128431 0.608978 0.149292 0.605559 0.149292 0.608979 0.150763 0.605559 0.150764 0.610442 0.106097 0.610446 0.126958 0.604079 0.106098 0.604083 0.12696 </float_array>
          <technique_common>
            <accessor count="14" offset="0" source="#meshId42-tex0-array" stride="2">
              <param name="S" type="float" />
              <param name="T" type="float" />
            </accessor>
          </technique_common>
        </source>
        <vertices id="meshId42-vertices">
          <input semantic="POSITION" source="#meshId42-positions" />
        </vertices>
        <polylist count="12" material="defaultMaterial">
          <input offset="0" semantic="VERTEX" source="#meshId42-vertices" />
          <input offset="0" semantic="NORMAL" source="#meshId42-normals" />
          <input offset="0" semantic="TANGENT" source="#meshId42-tangents" />
          <input offset="0" semantic="BINORMAL" source="#meshId42-bitangents" />
          <input offset="0" semantic="TEXCOORD" source="#meshId42-tex0" set="0" />
          <vcount>3 3 3 3 3 3 3 3 3 3 3 3 </vcount>
          <p>3 0 1 1 2 3 5 3 2 2 4 5 7 5 4 4 6 7 9 7 6 6 8 9 2 1 10 10 11 2 13 12 0 0 3 13 </p>
        </polylist>
      </mesh>
    </geometry>
    <geometry id="meshId43" name="meshId43_name" >
      <mesh>
        <source id="meshId43-positions" name="meshId43-positions">
          <float_array id="meshId43-positions-array" count="42"> 0.242178 -0.470827 -0.801206 0.264194 -0.466261 -0.801206 0.236342 -0.331961 -0.801206 0.214327 -0.336527 -0.801206 0.236342 -0.331961 -0.805345 0.214327 -0.336527 -0.805345 0.214327 -0.336527 -0.805345 0.236342 -0.331961 -0.805345 0.264194 -0.466261 -0.805345 0.242178 -0.470827 -0.805345 0.242178 -0.470827 -0.805345 0.264194 -0.466261 -0.805345 0.242178 -0.470827 -0.801206 0.214327 -0.336527 -0.801206 </float_array>
          <technique_common>
            <accessor count="14" offset="0" source="#meshId43-positions-array" stride="3">
              <param name="X" type="float" />
              <param name="Y" type="float" />
              <param name="Z" type="float" />
            </accessor>
          </technique_common>
        </source>
        <source id="meshId43-normals" name="meshId43-normals">
          <float_array id="meshId43-normals-array" count="42"> -0.171206 -0.0658076 0.983035 0.183256 0.00770214 0.983035 0.171206 0.0658077 0.983035 -0.183256 -0.00770213 0.983035 0.171206 0.0658077 -0.983035 -0.183256 -0.00770213 -0.983035 -0.183256 -0.00770213 -0.983035 0.171206 0.0658077 -0.983035 0.183256 0.00770214 -0.983035 -0.171206 -0.0658076 -0.983035 -0.171206 -0.0658076 -0.983035 0.183256 0.00770214 -0.983035 -0.171206 -0.0658076 0.983035 -0.183256 -0.00770213 0.983035 </float_array>
          <technique_common>
            <accessor count="14" offset="0" source="#meshId43-normals-array" stride="3">
              <param name="X" type="float" />
              <param name="Y" type="float" />
              <param name="Z" type="float" />
            </accessor>
          </technique_common>
        </source>
        <source id="meshId43-tangents" name="meshId43-tangents">
          <float_array id="meshId43-tangents-array" count="42"> 0.964088 0.194427 0.180922 0.970056 0.160723 -0.182096 0.953802 0.23895 -0.182111 0.961872 0.205114 0.180918 0.964102 0.194358 0.18092 0.961884 0.205052 -0.18092 -0.975897 -0.119109 0.182859 -0.943152 -0.277548 -0.18284 -0.975897 -0.119109 -0.182859 -0.943113 -0.277682 0.182842 0.964102 0.194358 -0.18092 0.961884 0.205052 0.18092 0.917292 0.353459 0.183418 0.982122 0.0423599 0.183418 </float_array>
          <technique_common>
            <accessor count="14" offset="0" source="#meshId43-tangents-array" stride="3">
              <param name="X" type="float" />
              <param name="Y" type="float" />
              <param name="Z" type="float" />
            </accessor>
          </technique_common>
        </source>
        <source id="meshId43-bitangents" name="meshId43-bitangents">
          <float_array id="meshId43-bitangents-array" count="42"> -0.203035 0.978707 0.0301572 -0.159399 0.986969 0.0219821 -0.246881 0.968799 -0.0218577 -0.203028 0.978708 -0.03018 0.202966 -0.978721 -0.03017 0.202967 -0.978721 -0.0301685 -0.118497 0.992851 0.014311 -0.284872 0.958455 0.0145487 -0.118496 0.992851 -0.0143109 -0.285003 0.958417 -0.0145232 0.202967 -0.978721 0.03017 0.202967 -0.978721 0.0301685 -0.359533 0.933133 -0.000149515 -0.043054 0.999073 -0.000198281 </float_array>
          <technique_common>
            <accessor count="14" offset="0" source="#meshId43-bitangents-array" stride="3">
              <param name="X" type="float" />
              <param name="Y" type="float" />
              <param name="Z" type="float" />
            </accessor>
          </technique_common>
        </source>
        <source id="meshId43-tex0" name="meshId43-tex0">
          <float_array id="meshId43-tex0-array" count="28"> 0.230834 0.577969 0.237301 0.577968 0.237308 0.617422 0.23084 0.617423 0.237308 0.618613 0.230841 0.618614 0.244967 0.617421 0.238499 0.617422 0.238492 0.577967 0.24496 0.577966 0.230833 0.576778 0.237301 0.576777 0.246151 0.577966 0.246157 0.617421 </float_array>
          <technique_common>
            <accessor count="14" offset="0" source="#meshId43-tex0-array" stride="2">
              <param name="S" type="float" />
              <param name="T" type="float" />
            </accessor>
          </technique_common>
        </source>
        <vertices id="meshId43-vertices">
          <input semantic="POSITION" source="#meshId43-positions" />
        </vertices>
        <polylist count="12" material="defaultMaterial">
          <input offset="0" semantic="VERTEX" source="#meshId43-vertices" />
          <input offset="0" semantic="NORMAL" source="#meshId43-normals" />
          <input offset="0" semantic="TANGENT" source="#meshId43-tangents" />
          <input offset="0" semantic="BINORMAL" source="#meshId43-bitangents" />
          <input offset="0" semantic="TEXCOORD" source="#meshId43-tex0" set="0" />
          <vcount>3 3 3 3 3 3 3 3 3 3 3 3 </vcount>
          <p>3 0 1 1 2 3 5 3 2 2 4 5 9 6 7 7 8 9 0 10 11 11 1 0 2 1 8 8 7 2 6 9 12 12 13 6 </p>
        </polylist>
      </mesh>
    </geometry>
    <geometry id="meshId44" name="meshId44_name" >
      <mesh>
        <source id="meshId44-positions" name="meshId44-positions">
          <float_array id="meshId44-positions-array" count="84"> 0.36744 -0.482691 -0.830428 0.36744 -0.468064 -0.830428 0.371559 -0.468064 -0.830428 0.371559 -0.482691 -0.830428 0.371559 -0.468064 -0.274889 0.371559 -0.482691 -0.274889 0.249941 -0.468064 -0.274889 0.249941 -0.468064 -0.830428 0.249941 -0.482691 -0.830428 0.249941 -0.482691 -0.274889 0.367533 -0.468064 -0.274889 0.36744 -0.468064 -0.830428 0.253947 -0.482691 -0.830428 0.253966 -0.482691 -0.274889 0.367533 -0.482691 -0.274889 0.36744 -0.482691 -0.830428 0.253947 -0.468064 -0.830428 0.249941 -0.468064 -0.830428 0.249941 -0.468064 -0.274889 0.253966 -0.468064 -0.274889 0.249941 -0.468064 -0.830428 0.249941 -0.482691 -0.830428 0.249941 -0.482691 -0.274889 0.249941 -0.468064 -0.274889 0.367533 -0.468064 -0.274889 0.367533 -0.482691 -0.274889 0.367533 -0.468064 -0.274889 0.36744 -0.468064 -0.830428 </float_array>
          <technique_common>
            <accessor count="28" offset="0" source="#meshId44-positions-array" stride="3">
              <param name="X" type="float" />
              <param name="Y" type="float" />
              <param name="Z" type="float" />
            </accessor>
          </technique_common>
        </source>
        <source id="meshId44-normals" name="meshId44-normals">
          <float_array id="meshId44-normals-array" count="84"> -0.963338 -0.2682 -0.00698219 -0.963338 0.2682 -0.00698219 0.96333 0.268226 -0.00714211 0.96333 -0.268226 -0.00714211 0.963331 0.268226 0.00698214 0.963331 -0.268226 0.00698214 -0.964298 0.264729 0.00698609 -0.964298 0.264729 -0.00695408 -0.964298 -0.264729 -0.00695408 -0.964298 -0.264729 0.00698609 -0.963322 0.268252 0.00714206 -0.963338 0.2682 -0.00698219 0.964296 -0.264734 -0.00698608 0.964299 -0.264724 0.00695409 -0.963322 -0.268252 0.00714206 -0.963338 -0.2682 -0.00698219 0.964296 0.264734 -0.00698608 -0.964298 0.264729 -0.00695408 -0.964298 0.264729 0.00698609 0.964299 0.264724 0.00695409 -0.964298 0.264729 -0.00695408 -0.964298 -0.264729 -0.00695408 -0.964298 -0.264729 0.00698609 -0.964298 0.264729 0.00698609 -0.963322 0.268252 0.00714206 -0.963322 -0.268252 0.00714206 -0.963322 0.268252 0.00714206 -0.963338 0.2682 -0.00698219 </float_array>
          <technique_common>
            <accessor count="28" offset="0" source="#meshId44-normals-array" stride="3">
              <param name="X" type="float" />
              <param name="Y" type="float" />
              <param name="Z" type="float" />
            </accessor>
          </technique_common>
        </source>
        <source id="meshId44-tangents" name="meshId44-tangents">
          <float_array id="meshId44-tangents-array" count="84"> 0.268193 -0.963363 0.00194451 -0.268193 -0.963363 -0.00194317 0.268263 -0.963333 0.00490763 -0.268264 -0.963332 -0.0050559 0.268263 -0.963333 -0.00502835 -0.268262 -0.963334 0.00480698 -0.264724 -0.964323 0.00167166 -0.264721 -0.964323 -0.00212497 0.264798 -0.964225 -0.0123323 0.264795 -0.964238 0.0113256 0.268347 0.962992 0.0252323 0.268291 0.963001 -0.0254681 0.26477 0.9643 0.00477508 0.264762 0.9643 -0.00525742 -0.268323 0.963251 -0.012254 -0.268266 0.963275 0.0115556 -0.264773 0.964296 -0.00528915 -0.26482 -0.963987 0.0244941 -0.264821 -0.96394 -0.0262627 -0.264759 0.964303 0.00476102 0.264722 0.964323 0.00191061 -0.264722 0.964323 -0.00190773 -0.264722 0.964323 0.0019194 0.264722 0.964323 -0.00191673 -0.268245 -0.963349 0.00198922 0.268245 -0.963349 -0.00198854 0.268243 0.963349 -0.00223432 0.268195 0.963363 0.00172898 </float_array>
          <technique_common>
            <accessor count="28" offset="0" source="#meshId44-tangents-array" stride="3">
              <param name="X" type="float" />
              <param name="Y" type="float" />
              <param name="Z" type="float" />
            </accessor>
          </technique_common>
        </source>
        <source id="meshId44-bitangents" name="meshId44-bitangents">
          <float_array id="meshId44-bitangents-array" count="84"> -0.0072479 6.45174e-07 0.999974 -0.00724755 6.45057e-07 0.999974 -0.00556388 -0.00664363 -0.999963 -0.0055241 0.00678647 -0.999962 0.00537738 0.00671702 -0.999963 0.00543678 -0.00650376 -0.999964 0.00717938 -0.00023741 0.999974 -0.00726852 -0.000208212 0.999974 -0.00344059 -0.0137334 0.9999 0.00373804 0.0127711 0.999912 -0.00010912 0.0262234 -0.999656 -0.000106677 -0.0264076 -0.999651 0.00547255 -0.0064543 0.999964 -0.00531406 0.0069109 0.999962 -0.00359243 -0.013721 -0.9999 0.00362657 0.013005 -0.999909 0.00533643 0.00695003 0.999962 -0.000219343 0.0254612 0.999676 -0.000218329 -0.0271751 0.999631 -0.0054455 -0.00643221 0.999965 0.00721177 1.49838e-06 -0.999974 0.00721101 1.28418e-06 -0.999974 -0.00724497 1.50513e-06 -0.999974 -0.00724426 1.07486e-06 -0.999974 0.0074139 4.39934e-07 0.999973 0.00741372 2.20025e-07 0.999973 -0.00747965 -0.000236562 -0.999972 0.0071901 -0.000206998 -0.999974 </float_array>
          <technique_common>
            <accessor count="28" offset="0" source="#meshId44-bitangents-array" stride="3">
              <param name="X" type="float" />
              <param name="Y" type="float" />
              <param name="Z" type="float" />
            </accessor>
          </technique_common>
        </source>
        <source id="meshId44-tex0" name="meshId44-tex0">
          <float_array id="meshId44-tex0-array" count="56"> 0.0275853 0.702905 0.0255769 0.702906 0.0255768 0.70234 0.0275853 0.70234 0.0255719 0.626058 0.0275804 0.626058 0.0332888 0.703115 0.0333053 0.626833 0.0353137 0.626833 0.0352972 0.703116 0.0250191 0.626058 0.0250112 0.70234 0.0358639 0.626834 0.0358499 0.703116 0.0281333 0.626058 0.0281509 0.70234 0.0378723 0.626834 0.0384224 0.626834 0.038411 0.703116 0.0378583 0.703116 0.0378724 0.626284 0.035864 0.626283 0.0358498 0.703668 0.0378582 0.703669 0.0255719 0.625505 0.0275804 0.625505 0.0301417 0.626057 0.0301593 0.702339 </float_array>
          <technique_common>
            <accessor count="28" offset="0" source="#meshId44-tex0-array" stride="2">
              <param name="S" type="float" />
              <param name="T" type="float" />
            </accessor>
          </technique_common>
        </source>
        <vertices id="meshId44-vertices">
          <input semantic="POSITION" source="#meshId44-positions" />
        </vertices>
        <polylist count="24" material="defaultMaterial">
          <input offset="0" semantic="VERTEX" source="#meshId44-vertices" />
          <input offset="0" semantic="NORMAL" source="#meshId44-normals" />
          <input offset="0" semantic="TANGENT" source="#meshId44-tangents" />
          <input offset="0" semantic="BINORMAL" source="#meshId44-bitangents" />
          <input offset="0" semantic="TEXCOORD" source="#meshId44-tex0" set="0" />
          <vcount>3 3 3 3 3 3 3 3 3 3 3 3 3 3 3 3 3 3 3 3 3 3 3 3 </vcount>
          <p>3 0 1 1 2 3 2 4 5 5 3 2 9 6 7 7 8 9 11 10 4 4 2 11 9 8 12 12 13 9 15 3 5 5 14 15 19 16 17 17 18 19 21 20 16 16 12 21 23 22 13 13 19 23 4 24 25 25 5 4 13 12 16 16 19 13 15 14 26 26 27 15 </p>
        </polylist>
      </mesh>
    </geometry>
    <geometry id="meshId45" name="meshId45_name" >
      <mesh>
        <source id="meshId45-positions" name="meshId45-positions">
          <float_array id="meshId45-positions-array" count="42"> 0.36744 -0.468064 -0.827108 0.36744 -0.468064 -0.830441 0.253947 -0.468064 -0.830441 0.253947 -0.468064 -0.827196 0.36744 -0.482691 -0.827108 0.253947 -0.482691 -0.827196 0.253947 -0.482691 -0.827196 0.253947 -0.482691 -0.830441 0.36744 -0.482691 -0.830441 0.36744 -0.482691 -0.827108 0.253947 -0.482691 -0.827196 0.253947 -0.468064 -0.827196 0.36744 -0.468064 -0.827108 0.36744 -0.482691 -0.827108 </float_array>
          <technique_common>
            <accessor count="14" offset="0" source="#meshId45-positions-array" stride="3">
              <param name="X" type="float" />
              <param name="Y" type="float" />
              <param name="Z" type="float" />
            </accessor>
          </technique_common>
        </source>
        <source id="meshId45-normals" name="meshId45-normals">
          <float_array id="meshId45-normals-array" count="42"> 0.0278881 0.219205 0.97528 0.0286402 0.219303 -0.975236 -0.0278874 0.219308 -0.975257 -0.0286395 0.219406 0.975213 0.0278881 -0.219205 0.97528 -0.0286395 -0.219406 0.975213 -0.0286395 -0.219406 0.975213 -0.0278874 -0.219308 -0.975257 0.0286402 -0.219303 -0.975236 0.0278881 -0.219205 0.97528 -0.0286395 -0.219406 0.975213 -0.0286395 0.219406 0.975213 0.0278881 0.219205 0.97528 0.0278881 -0.219205 0.97528 </float_array>
          <technique_common>
            <accessor count="14" offset="0" source="#meshId45-normals-array" stride="3">
              <param name="X" type="float" />
              <param name="Y" type="float" />
              <param name="Z" type="float" />
            </accessor>
          </technique_common>
        </source>
        <source id="meshId45-tangents" name="meshId45-tangents">
          <float_array id="meshId45-tangents-array" count="42"> 0.999611 -0.00593442 -0.02725 0.774203 0.612271 0.160419 0.772744 -0.614167 -0.160205 0.99959 0.00646689 0.0279004 0.999611 0.0068599 -0.027042 0.99959 -0.00554187 0.0281085 0.99959 -0.00632023 0.0279334 0.772604 0.614334 -0.160239 0.774331 -0.612117 0.160389 0.999611 0.0060812 -0.027217 -0.126411 -0.966986 -0.221267 -0.126151 0.967019 -0.221268 -0.123157 -0.967473 0.220973 -0.122946 0.9675 0.220973 </float_array>
          <technique_common>
            <accessor count="14" offset="0" source="#meshId45-tangents-array" stride="3">
              <param name="X" type="float" />
              <param name="Y" type="float" />
              <param name="Z" type="float" />
            </accessor>
          </technique_common>
        </source>
        <source id="meshId45-bitangents" name="meshId45-bitangents">
          <float_array id="meshId45-bitangents-array" count="42"> -0.000185619 0.975661 -0.219286 0.632289 -0.759625 -0.15225 -0.634105 -0.758092 -0.152342 -0.000185076 0.975612 -0.219501 -0.000762581 0.975655 0.219311 -0.000762685 0.975618 0.219475 3.4811e-05 0.975613 0.219497 0.634275 -0.757957 0.152306 -0.632133 -0.759749 0.152282 3.52333e-05 0.97566 0.21929 0.991564 -0.129615 -4.13787e-05 -0.991597 -0.129361 -1.65794e-05 0.991995 -0.126275 1.56984e-05 -0.992021 -0.126069 3.13129e-05 </float_array>
          <technique_common>
            <accessor count="14" offset="0" source="#meshId45-bitangents-array" stride="3">
              <param name="X" type="float" />
              <param name="Y" type="float" />
              <param name="Z" type="float" />
            </accessor>
          </technique_common>
        </source>
        <source id="meshId45-tex0" name="meshId45-tex0">
          <float_array id="meshId45-tex0-array" count="28"> 0.920993 0.632814 0.920992 0.633773 0.888344 0.633767 0.888345 0.632834 0.92099 0.628606 0.888342 0.628626 0.888344 0.638909 0.888344 0.637975 0.920992 0.63798 0.920991 0.638939 0.88741 0.637975 0.887411 0.633767 0.921951 0.633773 0.921951 0.637981 </float_array>
          <technique_common>
            <accessor count="14" offset="0" source="#meshId45-tex0-array" stride="2">
              <param name="S" type="float" />
              <param name="T" type="float" />
            </accessor>
          </technique_common>
        </source>
        <vertices id="meshId45-vertices">
          <input semantic="POSITION" source="#meshId45-positions" />
        </vertices>
        <polylist count="12" material="defaultMaterial">
          <input offset="0" semantic="VERTEX" source="#meshId45-vertices" />
          <input offset="0" semantic="NORMAL" source="#meshId45-normals" />
          <input offset="0" semantic="TANGENT" source="#meshId45-tangents" />
          <input offset="0" semantic="BINORMAL" source="#meshId45-bitangents" />
          <input offset="0" semantic="TEXCOORD" source="#meshId45-tex0" set="0" />
          <vcount>3 3 3 3 3 3 3 3 3 3 3 3 </vcount>
          <p>3 0 1 1 2 3 5 4 0 0 3 5 9 6 7 7 8 9 8 7 2 2 1 8 7 10 11 11 2 7 1 12 13 13 8 1 </p>
        </polylist>
      </mesh>
    </geometry>
    <geometry id="meshId46" name="meshId46_name" >
      <mesh>
        <source id="meshId46-positions" name="meshId46-positions">
          <float_array id="meshId46-positions-array" count="42"> 0.253966 -0.468064 -0.274889 0.253966 -0.482691 -0.274889 0.367533 -0.482691 -0.274889 0.367533 -0.468064 -0.274889 0.253966 -0.468064 -0.278167 0.367533 -0.468064 -0.278201 0.253966 -0.482691 -0.278167 0.367533 -0.482691 -0.278201 0.367533 -0.482691 -0.278201 0.253966 -0.482691 -0.278167 0.367533 -0.482691 -0.278201 0.367533 -0.468064 -0.278201 0.253966 -0.468064 -0.278167 0.253966 -0.482691 -0.278167 </float_array>
          <technique_common>
            <accessor count="14" offset="0" source="#meshId46-positions-array" stride="3">
              <param name="X" type="float" />
              <param name="Y" type="float" />
              <param name="Z" type="float" />
            </accessor>
          </technique_common>
        </source>
        <source id="meshId46-normals" name="meshId46-normals">
          <float_array id="meshId46-normals-array" count="42"> -0.0281466 0.219677 0.975166 -0.0281466 -0.219677 0.975166 0.0284398 -0.219675 0.975158 0.0284398 0.219675 0.975158 -0.0284395 0.219715 -0.975149 0.0281469 0.219637 -0.975175 -0.0284395 -0.219715 -0.975149 0.0281469 -0.219637 -0.975175 0.0281469 -0.219637 -0.975175 -0.0284395 -0.219715 -0.975149 0.0281469 -0.219637 -0.975175 0.0281469 0.219637 -0.975175 -0.0284395 0.219715 -0.975149 -0.0284395 -0.219715 -0.975149 </float_array>
          <technique_common>
            <accessor count="14" offset="0" source="#meshId46-normals-array" stride="3">
              <param name="X" type="float" />
              <param name="Y" type="float" />
              <param name="Z" type="float" />
            </accessor>
          </technique_common>
        </source>
        <source id="meshId46-tangents" name="meshId46-tangents">
          <float_array id="meshId46-tangents-array" count="42"> -0.773139 0.613582 -0.160538 -0.773121 -0.613604 -0.160542 -0.773747 0.612797 0.160611 -0.773719 -0.61283 0.160618 -0.999596 -0.00633302 0.0277255 -0.999604 0.00610118 -0.0274778 -0.999596 0.0059429 0.0278134 -0.999604 -0.00649599 -0.0273889 -0.999604 -0.00617519 -0.0274612 -0.999596 0.00626021 0.0277419 0.123957 -0.967265 0.221434 0.123993 0.96726 0.221434 0.125177 -0.967082 -0.221548 0.125177 0.967082 -0.221548 </float_array>
          <technique_common>
            <accessor count="14" offset="0" source="#meshId46-tangents-array" stride="3">
              <param name="X" type="float" />
              <param name="Y" type="float" />
              <param name="Z" type="float" />
            </accessor>
          </technique_common>
        </source>
        <source id="meshId46-bitangents" name="meshId46-bitangents">
          <float_array id="meshId46-bitangents-array" count="42"> -0.633611 -0.758458 0.152571 0.633633 -0.758441 -0.152566 -0.632856 -0.759093 -0.152545 0.63289 -0.759067 0.152538 -8.39215e-05 0.975544 0.219806 -8.54316e-05 0.975563 0.219722 -0.000315818 0.975546 -0.219795 -0.000319117 0.97556 -0.219733 9.59309e-06 0.975562 -0.219724 9.31229e-06 0.975544 -0.219804 -0.991888 -0.127112 1.86265e-09 0.991884 -0.127147 -8.00751e-06 -0.991727 -0.128367 0 0.991727 -0.128367 0 </float_array>
          <technique_common>
            <accessor count="14" offset="0" source="#meshId46-bitangents-array" stride="3">
              <param name="X" type="float" />
              <param name="Y" type="float" />
              <param name="Z" type="float" />
            </accessor>
          </technique_common>
        </source>
        <source id="meshId46-tex0" name="meshId46-tex0">
          <float_array id="meshId46-tex0-array" count="28"> 0.689726 0.663099 0.689726 0.667267 0.65736 0.667269 0.65736 0.6631 0.689726 0.662164 0.65736 0.662156 0.689727 0.657996 0.657361 0.657987 0.65736 0.668212 0.689726 0.668201 0.656416 0.667269 0.656416 0.6631 0.69066 0.663099 0.69066 0.667267 </float_array>
          <technique_common>
            <accessor count="14" offset="0" source="#meshId46-tex0-array" stride="2">
              <param name="S" type="float" />
              <param name="T" type="float" />
            </accessor>
          </technique_common>
        </source>
        <vertices id="meshId46-vertices">
          <input semantic="POSITION" source="#meshId46-positions" />
        </vertices>
        <polylist count="12" material="defaultMaterial">
          <input offset="0" semantic="VERTEX" source="#meshId46-vertices" />
          <input offset="0" semantic="NORMAL" source="#meshId46-normals" />
          <input offset="0" semantic="TANGENT" source="#meshId46-tangents" />
          <input offset="0" semantic="BINORMAL" source="#meshId46-bitangents" />
          <input offset="0" semantic="TEXCOORD" source="#meshId46-tex0" set="0" />
          <vcount>3 3 3 3 3 3 3 3 3 3 3 3 </vcount>
          <p>3 0 1 1 2 3 5 4 0 0 3 5 7 6 4 4 5 7 9 8 2 2 1 9 11 3 2 2 10 11 13 1 0 0 12 13 </p>
        </polylist>
      </mesh>
    </geometry>
    <geometry id="meshId47" name="meshId47_name" >
      <mesh>
        <source id="meshId47-positions" name="meshId47-positions">
          <float_array id="meshId47-positions-array" count="42"> 0.242178 -0.470827 -0.297674 0.264194 -0.466261 -0.297674 0.236342 -0.331961 -0.297674 0.214327 -0.336527 -0.297674 0.236342 -0.331961 -0.301814 0.214327 -0.336527 -0.301814 0.214327 -0.336527 -0.301814 0.236342 -0.331961 -0.301814 0.264194 -0.466261 -0.301814 0.242178 -0.470827 -0.301814 0.242178 -0.470827 -0.301814 0.264194 -0.466261 -0.301814 0.242178 -0.470827 -0.301814 0.214327 -0.336527 -0.301814 </float_array>
          <technique_common>
            <accessor count="14" offset="0" source="#meshId47-positions-array" stride="3">
              <param name="X" type="float" />
              <param name="Y" type="float" />
              <param name="Z" type="float" />
            </accessor>
          </technique_common>
        </source>
        <source id="meshId47-normals" name="meshId47-normals">
          <float_array id="meshId47-normals-array" count="42"> -0.171205 -0.0658074 0.983035 0.183255 0.00770214 0.983035 0.171205 0.0658074 0.983035 -0.183255 -0.00770214 0.983035 0.171205 0.0658074 -0.983035 -0.183255 -0.00770214 -0.983035 -0.183255 -0.00770214 -0.983035 0.171205 0.0658074 -0.983035 0.183255 0.00770214 -0.983035 -0.171205 -0.0658074 -0.983035 -0.171205 -0.0658074 -0.983035 0.183255 0.00770214 -0.983035 -0.171205 -0.0658074 -0.983035 -0.183255 -0.00770214 -0.983035 </float_array>
          <technique_common>
            <accessor count="14" offset="0" source="#meshId47-normals-array" stride="3">
              <param name="X" type="float" />
              <param name="Y" type="float" />
              <param name="Z" type="float" />
            </accessor>
          </technique_common>
        </source>
        <source id="meshId47-tangents" name="meshId47-tangents">
          <float_array id="meshId47-tangents-array" count="42"> -0.426656 -0.894405 -0.134181 0.747003 -0.651144 -0.134153 -0.426709 -0.894379 0.134188 0.74703 -0.651113 0.134158 0.917505 0.352907 0.183417 -0.982165 -0.0413693 0.183417 0.197855 -0.979796 -0.0292069 0.208316 -0.977627 -0.029165 0.197795 -0.979809 0.0291957 0.208378 -0.977614 0.0291535 0.917553 0.352782 -0.183417 -0.982161 -0.0414578 -0.183417 0.208262 -0.977638 0.0291753 0.19774 -0.97982 -0.0291854 </float_array>
          <technique_common>
            <accessor count="14" offset="0" source="#meshId47-tangents-array" stride="3">
              <param name="X" type="float" />
              <param name="Y" type="float" />
              <param name="Z" type="float" />
            </accessor>
          </technique_common>
        </source>
        <source id="meshId47-bitangents" name="meshId47-bitangents">
          <float_array id="meshId47-bitangents-array" count="42"> 0.888062 -0.44239 0.12505 0.639065 0.758915 -0.125079 0.888036 -0.442443 -0.125042 0.639034 0.758942 0.125074 0.35899 -0.933341 4.09186e-05 -0.0420802 0.999114 1.63838e-05 -0.962949 -0.199851 0.181077 -0.962961 -0.199789 -0.181084 -0.962961 -0.19979 -0.181079 -0.962947 -0.199851 0.181085 0.358867 -0.933388 -1.63466e-05 -0.0421671 0.999111 -3.26238e-05 -0.962972 -0.199734 0.181082 -0.962973 -0.199734 0.18108 </float_array>
          <technique_common>
            <accessor count="14" offset="0" source="#meshId47-bitangents-array" stride="3">
              <param name="X" type="float" />
              <param name="Y" type="float" />
              <param name="Z" type="float" />
            </accessor>
          </technique_common>
        </source>
        <source id="meshId47-tex0" name="meshId47-tex0">
          <float_array id="meshId47-tex0-array" count="28"> 0.150055 0.53213 0.150054 0.538538 0.110965 0.538532 0.110966 0.532124 0.109785 0.538532 0.109786 0.532124 0.110964 0.54612 0.110965 0.539712 0.150054 0.539718 0.150053 0.546126 0.151235 0.532131 0.151234 0.538538 0.150055 0.530951 0.110966 0.530945 </float_array>
          <technique_common>
            <accessor count="14" offset="0" source="#meshId47-tex0-array" stride="2">
              <param name="S" type="float" />
              <param name="T" type="float" />
            </accessor>
          </technique_common>
        </source>
        <vertices id="meshId47-vertices">
          <input semantic="POSITION" source="#meshId47-positions" />
        </vertices>
        <polylist count="12" material="defaultMaterial">
          <input offset="0" semantic="VERTEX" source="#meshId47-vertices" />
          <input offset="0" semantic="NORMAL" source="#meshId47-normals" />
          <input offset="0" semantic="TANGENT" source="#meshId47-tangents" />
          <input offset="0" semantic="BINORMAL" source="#meshId47-bitangents" />
          <input offset="0" semantic="TEXCOORD" source="#meshId47-tex0" set="0" />
          <vcount>3 3 3 3 3 3 3 3 3 3 3 3 </vcount>
          <p>3 0 1 1 2 3 5 3 2 2 4 5 9 6 7 7 8 9 0 10 11 11 1 0 2 1 8 8 7 2 13 12 0 0 3 13 </p>
        </polylist>
      </mesh>
    </geometry>
    <geometry id="meshId48" name="meshId48_name" >
      <mesh>
        <source id="meshId48-positions" name="meshId48-positions">
          <float_array id="meshId48-positions-array" count="126"> 0.374657 -0.467943 -0.272866 0.374657 -0.467943 -0.831787 0.374657 -0.463285 -0.831787 0.374657 -0.463285 -0.272866 0.254991 -0.467943 -0.831787 0.254991 -0.467943 -0.272866 0.254991 -0.463285 -0.272866 0.254991 -0.463285 -0.831787 0.29486 -0.467943 -0.272866 0.334789 -0.467943 -0.272866 0.334789 -0.463285 -0.272866 0.29486 -0.463285 -0.272866 0.29486 -0.467943 -0.272866 0.29486 -0.467943 -0.831787 0.334789 -0.467943 -0.831787 0.29486 -0.467943 -0.831787 0.29486 -0.463285 -0.831787 0.334789 -0.463285 -0.831787 0.29486 -0.463285 -0.831787 0.29486 -0.463285 -0.272866 0.337483 -0.463285 -0.272866 0.337483 -0.467943 -0.272866 0.337483 -0.463285 -0.831787 0.337483 -0.463285 -0.272866 0.337483 -0.467943 -0.831787 0.337483 -0.463285 -0.831787 0.337483 -0.467943 -0.272866 0.337483 -0.467943 -0.831787 0.254991 -0.467943 -0.831787 0.292166 -0.467943 -0.831787 0.292166 -0.467943 -0.272866 0.254991 -0.467943 -0.272866 0.254991 -0.463285 -0.831787 0.292166 -0.463285 -0.831787 0.254991 -0.467943 -0.831787 0.292166 -0.463285 -0.272866 0.254991 -0.467943 -0.272866 0.254991 -0.463285 -0.272866 0.29486 -0.467943 -0.831787 0.29486 -0.467943 -0.272866 0.337483 -0.467943 -0.831787 0.337483 -0.467943 -0.272866 </float_array>
          <technique_common>
            <accessor count="42" offset="0" source="#meshId48-positions-array" stride="3">
              <param name="X" type="float" />
              <param name="Y" type="float" />
              <param name="Z" type="float" />
            </accessor>
          </technique_common>
        </source>
        <source id="meshId48-normals" name="meshId48-normals">
          <float_array id="meshId48-normals-array" count="126"> 0.124329 -0.992207 0.00826924 0.124329 -0.992207 -0.00826924 0.124329 0.992207 -0.00826934 0.124329 0.992207 0.00826934 -0.124328 -0.992207 -0.00826929 -0.124328 -0.992207 0.00826929 -0.124329 0.992207 0.00826929 -0.124329 0.992207 -0.00826929 -0.11587 -0.99323 0.00827783 0.115872 -0.99323 0.00827783 0.11587 0.99323 0.00827783 -0.115872 0.99323 0.00827784 -0.11587 -0.99323 0.00827783 -0.11587 -0.99323 -0.00827783 0.115872 -0.99323 -0.00827783 -0.11587 -0.99323 -0.00827783 -0.115872 0.99323 -0.00827784 0.11587 0.99323 -0.00827783 -0.115872 0.99323 -0.00827784 -0.115872 0.99323 0.00827784 -0.124329 0.992207 0.0082693 -0.124329 -0.992207 0.00826928 -0.124329 0.992207 -0.0082693 -0.124329 0.992207 0.0082693 -0.124329 -0.992207 -0.00826928 -0.124329 0.992207 -0.0082693 -0.124329 -0.992207 0.00826928 -0.124329 -0.992207 -0.00826928 -0.124328 -0.992207 -0.00826929 0.124329 -0.992207 -0.00826929 0.124329 -0.992207 0.00826929 -0.124328 -0.992207 0.00826929 -0.124329 0.992207 -0.00826929 0.124328 0.992207 -0.00826929 -0.124328 -0.992207 -0.00826929 0.124328 0.992207 0.00826929 -0.124328 -0.992207 0.00826929 -0.124329 0.992207 0.00826929 -0.11587 -0.99323 -0.00827783 -0.11587 -0.99323 0.00827783 -0.124329 -0.992207 -0.00826928 -0.124329 -0.992207 0.00826928 </float_array>
          <technique_common>
            <accessor count="42" offset="0" source="#meshId48-normals-array" stride="3">
              <param name="X" type="float" />
              <param name="Y" type="float" />
              <param name="Z" type="float" />
            </accessor>
          </technique_common>
        </source>
        <source id="meshId48-tangents" name="meshId48-tangents">
          <float_array id="meshId48-tangents-array" count="126"> -0.99098 -0.124587 -0.0493572 -0.990992 -0.124586 0.0491352 0.990991 -0.124587 -0.0491398 0.991002 -0.124586 0.0489157 -0.00104776 -0.00820266 0.999966 0.00100862 0.00820757 0.999966 0.00111445 -0.00819431 0.999966 -0.00094214 0.0082159 0.999966 0.993264 -0.115866 0.000965022 0.686442 0.0740524 -0.723404 0.686496 -0.0740581 -0.723353 0.993264 0.115868 0.00096631 -0.00103278 -0.00821349 -0.999966 0.000884863 0.00823074 -0.999966 -0.686496 -0.0740591 -0.723352 -0.993264 0.115866 0.00096622 -0.993264 -0.115868 0.000965112 -0.686471 0.074055 -0.723377 0.000999939 -0.00821732 -0.999966 -0.000918415 0.00822683 -0.999966 -0.990014 -0.124604 0.0659191 0.990024 -0.124604 -0.0657761 0.991663 0.124537 0.0330834 0.99165 0.124538 -0.0334782 0.990019 -0.124604 0.0658475 -0.990019 -0.124604 -0.0658475 -0.992241 0.124324 -0.00105883 -0.992241 0.124325 0.00101347 -0.00118509 -0.00818546 0.999966 0.68687 0.0800484 0.722359 -0.686925 -0.0800557 0.722305 0.000872605 0.00822461 0.999966 0.992241 0.124325 -0.0010376 0.686925 -0.0800552 0.722306 0.992241 -0.124324 -0.0010347 -0.68687 0.0800479 0.722359 -0.992241 0.124324 -0.00103747 -0.992241 -0.124325 -0.00103483 0.000950606 0.00822307 -0.999966 -0.00096786 -0.00822106 -0.999966 -0.990019 0.124604 -0.0658475 -0.990067 0.124604 0.0651305 </float_array>
          <technique_common>
            <accessor count="42" offset="0" source="#meshId48-tangents-array" stride="3">
              <param name="X" type="float" />
              <param name="Y" type="float" />
              <param name="Z" type="float" />
            </accessor>
          </technique_common>
        </source>
        <source id="meshId48-bitangents" name="meshId48-bitangents">
          <float_array id="meshId48-bitangents-array" count="126"> 0.0500028 -0.00205812 -0.998747 -0.0497825 0.00208582 -0.998758 -0.0497871 -0.00208535 -0.998758 0.0495647 0.00211331 -0.998769 -0.99224 0.124333 -1.97716e-05 -0.992241 0.124333 -1.96768e-05 0.99224 0.124334 -8.69777e-05 0.99224 0.124333 -8.66784e-05 6.34172e-07 0.00833389 0.999965 0.717893 0.0895043 0.690375 -0.717842 0.0894978 -0.690429 6.34231e-07 0.00833405 -0.999965 0.993264 -0.115875 -7.40892e-05 0.993264 -0.115874 -7.48266e-05 0.717842 0.0894987 -0.69043 -5.56058e-07 0.00833403 -0.999965 -5.56e-07 0.00833391 0.999965 -0.717866 0.0895005 0.690404 -0.993264 -0.115876 -4.10144e-05 -0.993264 -0.115875 -4.10595e-05 0.0664357 8.93325e-06 0.997791 0.0662939 8.91462e-06 0.9978 0.0338554 -0.00408713 -0.999418 -0.0342471 0.00403794 -0.999405 -0.0663647 9.31323e-10 0.997795 -0.0663647 0 0.997795 2.25033e-05 -0.00833676 -0.999965 2.25033e-05 0.00833112 -0.999965 -0.99224 0.124334 -0.000158168 -0.716067 -0.0954901 0.691469 -0.716014 -0.095484 -0.691525 -0.992241 0.124331 -0.000156748 -1.44029e-06 -0.00833413 -0.999965 0.716014 -0.0954835 -0.691524 -1.44017e-06 -0.00833377 0.999965 0.716067 -0.0954896 0.691469 1.31293e-06 -0.00833411 -0.999965 1.31282e-06 -0.00833379 0.999965 0.993264 -0.115874 -8.64023e-06 0.993264 -0.115874 -8.7294e-06 0.0663647 -9.31323e-10 -0.997795 -0.0656532 -8.95448e-05 -0.997842 </float_array>
          <technique_common>
            <accessor count="42" offset="0" source="#meshId48-bitangents-array" stride="3">
              <param name="X" type="float" />
              <param name="Y" type="float" />
              <param name="Z" type="float" />
            </accessor>
          </technique_common>
        </source>
        <source id="meshId48-tex0" name="meshId48-tex0">
          <float_array id="meshId48-tex0-array" count="84"> 0.569111 0.760556 0.569116 0.919844 0.567788 0.919844 0.567783 0.760556 0.026156 0.805126 0.185444 0.805101 0.185445 0.806429 0.0261563 0.806454 0.0811663 0.410376 0.0866491 0.410376 0.0866491 0.411016 0.0811663 0.411016 0.0866496 0.404894 0.163396 0.404899 0.163396 0.410382 0.168879 0.410383 0.168878 0.411022 0.163396 0.411022 0.163395 0.416505 0.0866487 0.416499 0.567783 0.749961 0.56911 0.749961 0.557194 0.919845 0.557189 0.760556 0.569116 0.930439 0.567788 0.930439 0.579705 0.760555 0.57971 0.919844 0.0261598 0.82897 0.0261581 0.818376 0.185447 0.818351 0.185448 0.828945 0.0155634 0.81705 0.0261579 0.817048 0.0155636 0.818377 0.185446 0.817023 0.196041 0.818349 0.196041 0.817022 0.163395 0.417144 0.0866487 0.417138 0.555866 0.919845 0.555861 0.760556 </float_array>
          <technique_common>
            <accessor count="42" offset="0" source="#meshId48-tex0-array" stride="2">
              <param name="S" type="float" />
              <param name="T" type="float" />
            </accessor>
          </technique_common>
        </source>
        <vertices id="meshId48-vertices">
          <input semantic="POSITION" source="#meshId48-positions" />
        </vertices>
        <polylist count="36" material="defaultMaterial">
          <input offset="0" semantic="VERTEX" source="#meshId48-vertices" />
          <input offset="0" semantic="NORMAL" source="#meshId48-normals" />
          <input offset="0" semantic="TANGENT" source="#meshId48-tangents" />
          <input offset="0" semantic="BINORMAL" source="#meshId48-bitangents" />
          <input offset="0" semantic="TEXCOORD" source="#meshId48-tex0" set="0" />
          <vcount>3 3 3 3 3 3 3 3 3 3 3 3 3 3 3 3 3 3 3 3 3 3 3 3 3 3 3 3 3 3 3 3 3 3 3 3 </vcount>
          <p>3 0 1 1 2 3 7 4 5 5 6 7 11 8 9 9 10 11 14 9 12 12 13 14 17 14 15 15 16 17 10 17 18 18 19 10 3 20 21 21 0 3 2 22 23 23 3 2 1 24 25 25 2 1 0 26 27 27 1 0 31 28 29 29 30 31 34 32 33 33 29 34 7 6 35 35 33 7 37 36 30 30 35 37 35 30 29 29 33 35 18 38 39 39 19 18 10 9 14 14 17 10 22 40 41 41 23 22 </p>
        </polylist>
      </mesh>
    </geometry>
    <geometry id="meshId49" name="meshId49_name" >
      <mesh>
        <source id="meshId49-positions" name="meshId49-positions">
          <float_array id="meshId49-positions-array" count="42"> 0.213555 -0.331699 -0.807188 0.213555 -0.331699 -0.296003 0.235534 -0.326955 -0.296003 0.235534 -0.326955 -0.807188 0.214658 -0.33681 -0.807188 0.214658 -0.33681 -0.296003 0.236637 -0.332067 -0.807188 0.214658 -0.33681 -0.807188 0.213555 -0.331699 -0.807188 0.236637 -0.332067 -0.296003 0.213555 -0.331699 -0.296003 0.214658 -0.33681 -0.296003 0.214658 -0.33681 -0.296003 0.214658 -0.33681 -0.807188 </float_array>
          <technique_common>
            <accessor count="14" offset="0" source="#meshId49-positions-array" stride="3">
              <param name="X" type="float" />
              <param name="Y" type="float" />
              <param name="Z" type="float" />
            </accessor>
          </technique_common>
        </source>
        <source id="meshId49-normals" name="meshId49-normals">
          <float_array id="meshId49-normals-array" count="42"> -0.426874 0.904256 -0.00996307 -0.426874 0.904256 0.00996307 0.0159424 0.999823 0.00996322 0.0159424 0.999823 -0.00996321 -0.0159424 -0.999823 -0.0099632 -0.0159424 -0.999823 0.00996321 0.426874 -0.904256 -0.00996307 -0.0159424 -0.999823 -0.0099632 -0.426874 0.904256 -0.00996307 0.426874 -0.904256 0.00996307 -0.426874 0.904256 0.00996307 -0.0159424 -0.999823 0.00996321 -0.0159424 -0.999823 0.00996321 -0.0159424 -0.999823 -0.0099632 </float_array>
          <technique_common>
            <accessor count="14" offset="0" source="#meshId49-normals-array" stride="3">
              <param name="X" type="float" />
              <param name="Y" type="float" />
              <param name="Z" type="float" />
            </accessor>
          </technique_common>
        </source>
        <source id="meshId49-tangents" name="meshId49-tangents">
          <float_array id="meshId49-tangents-array" count="42"> -0.0042884 0.00899299 0.99995 0.00421753 -0.00902645 0.99995 -0.696113 0.00394558 0.717921 0.696087 -0.00394492 0.717947 -0.000144034 -0.00996217 0.99995 0.000173849 0.0099617 0.99995 0.632523 0.290686 0.717925 0.999871 -0.01592 -0.00231774 0.904309 0.426873 -0.0023161 -0.632502 -0.290676 0.717948 -0.904308 -0.426873 -0.00231731 -0.999871 0.01592 -0.00231654 0.000223352 0.00996091 0.99995 -9.43377e-05 -0.00996296 0.99995 </float_array>
          <technique_common>
            <accessor count="14" offset="0" source="#meshId49-tangents-array" stride="3">
              <param name="X" type="float" />
              <param name="Y" type="float" />
              <param name="Z" type="float" />
            </accessor>
          </technique_common>
        </source>
        <source id="meshId49-bitangents" name="meshId49-bitangents">
          <float_array id="meshId49-bitangents-array" count="42"> 0.904301 0.426895 3.89377e-05 0.904301 0.426895 3.9432e-05 0.717755 -0.0183809 0.696053 0.717781 -0.018381 -0.696027 -0.999873 0.015943 1.48117e-05 -0.999873 0.0159433 1.5005e-05 -0.646292 -0.312765 0.696049 0.00215872 -0.00999886 0.999948 0.00215861 -0.00999837 -0.999948 -0.646313 -0.312775 -0.696026 0.00215753 -0.00999889 0.999948 0.00215752 -0.00999885 -0.999948 -0.999873 0.0159438 6.45119e-05 -0.999873 0.0159425 6.4512e-05 </float_array>
          <technique_common>
            <accessor count="14" offset="0" source="#meshId49-bitangents-array" stride="3">
              <param name="X" type="float" />
              <param name="Y" type="float" />
              <param name="Z" type="float" />
            </accessor>
          </technique_common>
        </source>
        <source id="meshId49-tex0" name="meshId49-tex0">
          <float_array id="meshId49-tex0-array" count="28"> 0.172465 0.409821 0.242656 0.409826 0.242656 0.412913 0.172465 0.412909 0.172465 0.409103 0.242657 0.409108 0.172464 0.413627 0.169377 0.413626 0.169377 0.412908 0.242656 0.413631 0.245744 0.412914 0.245744 0.413632 0.242656 0.416719 0.172464 0.416714 </float_array>
          <technique_common>
            <accessor count="14" offset="0" source="#meshId49-tex0-array" stride="2">
              <param name="S" type="float" />
              <param name="T" type="float" />
            </accessor>
          </technique_common>
        </source>
        <vertices id="meshId49-vertices">
          <input semantic="POSITION" source="#meshId49-positions" />
        </vertices>
        <polylist count="12" material="defaultMaterial">
          <input offset="0" semantic="VERTEX" source="#meshId49-vertices" />
          <input offset="0" semantic="NORMAL" source="#meshId49-normals" />
          <input offset="0" semantic="TANGENT" source="#meshId49-tangents" />
          <input offset="0" semantic="BINORMAL" source="#meshId49-bitangents" />
          <input offset="0" semantic="TEXCOORD" source="#meshId49-tex0" set="0" />
          <vcount>3 3 3 3 3 3 3 3 3 3 3 3 </vcount>
          <p>3 0 1 1 2 3 1 0 4 4 5 1 8 3 6 6 7 8 3 2 9 9 6 3 2 10 11 11 9 2 9 12 13 13 6 9 </p>
        </polylist>
      </mesh>
    </geometry>
    <geometry id="meshId50" name="meshId50_name" >
      <mesh>
        <source id="meshId50-positions" name="meshId50-positions">
          <float_array id="meshId50-positions-array" count="42"> 0.366919 -0.482283 -0.552749 0.366919 -0.468055 -0.552749 0.253795 -0.468055 -0.552749 0.253795 -0.482283 -0.552749 0.253795 -0.468055 -0.562422 0.253795 -0.482283 -0.562422 0.366919 -0.468055 -0.562422 0.366919 -0.482283 -0.562422 0.366919 -0.468055 -0.552749 0.366919 -0.482283 -0.552749 0.366919 -0.468055 -0.562422 0.253795 -0.468055 -0.562422 0.366919 -0.482283 -0.562422 0.253795 -0.482283 -0.562422 </float_array>
          <technique_common>
            <accessor count="14" offset="0" source="#meshId50-positions-array" stride="3">
              <param name="X" type="float" />
              <param name="Y" type="float" />
              <param name="Z" type="float" />
            </accessor>
          </technique_common>
        </source>
        <source id="meshId50-normals" name="meshId50-normals">
          <float_array id="meshId50-normals-array" count="42"> 0.0705425 -0.560833 0.824918 0.0705425 0.560833 0.824918 -0.0705426 0.560833 0.824918 -0.0705425 -0.560833 0.824918 -0.0705426 0.560833 -0.824918 -0.0705425 -0.560833 -0.824918 0.0705425 0.560833 -0.824918 0.0705425 -0.560833 -0.824918 0.0705425 0.560833 0.824918 0.0705425 -0.560833 0.824918 0.0705425 0.560833 -0.824918 -0.0705426 0.560833 -0.824918 0.0705425 -0.560833 -0.824918 -0.0705425 -0.560833 -0.824918 </float_array>
          <technique_common>
            <accessor count="14" offset="0" source="#meshId50-normals-array" stride="3">
              <param name="X" type="float" />
              <param name="Y" type="float" />
              <param name="Z" type="float" />
            </accessor>
          </technique_common>
        </source>
        <source id="meshId50-tangents" name="meshId50-tangents">
          <float_array id="meshId50-tangents-array" count="42"> 0.997509 0.0395595 -0.0584064 0.997509 -0.0397633 -0.0582678 0.769077 -0.496072 0.40303 0.769184 0.49596 0.402963 -0.542503 0.672411 0.503541 -0.542394 -0.672474 0.503575 -0.542394 -0.672474 -0.503575 -0.542506 0.672409 -0.50354 0.102986 0.818464 -0.565253 0.102906 -0.818474 -0.565253 0.997509 -0.0395787 0.0583933 0.997509 0.0397442 -0.0582809 0.997509 0.0397441 0.0582809 0.997509 -0.0395787 -0.0583934 </float_array>
          <technique_common>
            <accessor count="14" offset="0" source="#meshId50-tangents-array" stride="3">
              <param name="X" type="float" />
              <param name="Y" type="float" />
              <param name="Z" type="float" />
            </accessor>
          </technique_common>
        </source>
        <source id="meshId50-bitangents" name="meshId50-bitangents">
          <float_array id="meshId50-bitangents-array" count="42"> 0.000122886 0.826983 0.562227 0.000122886 0.826973 -0.562241 0.635251 0.662856 -0.39633 -0.635121 0.66294 0.396398 0.837087 0.483042 0.25682 -0.837157 0.482954 -0.256755 -0.837157 0.482954 0.256755 0.837085 0.483044 -0.256822 -0.992178 0.124829 -2.15881e-05 0.992186 0.124763 -2.41585e-05 9.97894e-05 -0.826982 -0.562228 9.97856e-05 -0.826974 -0.56224 9.97894e-05 -0.826974 0.56224 9.97894e-05 -0.826982 0.562228 </float_array>
          <technique_common>
            <accessor count="14" offset="0" source="#meshId50-bitangents-array" stride="3">
              <param name="X" type="float" />
              <param name="Y" type="float" />
              <param name="Z" type="float" />
            </accessor>
          </technique_common>
        </source>
        <source id="meshId50-tex0" name="meshId50-tex0">
          <float_array id="meshId50-tex0-array" count="28"> 0.921235 0.555212 0.921235 0.559267 0.888995 0.559262 0.888996 0.555206 0.886238 0.559261 0.886239 0.555206 0.853998 0.559255 0.853999 0.5552 0.851241 0.559255 0.851242 0.5552 0.921234 0.562024 0.888994 0.562018 0.921236 0.552455 0.888996 0.552449 </float_array>
          <technique_common>
            <accessor count="14" offset="0" source="#meshId50-tex0-array" stride="2">
              <param name="S" type="float" />
              <param name="T" type="float" />
            </accessor>
          </technique_common>
        </source>
        <vertices id="meshId50-vertices">
          <input semantic="POSITION" source="#meshId50-positions" />
        </vertices>
        <polylist count="12" material="defaultMaterial">
          <input offset="0" semantic="VERTEX" source="#meshId50-vertices" />
          <input offset="0" semantic="NORMAL" source="#meshId50-normals" />
          <input offset="0" semantic="TANGENT" source="#meshId50-tangents" />
          <input offset="0" semantic="BINORMAL" source="#meshId50-bitangents" />
          <input offset="0" semantic="TEXCOORD" source="#meshId50-tex0" set="0" />
          <vcount>3 3 3 3 3 3 3 3 3 3 3 3 </vcount>
          <p>3 0 1 1 2 3 5 3 2 2 4 5 7 5 4 4 6 7 9 7 6 6 8 9 2 1 10 10 11 2 13 12 0 0 3 13 </p>
        </polylist>
      </mesh>
    </geometry>
    <geometry id="meshId51" name="meshId51_name" >
      <mesh>
        <source id="meshId51-positions" name="meshId51-positions">
          <float_array id="meshId51-positions-array" count="42"> 0.247194 -0.507798 -0.810067 0.381239 -0.507798 -0.810067 0.381239 -0.499738 -0.810067 0.247194 -0.499738 -0.810067 0.381239 -0.499738 -0.831564 0.247194 -0.499738 -0.831564 0.381239 -0.507798 -0.831564 0.247194 -0.507798 -0.831564 0.381239 -0.507798 -0.810067 0.247194 -0.507798 -0.810067 0.381239 -0.507798 -0.831564 0.381239 -0.499738 -0.831564 0.247194 -0.507798 -0.831564 0.247194 -0.499738 -0.831564 </float_array>
          <technique_common>
            <accessor count="14" offset="0" source="#meshId51-positions-array" stride="3">
              <param name="X" type="float" />
              <param name="Y" type="float" />
              <param name="Z" type="float" />
            </accessor>
          </technique_common>
        </source>
        <source id="meshId51-normals" name="meshId51-normals">
          <float_array id="meshId51-normals-array" count="42"> -0.0562106 -0.934877 0.350492 0.0562106 -0.934877 0.350492 0.0562106 0.934877 0.350492 -0.0562106 0.934877 0.350492 0.0562106 0.934877 -0.350492 -0.0562106 0.934877 -0.350492 0.0562106 -0.934877 -0.350492 -0.0562106 -0.934877 -0.350492 0.0562106 -0.934877 0.350492 -0.0562106 -0.934877 0.350492 0.0562106 -0.934877 -0.350492 0.0562106 0.934877 -0.350492 -0.0562106 -0.934877 -0.350492 -0.0562106 0.934877 -0.350492 </float_array>
          <technique_common>
            <accessor count="14" offset="0" source="#meshId51-normals-array" stride="3">
              <param name="X" type="float" />
              <param name="Y" type="float" />
              <param name="Z" type="float" />
            </accessor>
          </technique_common>
        </source>
        <source id="meshId51-tangents" name="meshId51-tangents">
          <float_array id="meshId51-tangents-array" count="42"> 0.513621 0.273957 0.813106 0.513577 -0.273968 -0.81313 0.749372 0.192469 -0.63356 0.749277 -0.192511 0.633658 0.998419 -0.0525916 0.0198437 0.998419 0.0526752 -0.0196208 0.998419 0.0526745 0.0196225 0.998419 -0.0525915 -0.0198439 0.998419 0.0525726 -0.0198943 0.998419 -0.052695 0.0195678 -0.0210474 0.349859 -0.936566 -0.0210241 -0.349861 -0.936566 -0.0210243 -0.349861 0.936566 -0.0210472 0.349859 0.936566 </float_array>
          <technique_common>
            <accessor count="14" offset="0" source="#meshId51-tangents-array" stride="3">
              <param name="X" type="float" />
              <param name="Y" type="float" />
              <param name="Z" type="float" />
            </accessor>
          </technique_common>
        </source>
        <source id="meshId51-bitangents" name="meshId51-bitangents">
          <float_array id="meshId51-bitangents-array" count="42"> -0.856174 0.225725 0.464773 0.856201 0.225711 0.464731 -0.659759 0.298261 -0.689752 0.659866 0.298234 -0.689661 0.000118544 -0.351053 -0.936356 0.000119196 -0.35104 -0.93636 0.000117322 -0.351041 0.93636 0.000118755 -0.351053 0.936356 0.000172425 0.351056 0.936354 0.000175698 0.351038 0.936361 0.998197 0.0600219 -1.09188e-05 -0.998197 0.0600137 -1.09132e-05 -0.998197 0.0600138 1.07009e-05 0.998197 0.0600218 1.07028e-05 </float_array>
          <technique_common>
            <accessor count="14" offset="0" source="#meshId51-bitangents-array" stride="3">
              <param name="X" type="float" />
              <param name="Y" type="float" />
              <param name="Z" type="float" />
            </accessor>
          </technique_common>
        </source>
        <source id="meshId51-tex0" name="meshId51-tex0">
          <float_array id="meshId51-tex0-array" count="28"> 0.557151 0.106433 0.59571 0.10644 0.595709 0.108758 0.557151 0.108751 0.595708 0.114942 0.557149 0.114935 0.595708 0.117261 0.557149 0.117253 0.595706 0.123444 0.557148 0.123437 0.601894 0.106441 0.601893 0.10876 0.550967 0.106432 0.550967 0.10875 </float_array>
          <technique_common>
            <accessor count="14" offset="0" source="#meshId51-tex0-array" stride="2">
              <param name="S" type="float" />
              <param name="T" type="float" />
            </accessor>
          </technique_common>
        </source>
        <vertices id="meshId51-vertices">
          <input semantic="POSITION" source="#meshId51-positions" />
        </vertices>
        <polylist count="12" material="defaultMaterial">
          <input offset="0" semantic="VERTEX" source="#meshId51-vertices" />
          <input offset="0" semantic="NORMAL" source="#meshId51-normals" />
          <input offset="0" semantic="TANGENT" source="#meshId51-tangents" />
          <input offset="0" semantic="BINORMAL" source="#meshId51-bitangents" />
          <input offset="0" semantic="TEXCOORD" source="#meshId51-tex0" set="0" />
          <vcount>3 3 3 3 3 3 3 3 3 3 3 3 </vcount>
          <p>3 0 1 1 2 3 5 3 2 2 4 5 7 5 4 4 6 7 9 7 6 6 8 9 2 1 10 10 11 2 13 12 0 0 3 13 </p>
        </polylist>
      </mesh>
    </geometry>
    <geometry id="meshId52" name="meshId52_name" >
      <mesh>
        <source id="meshId52-positions" name="meshId52-positions">
          <float_array id="meshId52-positions-array" count="42"> 0.38074 -0.53325 -0.805391 0.38074 -0.426615 -0.805391 0.372681 -0.426615 -0.805391 0.372681 -0.53325 -0.805391 0.372681 -0.426615 -0.836241 0.372681 -0.53325 -0.836241 0.38074 -0.426615 -0.836241 0.38074 -0.53325 -0.836241 0.38074 -0.426615 -0.805391 0.38074 -0.53325 -0.805391 0.38074 -0.426615 -0.836241 0.372681 -0.426615 -0.836241 0.38074 -0.53325 -0.836241 0.372681 -0.53325 -0.836241 </float_array>
          <technique_common>
            <accessor count="14" offset="0" source="#meshId52-positions-array" stride="3">
              <param name="X" type="float" />
              <param name="Y" type="float" />
              <param name="Z" type="float" />
            </accessor>
          </technique_common>
        </source>
        <source id="meshId52-normals" name="meshId52-normals">
          <float_array id="meshId52-normals-array" count="42"> 0.96495 -0.0729321 0.252095 0.96495 0.0729321 0.252095 -0.96495 0.0729321 0.252095 -0.96495 -0.0729321 0.252095 -0.96495 0.0729321 -0.252095 -0.96495 -0.0729321 -0.252095 0.96495 0.0729321 -0.252095 0.96495 -0.0729321 -0.252095 0.96495 0.0729321 0.252095 0.96495 -0.0729321 0.252095 0.96495 0.0729321 -0.252095 -0.96495 0.0729321 -0.252095 0.96495 -0.0729321 -0.252095 -0.96495 -0.0729321 -0.252095 </float_array>
          <technique_common>
            <accessor count="14" offset="0" source="#meshId52-normals-array" stride="3">
              <param name="X" type="float" />
              <param name="Y" type="float" />
              <param name="Z" type="float" />
            </accessor>
          </technique_common>
        </source>
        <source id="meshId52-tangents" name="meshId52-tangents">
          <float_array id="meshId52-tangents-array" count="42"> -0.171299 0.552702 0.815584 0.171294 0.552723 -0.815571 -0.105319 0.772238 -0.626543 0.105301 0.772284 0.62649 0.070577 0.997337 0.018384 -0.0705497 0.997337 -0.0184887 -0.0705494 0.997337 0.0184898 0.0705783 0.997337 -0.0183792 -0.0705868 0.997337 -0.0183465 0.0705391 0.997337 0.0185293 -0.251379 -0.0189915 -0.967703 0.251377 -0.0190073 -0.967702 0.251377 -0.0190058 0.967702 -0.251378 -0.0189931 0.967703 </float_array>
          <technique_common>
            <accessor count="14" offset="0" source="#meshId52-tangents-array" stride="3">
              <param name="X" type="float" />
              <param name="Y" type="float" />
              <param name="Z" type="float" />
            </accessor>
          </technique_common>
        </source>
        <source id="meshId52-bitangents" name="meshId52-bitangents">
          <float_array id="meshId52-bitangents-array" count="42"> -0.198816 -0.830182 0.520837 -0.19882 0.830167 0.520858 -0.240372 -0.631133 -0.73749 -0.24038 0.631077 -0.737536 0.252764 -5.24893e-05 -0.967528 0.252772 -5.5464e-05 -0.967526 0.252772 -5.66263e-05 0.967526 0.252764 -5.74272e-05 0.967528 -0.252762 -9.10684e-05 0.967529 -0.252775 -9.73549e-05 0.967525 -0.0753642 0.997156 7.66292e-06 -0.0753682 -0.997156 7.66478e-06 -0.0753678 -0.997156 -6.1281e-06 -0.0753646 0.997156 -6.13742e-06 </float_array>
          <technique_common>
            <accessor count="14" offset="0" source="#meshId52-bitangents-array" stride="3">
              <param name="X" type="float" />
              <param name="Y" type="float" />
              <param name="Z" type="float" />
            </accessor>
          </technique_common>
        </source>
        <source id="meshId52-tex0" name="meshId52-tex0">
          <float_array id="meshId52-tex0-array" count="28"> 0.396703 0.599596 0.427093 0.599593 0.427093 0.60189 0.396703 0.601893 0.427094 0.610682 0.396704 0.610685 0.427094 0.612979 0.396704 0.612982 0.427095 0.621771 0.396705 0.621774 0.435885 0.599592 0.435885 0.601889 0.387911 0.599597 0.387911 0.601894 </float_array>
          <technique_common>
            <accessor count="14" offset="0" source="#meshId52-tex0-array" stride="2">
              <param name="S" type="float" />
              <param name="T" type="float" />
            </accessor>
          </technique_common>
        </source>
        <vertices id="meshId52-vertices">
          <input semantic="POSITION" source="#meshId52-positions" />
        </vertices>
        <polylist count="12" material="defaultMaterial">
          <input offset="0" semantic="VERTEX" source="#meshId52-vertices" />
          <input offset="0" semantic="NORMAL" source="#meshId52-normals" />
          <input offset="0" semantic="TANGENT" source="#meshId52-tangents" />
          <input offset="0" semantic="BINORMAL" source="#meshId52-bitangents" />
          <input offset="0" semantic="TEXCOORD" source="#meshId52-tex0" set="0" />
          <vcount>3 3 3 3 3 3 3 3 3 3 3 3 </vcount>
          <p>3 0 1 1 2 3 5 3 2 2 4 5 7 5 4 4 6 7 9 7 6 6 8 9 2 1 10 10 11 2 13 12 0 0 3 13 </p>
        </polylist>
      </mesh>
    </geometry>
    <geometry id="meshId53" name="meshId53_name" >
      <mesh>
        <source id="meshId53-positions" name="meshId53-positions">
          <float_array id="meshId53-positions-array" count="42"> 0.247194 -0.433978 -0.810067 0.381239 -0.433978 -0.810067 0.381239 -0.425918 -0.810067 0.247194 -0.425918 -0.810067 0.381239 -0.425918 -0.831564 0.247194 -0.425918 -0.831564 0.381239 -0.433978 -0.831564 0.247194 -0.433978 -0.831564 0.381239 -0.433978 -0.810067 0.247194 -0.433978 -0.810067 0.381239 -0.433978 -0.831564 0.381239 -0.425918 -0.831564 0.247194 -0.433978 -0.831564 0.247194 -0.425918 -0.831564 </float_array>
          <technique_common>
            <accessor count="14" offset="0" source="#meshId53-positions-array" stride="3">
              <param name="X" type="float" />
              <param name="Y" type="float" />
              <param name="Z" type="float" />
            </accessor>
          </technique_common>
        </source>
        <source id="meshId53-normals" name="meshId53-normals">
          <float_array id="meshId53-normals-array" count="42"> -0.0562106 -0.934877 0.350492 0.0562106 -0.934877 0.350492 0.0562106 0.934877 0.350492 -0.0562106 0.934877 0.350492 0.0562106 0.934877 -0.350492 -0.0562106 0.934877 -0.350492 0.0562106 -0.934877 -0.350492 -0.0562106 -0.934877 -0.350492 0.0562106 -0.934877 0.350492 -0.0562106 -0.934877 0.350492 0.0562106 -0.934877 -0.350492 0.0562106 0.934877 -0.350492 -0.0562106 -0.934877 -0.350492 -0.0562106 0.934877 -0.350492 </float_array>
          <technique_common>
            <accessor count="14" offset="0" source="#meshId53-normals-array" stride="3">
              <param name="X" type="float" />
              <param name="Y" type="float" />
              <param name="Z" type="float" />
            </accessor>
          </technique_common>
        </source>
        <source id="meshId53-tangents" name="meshId53-tangents">
          <float_array id="meshId53-tangents-array" count="42"> 0.513622 0.273957 0.813105 0.513577 -0.273968 -0.81313 0.749372 0.192469 -0.63356 0.749278 -0.192511 0.633658 0.998419 -0.0525918 0.0198431 0.998419 0.0526744 -0.0196227 0.998419 0.0526738 0.0196245 0.998419 -0.0525921 -0.0198423 0.998419 0.0525736 -0.0198918 0.998419 -0.0526938 0.0195711 -0.0210474 0.34986 -0.936566 -0.0210241 -0.349861 -0.936566 -0.0210241 -0.349861 0.936566 -0.0210474 0.34986 0.936566 </float_array>
          <technique_common>
            <accessor count="14" offset="0" source="#meshId53-tangents-array" stride="3">
              <param name="X" type="float" />
              <param name="Y" type="float" />
              <param name="Z" type="float" />
            </accessor>
          </technique_common>
        </source>
        <source id="meshId53-bitangents" name="meshId53-bitangents">
          <float_array id="meshId53-bitangents-array" count="42"> -0.856173 0.225726 0.464774 0.8562 0.225711 0.464732 -0.65976 0.298262 -0.689752 0.659866 0.298234 -0.689662 0.000117803 -0.351053 -0.936355 0.000117129 -0.351041 -0.93636 0.000115288 -0.351041 0.93636 0.000117002 -0.351053 0.936355 0.000169724 0.351056 0.936354 0.0001722 0.351038 0.936361 0.998197 0.0600219 -1.09412e-05 -0.998197 0.0600137 -1.09412e-05 -0.998197 0.0600137 1.09412e-05 0.998197 0.0600219 1.09524e-05 </float_array>
          <technique_common>
            <accessor count="14" offset="0" source="#meshId53-bitangents-array" stride="3">
              <param name="X" type="float" />
              <param name="Y" type="float" />
              <param name="Z" type="float" />
            </accessor>
          </technique_common>
        </source>
        <source id="meshId53-tex0" name="meshId53-tex0">
          <float_array id="meshId53-tex0-array" count="28"> 0.183373 0.751748 0.203761 0.751752 0.203761 0.752978 0.183373 0.752974 0.20376 0.756247 0.183372 0.756244 0.20376 0.757473 0.183372 0.75747 0.203759 0.760743 0.183371 0.760739 0.207031 0.751752 0.207031 0.752978 0.180103 0.751747 0.180103 0.752973 </float_array>
          <technique_common>
            <accessor count="14" offset="0" source="#meshId53-tex0-array" stride="2">
              <param name="S" type="float" />
              <param name="T" type="float" />
            </accessor>
          </technique_common>
        </source>
        <vertices id="meshId53-vertices">
          <input semantic="POSITION" source="#meshId53-positions" />
        </vertices>
        <polylist count="12" material="defaultMaterial">
          <input offset="0" semantic="VERTEX" source="#meshId53-vertices" />
          <input offset="0" semantic="NORMAL" source="#meshId53-normals" />
          <input offset="0" semantic="TANGENT" source="#meshId53-tangents" />
          <input offset="0" semantic="BINORMAL" source="#meshId53-bitangents" />
          <input offset="0" semantic="TEXCOORD" source="#meshId53-tex0" set="0" />
          <vcount>3 3 3 3 3 3 3 3 3 3 3 3 </vcount>
          <p>3 0 1 1 2 3 5 3 2 2 4 5 7 5 4 4 6 7 9 7 6 6 8 9 2 1 10 10 11 2 13 12 0 0 3 13 </p>
        </polylist>
      </mesh>
    </geometry>
    <geometry id="meshId54" name="meshId54_name" >
      <mesh>
        <source id="meshId54-positions" name="meshId54-positions">
          <float_array id="meshId54-positions-array" count="42"> 0.256604 -0.53325 -0.805391 0.256604 -0.426615 -0.805391 0.248544 -0.426615 -0.805391 0.248544 -0.53325 -0.805391 0.248544 -0.426615 -0.836241 0.248544 -0.53325 -0.836241 0.256604 -0.426615 -0.836241 0.256604 -0.53325 -0.836241 0.256604 -0.426615 -0.805391 0.256604 -0.53325 -0.805391 0.256604 -0.426615 -0.836241 0.248544 -0.426615 -0.836241 0.256604 -0.53325 -0.836241 0.248544 -0.53325 -0.836241 </float_array>
          <technique_common>
            <accessor count="14" offset="0" source="#meshId54-positions-array" stride="3">
              <param name="X" type="float" />
              <param name="Y" type="float" />
              <param name="Z" type="float" />
            </accessor>
          </technique_common>
        </source>
        <source id="meshId54-normals" name="meshId54-normals">
          <float_array id="meshId54-normals-array" count="42"> 0.96495 -0.0729324 0.252096 0.96495 0.0729324 0.252096 -0.96495 0.0729324 0.252096 -0.96495 -0.0729324 0.252096 -0.96495 0.0729324 -0.252096 -0.96495 -0.0729324 -0.252096 0.96495 0.0729324 -0.252096 0.96495 -0.0729324 -0.252096 0.96495 0.0729324 0.252096 0.96495 -0.0729324 0.252096 0.96495 0.0729324 -0.252096 -0.96495 0.0729324 -0.252096 0.96495 -0.0729324 -0.252096 -0.96495 -0.0729324 -0.252096 </float_array>
          <technique_common>
            <accessor count="14" offset="0" source="#meshId54-normals-array" stride="3">
              <param name="X" type="float" />
              <param name="Y" type="float" />
              <param name="Z" type="float" />
            </accessor>
          </technique_common>
        </source>
        <source id="meshId54-tangents" name="meshId54-tangents">
          <float_array id="meshId54-tangents-array" count="42"> -0.1713 0.552703 0.815583 0.171295 0.552723 -0.815571 -0.105319 0.772239 -0.626542 0.105303 0.772282 0.626492 0.070577 0.997337 0.0183857 -0.0705507 0.997337 -0.0184861 -0.0705509 0.997337 0.0184855 0.0705773 0.997337 -0.0183845 -0.0705857 0.997337 -0.0183522 0.070542 0.997337 0.0185195 -0.25138 -0.0189938 -0.967702 0.251379 -0.0190054 -0.967702 0.251379 -0.0190076 0.967702 -0.25138 -0.0189918 0.967702 </float_array>
          <technique_common>
            <accessor count="14" offset="0" source="#meshId54-tangents-array" stride="3">
              <param name="X" type="float" />
              <param name="Y" type="float" />
              <param name="Z" type="float" />
            </accessor>
          </technique_common>
        </source>
        <source id="meshId54-bitangents" name="meshId54-bitangents">
          <float_array id="meshId54-bitangents-array" count="42"> -0.198817 -0.830181 0.520837 -0.198821 0.830168 0.520857 -0.240374 -0.631133 -0.73749 -0.240381 0.63108 -0.737533 0.252766 -5.0908e-05 -0.967527 0.252773 -5.25527e-05 -0.967525 0.252773 -5.19566e-05 0.967525 0.252766 -5.21541e-05 0.967528 -0.252764 -8.54172e-05 0.967528 -0.252776 -8.69837e-05 0.967525 -0.0753652 0.997156 5.63823e-06 -0.0753681 -0.997156 5.62146e-06 -0.0753686 -0.997156 -7.66292e-06 -0.0753646 0.997156 -7.65547e-06 </float_array>
          <technique_common>
            <accessor count="14" offset="0" source="#meshId54-bitangents-array" stride="3">
              <param name="X" type="float" />
              <param name="Y" type="float" />
              <param name="Z" type="float" />
            </accessor>
          </technique_common>
        </source>
        <source id="meshId54-tex0" name="meshId54-tex0">
          <float_array id="meshId54-tex0-array" count="28"> 0.396703 0.577133 0.427093 0.577131 0.427093 0.579427 0.396703 0.57943 0.427094 0.58822 0.396704 0.588222 0.427094 0.590516 0.396704 0.590519 0.427095 0.599309 0.396705 0.599311 0.435885 0.57713 0.435885 0.579427 0.387911 0.577134 0.387911 0.579431 </float_array>
          <technique_common>
            <accessor count="14" offset="0" source="#meshId54-tex0-array" stride="2">
              <param name="S" type="float" />
              <param name="T" type="float" />
            </accessor>
          </technique_common>
        </source>
        <vertices id="meshId54-vertices">
          <input semantic="POSITION" source="#meshId54-positions" />
        </vertices>
        <polylist count="12" material="defaultMaterial">
          <input offset="0" semantic="VERTEX" source="#meshId54-vertices" />
          <input offset="0" semantic="NORMAL" source="#meshId54-normals" />
          <input offset="0" semantic="TANGENT" source="#meshId54-tangents" />
          <input offset="0" semantic="BINORMAL" source="#meshId54-bitangents" />
          <input offset="0" semantic="TEXCOORD" source="#meshId54-tex0" set="0" />
          <vcount>3 3 3 3 3 3 3 3 3 3 3 3 </vcount>
          <p>3 0 1 1 2 3 5 3 2 2 4 5 7 5 4 4 6 7 9 7 6 6 8 9 2 1 10 10 11 2 13 12 0 0 3 13 </p>
        </polylist>
      </mesh>
    </geometry>
    <geometry id="meshId55" name="meshId55_name" >
      <mesh>
        <source id="meshId55-positions" name="meshId55-positions">
          <float_array id="meshId55-positions-array" count="108"> -0.963559 -0.558306 0.796109 -0.963601 -0.532976 0.795284 -0.962364 -0.534675 -1 -0.962365 -0.557438 -1 0.962365 -0.534681 -1 0.963601 -0.532983 0.795284 0.963538 -0.558313 0.796095 0.962365 -0.557445 -1 -0.962365 -0.557438 -1 -0.962364 -0.534675 -1 0.962365 -0.534681 -1 0.962365 -0.557445 -1 -0.963559 -0.558306 0.796109 0.963538 -0.558313 0.796095 0.963601 -0.532983 0.795284 -0.963601 -0.532976 0.795284 0.947437 -0.557425 -0.985063 0.94859 -0.558776 0.781164 0.94859 -0.6462 0.781164 0.947437 -0.644849 -0.985063 0.94859 -0.558776 0.781164 -0.948611 -0.558776 0.781179 -0.948611 -0.6462 0.781179 0.94859 -0.6462 0.781164 -0.948611 -0.558776 0.781179 -0.947437 -0.557425 -0.985063 -0.947437 -0.644849 -0.985063 -0.948611 -0.6462 0.781179 -0.947437 -0.557425 -0.985063 0.947437 -0.557425 -0.985063 0.947437 -0.644849 -0.985063 -0.947437 -0.644849 -0.985063 0.962365 -0.534681 -1 -0.962364 -0.534675 -1 -0.963601 -0.532976 0.795284 0.963601 -0.532983 0.795284 </float_array>
          <technique_common>
            <accessor count="36" offset="0" source="#meshId55-positions-array" stride="3">
              <param name="X" type="float" />
              <param name="Y" type="float" />
              <param name="Z" type="float" />
            </accessor>
          </technique_common>
        </source>
        <source id="meshId55-normals" name="meshId55-normals">
          <float_array id="meshId55-normals-array" count="108"> -0.606174 -0.37153 0.70322 -0.0127345 0.999832 0.0131467 -0.0124853 0.999829 -0.0136182 -0.642128 -0.408631 -0.648608 0.012492 0.999829 -0.0136183 0.0127366 0.999833 0.0131395 0.606058 -0.371616 0.703275 0.642009 -0.408881 -0.648569 -0.642128 -0.408631 -0.648608 -0.0124853 0.999829 -0.0136182 0.012492 0.999829 -0.0136183 0.642009 -0.408881 -0.648569 -0.606174 -0.37153 0.70322 0.606058 -0.371616 0.703275 0.0127366 0.999833 0.0131395 -0.0127345 0.999832 0.0131467 0.641595 -0.342442 -0.686359 0.639493 -0.341176 0.688947 0.681438 0 0.731876 0.681794 0 -0.731544 0.639493 -0.341176 0.688947 -0.639536 -0.341162 0.688914 -0.681439 0 0.731875 0.681438 0 0.731876 -0.639536 -0.341162 0.688914 -0.641638 -0.342421 -0.68633 -0.681794 0 -0.731545 -0.681439 0 0.731875 -0.641638 -0.342421 -0.68633 0.641595 -0.342442 -0.686359 0.681794 0 -0.731544 -0.681794 0 -0.731545 0.012492 0.999829 -0.0136183 -0.0124853 0.999829 -0.0136182 -0.0127345 0.999832 0.0131467 0.0127366 0.999833 0.0131395 </float_array>
          <technique_common>
            <accessor count="36" offset="0" source="#meshId55-normals-array" stride="3">
              <param name="X" type="float" />
              <param name="Y" type="float" />
              <param name="Z" type="float" />
            </accessor>
          </technique_common>
        </source>
        <source id="meshId55-tangents" name="meshId55-tangents">
          <float_array id="meshId55-tangents-array" count="108"> 0.569011 -0.820347 0.0570744 -0.624242 -0.0182281 0.781018 -0.693943 -0.0184732 -0.719793 0.557281 -0.82982 -0.0289172 0.689772 -0.0184859 -0.723791 0.59393 -0.0181421 0.804312 -0.569376 -0.820076 0.0573344 -0.557499 -0.829678 -0.0288005 -0.0309747 -0.831566 0.554561 -0.679532 -0.0184801 -0.733413 0.669391 -0.0184858 -0.74268 0.0306171 -0.831578 0.554564 -0.0499018 -0.864675 -0.499847 0.0498814 -0.864658 -0.499878 0.267351 -0.016069 0.963465 -0.270958 -0.0161091 0.962456 -0.678344 -0.671012 -0.299319 -0.67037 -0.686168 0.28245 -0.000132299 -1 0.000123181 0.000141521 -1 0.000131897 0.32122 -0.695591 -0.642628 -0.321161 -0.695621 -0.642625 -9.64846e-05 -1 -8.98356e-05 -0.000106236 -1 9.89149e-05 0.670408 -0.686067 0.282604 0.678277 -0.671093 -0.299291 -0.000212938 -1 0.000198457 0.000217126 -1 0.000202164 -0.336591 -0.678345 0.653111 0.33669 -0.678271 0.653138 -8.62509e-05 -1 -8.03853e-05 -8.3816e-05 -1 7.81158e-05 0.999922 -0.0124915 0.000117323 0.999922 0.0124834 -0.000222784 0.999919 0.0127341 0.000114837 0.999919 -0.0127348 -0.000220026 </float_array>
          <technique_common>
            <accessor count="36" offset="0" source="#meshId55-tangents-array" stride="3">
              <param name="X" type="float" />
              <param name="Y" type="float" />
              <param name="Z" type="float" />
            </accessor>
          </technique_common>
        </source>
        <source id="meshId55-bitangents" name="meshId55-bitangents">
          <float_array id="meshId55-bitangents-array" count="108"> 0.555679 0.434736 0.708678 0.781127 0.00173916 0.62437 -0.719922 0.000463461 0.694055 -0.526412 -0.380026 0.760573 -0.723919 -0.000351922 -0.689885 0.804416 -0.0024403 -0.594062 0.555432 -0.435176 -0.708602 -0.526327 0.380066 -0.760611 -0.765971 0.37619 0.521314 -0.73354 9.71453e-05 0.679646 -0.742805 0.000161593 -0.669508 -0.766086 -0.375892 -0.521361 0.793765 -0.338086 0.505604 0.793855 0.338035 -0.505496 0.963515 -0.00875844 -0.267511 0.962507 0.00869419 0.271118 -0.358056 0.65763 -0.662812 0.376368 -0.642474 -0.667513 0.731876 -0.000180766 -0.681438 -0.731544 -0.000193455 -0.681794 0.698475 0.632259 -0.335233 0.698462 -0.632234 0.335306 0.731875 -0.000131832 0.681439 0.731876 -0.000145156 -0.681438 0.376228 0.642588 0.667482 -0.358107 -0.657558 0.662855 -0.731545 0.00029108 0.681794 0.731875 0.000296671 0.681439 -0.689207 0.650074 0.319997 -0.689199 -0.65014 -0.319879 -0.731544 0.000117903 -0.681794 -0.731545 0.000114574 0.681794 -5.28102e-05 -0.0136187 -0.999907 -5.27439e-05 -0.01362 -0.999907 -5.2593e-05 0.0131471 -0.999914 -5.266e-05 0.0131412 -0.999914 </float_array>
          <technique_common>
            <accessor count="36" offset="0" source="#meshId55-bitangents-array" stride="3">
              <param name="X" type="float" />
              <param name="Y" type="float" />
              <param name="Z" type="float" />
            </accessor>
          </technique_common>
        </source>
        <source id="meshId55-tex0" name="meshId55-tex0">
          <float_array id="meshId55-tex0-array" count="72"> 0.939 0.931001 0.935356 0.930885 0.935418 0.672673 0.938692 0.672671 0.958086 0.931965 0.957985 0.673754 0.961628 0.67364 0.96136 0.931967 0.896126 0.932238 0.892851 0.932238 0.892806 0.655407 0.89608 0.655407 0.918483 0.654924 0.918432 0.932096 0.914787 0.932104 0.914838 0.654917 0.963511 0.929822 0.963776 0.675791 0.97635 0.675794 0.976085 0.929826 0.920581 0.929946 0.920631 0.657075 0.933206 0.657077 0.933155 0.929948 0.941147 0.92885 0.940844 0.674816 0.953417 0.67481 0.953721 0.928844 0.898274 0.93009 0.898229 0.657553 0.910803 0.657551 0.910848 0.930088 0.889122 0.928189 0.612291 0.928204 0.6121 0.66999 0.889287 0.669976 </float_array>
          <technique_common>
            <accessor count="36" offset="0" source="#meshId55-tex0-array" stride="2">
              <param name="S" type="float" />
              <param name="T" type="float" />
            </accessor>
          </technique_common>
        </source>
        <vertices id="meshId55-vertices">
          <input semantic="POSITION" source="#meshId55-positions" />
        </vertices>
        <polylist count="26" material="defaultMaterial">
          <input offset="0" semantic="VERTEX" source="#meshId55-vertices" />
          <input offset="0" semantic="NORMAL" source="#meshId55-normals" />
          <input offset="0" semantic="TANGENT" source="#meshId55-tangents" />
          <input offset="0" semantic="BINORMAL" source="#meshId55-bitangents" />
          <input offset="0" semantic="TEXCOORD" source="#meshId55-tex0" set="0" />
          <vcount>3 3 3 3 3 3 3 3 3 3 3 3 3 3 3 3 3 3 3 3 3 3 3 3 3 3 </vcount>
          <p>3 0 1 1 2 3 7 4 5 5 6 7 11 8 9 9 10 11 15 12 13 13 14 15 19 16 17 17 18 19 23 20 21 21 22 23 27 24 25 25 26 27 31 28 29 29 30 31 3 25 24 24 0 3 6 17 16 16 7 6 35 32 33 33 34 35 11 29 28 28 8 11 12 21 20 20 13 12 </p>
        </polylist>
      </mesh>
    </geometry>
    <geometry id="meshId56" name="meshId56_name" >
      <mesh>
        <source id="meshId56-positions" name="meshId56-positions">
          <float_array id="meshId56-positions-array" count="54"> 0.693703 -0.0656869 -0.84271 0.173057 0.0143678 -0.84271 0.173057 0.0370677 -0.84271 0.693703 -0.042987 -0.84271 0.173057 0.0143678 0.199851 0.693703 -0.0656869 0.199851 0.693703 -0.042987 0.199851 0.173057 0.0370677 0.199851 0.693703 -0.0656869 -0.84271 0.693703 -0.0656869 0.199851 0.173057 0.0143678 0.199851 0.173057 0.0143678 -0.84271 0.173057 0.0370677 -0.84271 0.173057 0.0370677 0.199851 0.693703 -0.042987 0.199851 0.693703 -0.042987 -0.84271 0.173057 0.0370677 0.199851 0.173057 0.0143678 0.199851 </float_array>
          <technique_common>
            <accessor count="18" offset="0" source="#meshId56-positions-array" stride="3">
              <param name="X" type="float" />
              <param name="Y" type="float" />
              <param name="Z" type="float" />
            </accessor>
          </technique_common>
        </source>
        <source id="meshId56-normals" name="meshId56-normals">
          <float_array id="meshId56-normals-array" count="54"> -0.109478 -0.993797 -0.0195365 -0.193572 -0.980806 -0.0234294 0.109478 0.993797 -0.0195365 0.193572 0.980806 -0.0234294 -0.193572 -0.980806 0.0234294 -0.109478 -0.993797 0.0195365 0.193572 0.980806 0.0234294 0.109478 0.993797 0.0195365 -0.109478 -0.993797 -0.0195365 -0.109478 -0.993797 0.0195365 -0.193572 -0.980806 0.0234294 -0.193572 -0.980806 -0.0234294 0.109478 0.993797 -0.0195365 0.109478 0.993797 0.0195365 0.193572 0.980806 0.0234294 0.193572 0.980806 -0.0234294 0.109478 0.993797 0.0195365 -0.193572 -0.980806 0.0234294 </float_array>
          <technique_common>
            <accessor count="18" offset="0" source="#meshId56-normals-array" stride="3">
              <param name="X" type="float" />
              <param name="Y" type="float" />
              <param name="Z" type="float" />
            </accessor>
          </technique_common>
        </source>
        <source id="meshId56-tangents" name="meshId56-tangents">
          <float_array id="meshId56-tangents-array" count="54"> -0.096797 0.0302203 -0.994845 -0.858286 0.157726 0.488332 -0.096797 0.0302203 0.994845 -0.858286 0.157726 -0.488332 0.98108 -0.193602 0.000991153 0.0968794 -0.0302293 -0.994837 0.858288 -0.157726 -0.488328 0.993985 -0.109515 0.000837431 0.00203255 0.0194308 -0.999809 -0.00224638 -0.0194072 -0.999809 -0.0046425 -0.0229651 -0.999726 0.00443102 0.0230069 -0.999725 -0.00217164 -0.0194155 -0.999809 0.00210679 0.0194226 -0.999809 0.00450451 0.0229924 -0.999726 -0.00456853 -0.0229797 -0.999725 -0.00213922 -0.019419 0.999809 0.00453652 0.022986 0.999726 </float_array>
          <technique_common>
            <accessor count="18" offset="0" source="#meshId56-tangents-array" stride="3">
              <param name="X" type="float" />
              <param name="Y" type="float" />
              <param name="Z" type="float" />
            </accessor>
          </technique_common>
        </source>
        <source id="meshId56-bitangents" name="meshId56-bitangents">
          <float_array id="meshId56-bitangents-array" count="54"> 0.989265 -0.107022 -0.099505 -0.475263 0.114636 -0.872344 0.989265 -0.107022 0.099505 -0.475263 0.114636 0.872344 0.00356385 0.023178 0.999725 0.989257 -0.10702 0.0995879 -0.47526 0.114636 -0.872346 0.00297177 0.0193273 -0.999809 0.993987 -0.109496 -0.000107292 0.993987 -0.109501 -0.000107786 0.981075 -0.193627 -0.000107998 0.981076 -0.193622 -0.000107504 -0.993987 0.109499 3.26133e-05 -0.993987 0.109498 3.26131e-05 -0.981076 0.193624 3.26149e-05 -0.981075 0.193626 3.26149e-05 0.993987 -0.109498 2.32831e-10 -0.981076 0.193625 0 </float_array>
          <technique_common>
            <accessor count="18" offset="0" source="#meshId56-bitangents-array" stride="3">
              <param name="X" type="float" />
              <param name="Y" type="float" />
              <param name="Z" type="float" />
            </accessor>
          </technique_common>
        </source>
        <source id="meshId56-tex0" name="meshId56-tex0">
          <float_array id="meshId56-tex0-array" count="36"> 0.451555 0.948177 0.601723 0.948177 0.601723 0.954707 0.451555 0.954707 0.00228772 0.948177 0.151656 0.948177 0.151656 0.954707 0.00228772 0.954707 0.234891 0.128042 0.00122924 0.128017 0.00124193 0.00995681 0.234903 0.00998207 0.235479 0.249304 0.00181762 0.249312 0.00181378 0.131252 0.235475 0.131244 0.901622 0.954707 0.901622 0.948177 </float_array>
          <technique_common>
            <accessor count="18" offset="0" source="#meshId56-tex0-array" stride="2">
              <param name="S" type="float" />
              <param name="T" type="float" />
            </accessor>
          </technique_common>
        </source>
        <vertices id="meshId56-vertices">
          <input semantic="POSITION" source="#meshId56-positions" />
        </vertices>
        <polylist count="12" material="defaultMaterial">
          <input offset="0" semantic="VERTEX" source="#meshId56-vertices" />
          <input offset="0" semantic="NORMAL" source="#meshId56-normals" />
          <input offset="0" semantic="TANGENT" source="#meshId56-tangents" />
          <input offset="0" semantic="BINORMAL" source="#meshId56-bitangents" />
          <input offset="0" semantic="TEXCOORD" source="#meshId56-tex0" set="0" />
          <vcount>3 3 3 3 3 3 3 3 3 3 3 3 </vcount>
          <p>3 0 1 1 2 3 7 4 5 5 6 7 11 8 9 9 10 11 15 12 13 13 14 15 17 16 2 2 1 17 0 3 6 6 5 0 </p>
        </polylist>
      </mesh>
    </geometry>
    <geometry id="meshId57" name="meshId57_name" >
      <mesh>
        <source id="meshId57-positions" name="meshId57-positions">
          <float_array id="meshId57-positions-array" count="108"> 0.160973 -0.0129182 -0.853573 0.160973 -0.0129182 0.210715 0.163413 0.0423726 0.210715 0.163414 0.0423726 -0.853573 0.171837 -0.0129182 0.199851 0.692483 -0.0929729 0.199851 0.703346 -0.0929729 0.210715 0.160973 -0.0129182 0.210715 0.694923 -0.0376822 0.199851 0.174277 0.0423726 0.199851 0.163413 0.0423726 0.210715 0.705787 -0.0376822 0.210715 0.174277 0.0423726 -0.84271 0.694923 -0.0376822 -0.84271 0.705787 -0.0376822 -0.853573 0.163414 0.0423726 -0.853573 0.692483 -0.0929729 -0.84271 0.171837 -0.0129182 -0.842709 0.160973 -0.0129182 -0.853573 0.703346 -0.0929729 -0.853573 0.694923 -0.0376822 0.199851 0.692483 -0.0929729 0.199851 0.171837 -0.0129182 0.199851 0.174277 0.0423726 0.199851 0.703346 -0.0929729 -0.853573 0.160973 -0.0129182 -0.853573 0.163414 0.0423726 -0.853573 0.705787 -0.0376822 -0.853573 0.171837 -0.0129182 -0.842709 0.174277 0.0423726 -0.84271 0.703346 -0.0929729 0.210715 0.705787 -0.0376822 0.210715 0.692483 -0.0929729 -0.84271 0.694923 -0.0376822 -0.84271 0.174277 0.0423726 -0.84271 0.171837 -0.0129182 -0.842709 </float_array>
          <technique_common>
            <accessor count="36" offset="0" source="#meshId57-positions-array" stride="3">
              <param name="X" type="float" />
              <param name="Y" type="float" />
              <param name="Z" type="float" />
            </accessor>
          </technique_common>
        </source>
        <source id="meshId57-normals" name="meshId57-normals">
          <float_array id="meshId57-normals-array" count="108"> -0.875536 -0.0893605 -0.474818 -0.875535 -0.0893603 0.474819 -0.887196 0.170825 0.428604 -0.887196 0.170824 -0.428605 0.801891 -0.403166 -0.440941 -0.855918 -0.337485 -0.391802 0.887197 -0.170824 0.428604 -0.875535 -0.0893603 0.474819 -0.80189 0.403166 -0.440942 0.855919 0.337481 -0.391803 -0.887196 0.170825 0.428604 0.875534 0.0893637 0.47482 0.855919 0.337482 0.391802 -0.80189 0.403165 0.440943 0.875535 0.0893645 -0.474818 -0.887196 0.170824 -0.428605 -0.855917 -0.337485 0.391803 0.80189 -0.403165 0.440942 -0.875536 -0.0893605 -0.474818 0.887196 -0.170823 -0.428606 -0.80189 0.403166 -0.440942 -0.855918 -0.337485 -0.391802 0.801891 -0.403166 -0.440941 0.855919 0.337481 -0.391803 0.887196 -0.170823 -0.428606 -0.875536 -0.0893605 -0.474818 -0.887196 0.170824 -0.428605 0.875535 0.0893645 -0.474818 0.80189 -0.403165 0.440942 0.855919 0.337482 0.391802 0.887197 -0.170824 0.428604 0.875534 0.0893637 0.47482 -0.855917 -0.337485 0.391803 -0.80189 0.403165 0.440943 0.855919 0.337482 0.391802 0.80189 -0.403165 0.440942 </float_array>
          <technique_common>
            <accessor count="36" offset="0" source="#meshId57-normals-array" stride="3">
              <param name="X" type="float" />
              <param name="Y" type="float" />
              <param name="Z" type="float" />
            </accessor>
          </technique_common>
        </source>
        <source id="meshId57-tangents" name="meshId57-tangents">
          <float_array id="meshId57-tangents-array" count="108"> -0.472364 -0.0482113 0.880084 0.482352 -0.218272 0.848348 0.429868 -0.0314401 0.902344 -0.420875 0.081037 0.903492 -0.36873 0.246758 -0.896186 0.383425 0.0941987 -0.918756 0.390577 -0.216466 -0.894758 -0.482309 0.103538 -0.869861 0.595375 0.477439 -0.646205 0.516028 -0.606414 0.60496 0.443136 0.0567567 0.894656 0.466623 -0.411282 -0.783014 0.515973 -0.607597 -0.603819 0.595579 0.480684 0.643606 0.467768 -0.402818 0.786722 0.44149 0.0444091 -0.896167 -0.384928 -0.0901322 -0.918535 0.370238 -0.243929 -0.896338 0.482206 -0.100111 -0.870319 -0.389264 0.221592 -0.894075 -0.504376 -0.0611765 0.861314 -0.464791 0.169982 0.868951 -0.504375 -0.0611765 -0.861315 -0.464791 0.169984 -0.86895 -0.42987 0.0314425 -0.902343 -0.46452 0.425982 0.776377 -0.437882 -0.0189873 0.898832 -0.482352 0.218274 -0.848347 0.393954 -0.198068 -0.897535 0.364492 0.143716 -0.920049 0.429868 -0.0314414 -0.902344 0.482354 -0.218273 -0.848346 0.464792 -0.169981 0.86895 0.504376 0.061176 0.861314 0.507721 -0.692183 -0.512935 0.583437 0.369371 -0.723302 </float_array>
          <technique_common>
            <accessor count="36" offset="0" source="#meshId57-tangents-array" stride="3">
              <param name="X" type="float" />
              <param name="Y" type="float" />
              <param name="Z" type="float" />
            </accessor>
          </technique_common>
        </source>
        <source id="meshId57-bitangents" name="meshId57-bitangents">
          <float_array id="meshId57-bitangents-array" count="108"> -0.101536 0.994832 7.45058e-09 0.0278311 0.971788 0.234208 0.167619 0.9848 -0.0455388 0.189071 0.981963 0 0.470117 0.881231 0.0492137 0.346973 -0.936606 0.0487736 0.245624 0.961229 -0.125328 0.028569 -0.990603 -0.133751 -0.0500046 -0.780711 -0.622889 -0.0334327 -0.719978 -0.693191 0.128504 0.983665 -0.126053 0.125312 0.907117 -0.401791 0.0342796 0.71898 -0.694185 0.0475255 0.778717 -0.625572 -0.12096 -0.910907 -0.394483 -0.134053 -0.9843 -0.114817 0.345306 -0.937006 -0.0527618 0.468931 0.882018 -0.0463369 0.0302377 -0.990955 0.130741 0.247704 0.960061 0.1301 0.320277 0.91308 0.252404 -0.226658 0.925857 -0.30235 0.320277 0.91308 -0.252403 -0.226654 0.925858 0.30235 0.167617 0.9848 -0.0455359 0.132886 0.900308 -0.414472 0.145404 0.985118 0.0916464 0.0278285 0.971787 0.234212 0.449192 0.893435 -7.45058e-08 -0.366809 0.930296 6.70552e-08 0.167618 0.9848 0.0455368 0.027829 0.971787 -0.234211 -0.226659 0.925856 0.30235 0.320277 0.91308 -0.252403 0.0980925 0.637957 -0.763799 0.128739 0.837271 0.531416 </float_array>
          <technique_common>
            <accessor count="36" offset="0" source="#meshId57-bitangents-array" stride="3">
              <param name="X" type="float" />
              <param name="Y" type="float" />
              <param name="Z" type="float" />
            </accessor>
          </technique_common>
        </source>
        <source id="meshId57-tex0" name="meshId57-tex0">
          <float_array id="meshId57-tex0-array" count="72"> 0.0012555 0.981307 0.296853 0.981307 0.296853 0.996679 0.0012555 0.996679 0.296462 0.312117 0.29645 0.384453 0.294947 0.385942 0.294959 0.310627 0.621886 0.104765 0.54955 0.104772 0.548061 0.10327 0.623375 0.103261 0.549566 0.247938 0.621903 0.247931 0.623392 0.249433 0.548078 0.249441 0.439616 0.384473 0.439628 0.312137 0.44113 0.310648 0.44112 0.385962 0.436502 0.975704 0.436502 0.960332 0.581946 0.960332 0.581946 0.975704 0.743927 0.981307 0.895399 0.981307 0.895399 0.996679 0.743927 0.996679 0.871508 0.960332 0.871508 0.975704 0.448329 0.981307 0.448329 0.996679 0.146939 0.960332 0.146939 0.975704 0.00149364 0.975704 0.00149364 0.960332 </float_array>
          <technique_common>
            <accessor count="36" offset="0" source="#meshId57-tex0-array" stride="2">
              <param name="S" type="float" />
              <param name="T" type="float" />
            </accessor>
          </technique_common>
        </source>
        <vertices id="meshId57-vertices">
          <input semantic="POSITION" source="#meshId57-positions" />
        </vertices>
        <polylist count="32" material="defaultMaterial">
          <input offset="0" semantic="VERTEX" source="#meshId57-vertices" />
          <input offset="0" semantic="NORMAL" source="#meshId57-normals" />
          <input offset="0" semantic="TANGENT" source="#meshId57-tangents" />
          <input offset="0" semantic="BINORMAL" source="#meshId57-bitangents" />
          <input offset="0" semantic="TEXCOORD" source="#meshId57-tex0" set="0" />
          <vcount>3 3 3 3 3 3 3 3 3 3 3 3 3 3 3 3 3 3 3 3 3 3 3 3 3 3 3 3 3 3 3 3 </vcount>
          <p>3 0 1 1 2 3 7 4 5 5 6 7 11 8 9 9 10 11 15 12 13 13 14 15 19 16 17 17 18 19 6 5 16 16 19 6 14 13 8 8 11 14 18 17 4 4 7 18 10 9 12 12 15 10 23 20 21 21 22 23 27 24 25 25 26 27 23 22 28 28 29 23 1 30 31 31 2 1 35 32 33 33 34 35 30 24 27 27 31 30 32 21 20 20 33 32 </p>
        </polylist>
      </mesh>
    </geometry>
    <geometry id="meshId58" name="meshId58_name" >
      <mesh>
        <source id="meshId58-positions" name="meshId58-positions">
          <float_array id="meshId58-positions-array" count="42"> 0.686682 -0.0800442 -0.845467 0.687096 -0.0664971 -0.84631 0.699262 -0.0664934 -0.840278 0.698848 -0.0800405 -0.839435 0.16667 0.0147074 0.203331 0.178836 0.014711 0.209363 0.699262 -0.0664934 -0.840278 0.166256 0.00116031 0.204174 0.178422 0.00116399 0.210206 0.178836 0.014711 0.209363 0.698848 -0.0800405 -0.839435 0.178422 0.00116399 0.210206 0.699262 -0.0664934 -0.840278 0.178836 0.014711 0.209363 </float_array>
          <technique_common>
            <accessor count="14" offset="0" source="#meshId58-positions-array" stride="3">
              <param name="X" type="float" />
              <param name="Y" type="float" />
              <param name="Z" type="float" />
            </accessor>
          </technique_common>
        </source>
        <source id="meshId58-normals" name="meshId58-normals">
          <float_array id="meshId58-normals-array" count="42"> -0.65142 -0.706148 -0.2775 -0.60833 0.704632 -0.365279 0.658665 0.705019 0.262884 0.615577 -0.705762 0.350664 -0.615577 0.705762 -0.350663 0.651419 0.706149 0.2775 0.658665 0.705019 0.262884 -0.658666 -0.705019 -0.262884 0.60833 -0.704632 0.365279 0.651419 0.706149 0.2775 0.615577 -0.705762 0.350664 0.60833 -0.704632 0.365279 0.658665 0.705019 0.262884 0.651419 0.706149 0.2775 </float_array>
          <technique_common>
            <accessor count="14" offset="0" source="#meshId58-normals-array" stride="3">
              <param name="X" type="float" />
              <param name="Y" type="float" />
              <param name="Z" type="float" />
            </accessor>
          </technique_common>
        </source>
        <source id="meshId58-tangents" name="meshId58-tangents">
          <float_array id="meshId58-tangents-array" count="42"> -0.610116 0.704955 -0.36166 0.653264 0.705903 0.273766 -0.615533 0.705809 -0.350645 0.658624 0.705066 0.262861 0.656863 0.705341 0.266505 0.615665 -0.705722 0.35059 0.608423 -0.704593 0.365197 -0.613717 0.705515 -0.354402 0.651379 0.706196 0.277473 -0.608286 0.70468 -0.365259 -0.655014 -0.705615 -0.270303 -0.654997 -0.705619 -0.270334 0.615587 -0.705818 0.350534 0.608339 -0.704688 0.365156 </float_array>
          <technique_common>
            <accessor count="14" offset="0" source="#meshId58-tangents-array" stride="3">
              <param name="X" type="float" />
              <param name="Y" type="float" />
              <param name="Z" type="float" />
            </accessor>
          </technique_common>
        </source>
        <source id="meshId58-bitangents" name="meshId58-bitangents">
          <float_array id="meshId58-bitangents-array" count="42"> 0.45101 -0.0662852 -0.890054 0.450755 -0.0720835 -0.889732 -0.432758 0.0691436 0.898855 -0.432758 0.0691447 0.898854 0.435427 -0.0662831 -0.897781 0.443407 -0.0575345 -0.894472 0.442698 -0.0805979 -0.893041 0.435329 -0.0720962 -0.89738 -0.453475 0.0691396 0.888583 -0.453476 0.0691374 0.888583 0.438203 -0.0632972 -0.896644 0.448233 -0.0748046 -0.890781 0.432682 -0.0690564 -0.898898 0.453405 -0.0690554 -0.888625 </float_array>
          <technique_common>
            <accessor count="14" offset="0" source="#meshId58-bitangents-array" stride="3">
              <param name="X" type="float" />
              <param name="Y" type="float" />
              <param name="Z" type="float" />
            </accessor>
          </technique_common>
        </source>
        <source id="meshId58-tex0" name="meshId58-tex0">
          <float_array id="meshId58-tex0-array" count="28"> 0.25277 0.243021 0.254908 0.243021 0.254909 0.24516 0.25277 0.24516 0.254892 0.0580574 0.257031 0.0580572 0.257047 0.243021 0.252754 0.0580575 0.252753 0.0559188 0.254892 0.0559186 0.250631 0.243021 0.250615 0.0580578 0.248492 0.243022 0.248476 0.058058 </float_array>
          <technique_common>
            <accessor count="14" offset="0" source="#meshId58-tex0-array" stride="2">
              <param name="S" type="float" />
              <param name="T" type="float" />
            </accessor>
          </technique_common>
        </source>
        <vertices id="meshId58-vertices">
          <input semantic="POSITION" source="#meshId58-positions" />
        </vertices>
        <polylist count="12" material="defaultMaterial">
          <input offset="0" semantic="VERTEX" source="#meshId58-vertices" />
          <input offset="0" semantic="NORMAL" source="#meshId58-normals" />
          <input offset="0" semantic="TANGENT" source="#meshId58-tangents" />
          <input offset="0" semantic="BINORMAL" source="#meshId58-bitangents" />
          <input offset="0" semantic="TEXCOORD" source="#meshId58-tex0" set="0" />
          <vcount>3 3 3 3 3 3 3 3 3 3 3 3 </vcount>
          <p>3 0 1 1 2 3 6 1 4 4 5 6 9 4 7 7 8 9 11 7 0 0 10 11 11 10 12 12 13 11 0 7 4 4 1 0 </p>
        </polylist>
      </mesh>
    </geometry>
    <geometry id="meshId59" name="meshId59_name" >
      <mesh>
        <source id="meshId59-positions" name="meshId59-positions">
          <float_array id="meshId59-positions-array" count="42"> 0.685881 -0.076915 0.206477 0.698056 -0.0769114 0.200463 0.698469 -0.0633643 0.201307 0.686294 -0.063368 0.20732 0.698469 -0.0633643 0.201307 0.179637 0.0178402 -0.845852 0.167462 0.0178365 -0.839838 0.179637 0.0178402 -0.845852 0.179225 0.00429312 -0.846695 0.167049 0.00428945 -0.840682 0.179225 0.00429312 -0.846695 0.698056 -0.0769114 0.200463 0.179637 0.0178402 -0.845852 0.698469 -0.0633643 0.201307 </float_array>
          <technique_common>
            <accessor count="14" offset="0" source="#meshId59-positions-array" stride="3">
              <param name="X" type="float" />
              <param name="Y" type="float" />
              <param name="Z" type="float" />
            </accessor>
          </technique_common>
        </source>
        <source id="meshId59-normals" name="meshId59-normals">
          <float_array id="meshId59-normals-array" count="42"> -0.651226 -0.706509 0.277039 0.615903 -0.705463 -0.350693 0.659023 0.704754 -0.262699 -0.608209 0.704794 0.365167 0.659023 0.704754 -0.262699 0.651225 0.706509 -0.277038 -0.615903 0.705463 0.350692 0.651225 0.706509 -0.277038 0.608208 -0.704795 -0.365167 -0.659024 -0.704753 0.262699 0.608208 -0.704795 -0.365167 0.615903 -0.705463 -0.350693 0.651225 0.706509 -0.277038 0.659023 0.704754 -0.262699 </float_array>
          <technique_common>
            <accessor count="14" offset="0" source="#meshId59-normals-array" stride="3">
              <param name="X" type="float" />
              <param name="Y" type="float" />
              <param name="Z" type="float" />
            </accessor>
          </technique_common>
        </source>
        <source id="meshId59-tangents" name="meshId59-tangents">
          <float_array id="meshId59-tangents-array" count="42"> 0.610768 -0.704618 -0.361215 -0.658399 -0.705365 0.262621 0.615455 -0.706074 -0.350248 -0.653665 -0.705702 0.273327 -0.609018 0.704979 0.363459 -0.616832 0.705449 0.349085 -0.656858 -0.705607 0.265813 0.608775 -0.704319 -0.365141 -0.651539 -0.706034 0.277511 0.613796 -0.705806 -0.353684 0.655612 0.70538 -0.269465 0.6552 0.705855 -0.269225 -0.608835 0.704328 0.365023 -0.615514 0.706084 0.350126 </float_array>
          <technique_common>
            <accessor count="14" offset="0" source="#meshId59-tangents-array" stride="3">
              <param name="X" type="float" />
              <param name="Y" type="float" />
              <param name="Z" type="float" />
            </accessor>
          </technique_common>
        </source>
        <source id="meshId59-bitangents" name="meshId59-bitangents">
          <float_array id="meshId59-bitangents-array" count="42"> 0.450408 -0.0660265 0.890378 -0.432636 0.0691468 -0.898913 -0.432324 0.0691422 -0.899064 0.450338 -0.0724574 0.889913 0.441346 -0.0795391 0.893805 0.442068 -0.056447 0.895203 0.434972 -0.0666402 0.897975 -0.453098 0.0691345 -0.888776 -0.453409 0.0691362 -0.888617 0.434674 -0.0718419 0.897718 0.4475 -0.0755168 0.89109 0.437466 -0.0639573 0.896957 0.453018 -0.0690412 0.888824 0.43224 -0.0690463 0.899111 </float_array>
          <technique_common>
            <accessor count="14" offset="0" source="#meshId59-bitangents-array" stride="3">
              <param name="X" type="float" />
              <param name="Y" type="float" />
              <param name="Z" type="float" />
            </accessor>
          </technique_common>
        </source>
        <source id="meshId59-tex0" name="meshId59-tex0">
          <float_array id="meshId59-tex0-array" count="28"> 0.242387 0.24219 0.242386 0.244329 0.240248 0.244328 0.240248 0.24219 0.238109 0.242189 0.23813 0.0572261 0.240268 0.0572263 0.240268 0.0550876 0.242407 0.0550878 0.242407 0.0572265 0.244546 0.0572268 0.244525 0.24219 0.246684 0.057227 0.246664 0.24219 </float_array>
          <technique_common>
            <accessor count="14" offset="0" source="#meshId59-tex0-array" stride="2">
              <param name="S" type="float" />
              <param name="T" type="float" />
            </accessor>
          </technique_common>
        </source>
        <vertices id="meshId59-vertices">
          <input semantic="POSITION" source="#meshId59-positions" />
        </vertices>
        <polylist count="12" material="defaultMaterial">
          <input offset="0" semantic="VERTEX" source="#meshId59-vertices" />
          <input offset="0" semantic="NORMAL" source="#meshId59-normals" />
          <input offset="0" semantic="TANGENT" source="#meshId59-tangents" />
          <input offset="0" semantic="BINORMAL" source="#meshId59-bitangents" />
          <input offset="0" semantic="TEXCOORD" source="#meshId59-tex0" set="0" />
          <vcount>3 3 3 3 3 3 3 3 3 3 3 3 </vcount>
          <p>3 0 1 1 2 3 6 3 4 4 5 6 9 6 7 7 8 9 0 9 10 10 11 0 13 11 10 10 12 13 6 9 0 0 3 6 </p>
        </polylist>
      </mesh>
    </geometry>
    <geometry id="meshId60" name="meshId60_name" >
      <mesh>
        <source id="meshId60-positions" name="meshId60-positions">
          <float_array id="meshId60-positions-array" count="30"> 0.661652 -0.548333 0.194436 0.684997 -0.548333 0.194436 0.684997 -0.0529881 0.194436 0.661652 -0.0529881 0.194436 0.661652 -0.0529881 0.171092 0.684997 -0.0529881 0.171092 0.684997 -0.548333 0.171092 0.661652 -0.548333 0.171092 0.661652 -0.548333 0.171092 0.661652 -0.0529881 0.171092 </float_array>
          <technique_common>
            <accessor count="10" offset="0" source="#meshId60-positions-array" stride="3">
              <param name="X" type="float" />
              <param name="Y" type="float" />
              <param name="Z" type="float" />
            </accessor>
          </technique_common>
        </source>
        <source id="meshId60-normals" name="meshId60-normals">
          <float_array id="meshId60-normals-array" count="30"> -0.707107 0 0.707107 0.707107 0 0.707107 0.707107 0 0.707107 -0.707107 0 0.707107 -0.707107 0 -0.707107 0.707107 0 -0.707107 0.707107 0 -0.707107 -0.707107 0 -0.707107 -0.707107 0 -0.707107 -0.707107 0 -0.707107 </float_array>
          <technique_common>
            <accessor count="10" offset="0" source="#meshId60-normals-array" stride="3">
              <param name="X" type="float" />
              <param name="Y" type="float" />
              <param name="Z" type="float" />
            </accessor>
          </technique_common>
        </source>
        <source id="meshId60-tangents" name="meshId60-tangents">
          <float_array id="meshId60-tangents-array" count="30"> 5.58932e-05 -1 5.58932e-05 5.59533e-05 -1 -5.59532e-05 5.60043e-05 -1 -5.60043e-05 5.59443e-05 -1 5.59443e-05 -5.61572e-05 -1 5.61572e-05 -5.59978e-05 -1 -5.59978e-05 -5.59978e-05 -1 -5.59978e-05 -5.58509e-05 -1 5.58509e-05 -5.60534e-05 -1 5.60534e-05 -5.57471e-05 -1 5.5747e-05 </float_array>
          <technique_common>
            <accessor count="10" offset="0" source="#meshId60-tangents-array" stride="3">
              <param name="X" type="float" />
              <param name="Y" type="float" />
              <param name="Z" type="float" />
            </accessor>
          </technique_common>
        </source>
        <source id="meshId60-bitangents" name="meshId60-bitangents">
          <float_array id="meshId60-bitangents-array" count="30"> 0.707107 7.9045e-05 0.707107 0.707107 7.91299e-05 -0.707107 0.707107 7.92021e-05 -0.707107 0.707107 7.91172e-05 0.707107 -0.707107 7.94183e-05 0.707107 -0.707107 7.91928e-05 -0.707107 -0.707107 7.91928e-05 -0.707107 -0.707107 7.89851e-05 0.707107 -0.707107 7.92715e-05 0.707107 -0.707107 7.88383e-05 0.707107 </float_array>
          <technique_common>
            <accessor count="10" offset="0" source="#meshId60-bitangents-array" stride="3">
              <param name="X" type="float" />
              <param name="Y" type="float" />
              <param name="Z" type="float" />
            </accessor>
          </technique_common>
        </source>
        <source id="meshId60-tex0" name="meshId60-tex0">
          <float_array id="meshId60-tex0-array" count="20"> 0.571648 0.0671355 0.571649 0.0738508 0.429159 0.0738669 0.429158 0.0671514 0.42916 0.0872975 0.42916 0.0805821 0.571649 0.0805662 0.57165 0.0872815 0.571647 0.0604202 0.429157 0.0604362 </float_array>
          <technique_common>
            <accessor count="10" offset="0" source="#meshId60-tex0-array" stride="2">
              <param name="S" type="float" />
              <param name="T" type="float" />
            </accessor>
          </technique_common>
        </source>
        <vertices id="meshId60-vertices">
          <input semantic="POSITION" source="#meshId60-positions" />
        </vertices>
        <polylist count="8" material="defaultMaterial">
          <input offset="0" semantic="VERTEX" source="#meshId60-vertices" />
          <input offset="0" semantic="NORMAL" source="#meshId60-normals" />
          <input offset="0" semantic="TANGENT" source="#meshId60-tangents" />
          <input offset="0" semantic="BINORMAL" source="#meshId60-bitangents" />
          <input offset="0" semantic="TEXCOORD" source="#meshId60-tex0" set="0" />
          <vcount>3 3 3 3 3 3 3 3 </vcount>
          <p>3 0 1 1 2 3 7 4 5 5 6 7 2 1 6 6 5 2 9 8 0 0 3 9 </p>
        </polylist>
      </mesh>
    </geometry>
    <geometry id="meshId61" name="meshId61_name" >
      <mesh>
        <source id="meshId61-positions" name="meshId61-positions">
          <float_array id="meshId61-positions-array" count="30"> 0.661652 -0.548333 -0.312949 0.684997 -0.548333 -0.312949 0.684997 -0.0529881 -0.312949 0.661652 -0.0529881 -0.312949 0.661652 -0.0529881 -0.336294 0.684997 -0.0529881 -0.336294 0.684997 -0.548333 -0.336294 0.661652 -0.548333 -0.336294 0.661652 -0.548333 -0.336294 0.661652 -0.0529881 -0.336294 </float_array>
          <technique_common>
            <accessor count="10" offset="0" source="#meshId61-positions-array" stride="3">
              <param name="X" type="float" />
              <param name="Y" type="float" />
              <param name="Z" type="float" />
            </accessor>
          </technique_common>
        </source>
        <source id="meshId61-normals" name="meshId61-normals">
          <float_array id="meshId61-normals-array" count="30"> -0.707107 0 0.707107 0.707107 0 0.707107 0.707107 0 0.707107 -0.707107 0 0.707107 -0.707107 0 -0.707107 0.707107 0 -0.707107 0.707107 0 -0.707107 -0.707107 0 -0.707107 -0.707107 0 -0.707107 -0.707107 0 -0.707107 </float_array>
          <technique_common>
            <accessor count="10" offset="0" source="#meshId61-normals-array" stride="3">
              <param name="X" type="float" />
              <param name="Y" type="float" />
              <param name="Z" type="float" />
            </accessor>
          </technique_common>
        </source>
        <source id="meshId61-tangents" name="meshId61-tangents">
          <float_array id="meshId61-tangents-array" count="30"> 5.61189e-05 -1 5.61189e-05 5.58909e-05 -1 -5.58909e-05 5.58653e-05 -1 -5.58653e-05 5.59019e-05 -1 5.59019e-05 -5.60533e-05 -1 5.60533e-05 -5.608e-05 -1 -5.60799e-05 -5.58757e-05 -1 -5.58757e-05 -5.61043e-05 -1 5.61043e-05 -5.60795e-05 -1 5.60794e-05 -5.61561e-05 -1 5.6156e-05 </float_array>
          <technique_common>
            <accessor count="10" offset="0" source="#meshId61-tangents-array" stride="3">
              <param name="X" type="float" />
              <param name="Y" type="float" />
              <param name="Z" type="float" />
            </accessor>
          </technique_common>
        </source>
        <source id="meshId61-bitangents" name="meshId61-bitangents">
          <float_array id="meshId61-bitangents-array" count="30"> 0.707107 7.93642e-05 0.707107 0.707107 7.90416e-05 -0.707107 0.707107 7.90055e-05 -0.707107 0.707107 7.90573e-05 0.707107 -0.707107 7.92713e-05 0.707107 -0.707107 7.9309e-05 -0.707107 -0.707107 7.90202e-05 -0.707107 -0.707107 7.93435e-05 0.707107 -0.707107 7.93083e-05 0.707107 -0.707107 7.94166e-05 0.707107 </float_array>
          <technique_common>
            <accessor count="10" offset="0" source="#meshId61-bitangents-array" stride="3">
              <param name="X" type="float" />
              <param name="Y" type="float" />
              <param name="Z" type="float" />
            </accessor>
          </technique_common>
        </source>
        <source id="meshId61-tex0" name="meshId61-tex0">
          <float_array id="meshId61-tex0-array" count="20"> 0.402259 0.128663 0.40226 0.135379 0.25977 0.135395 0.25977 0.128679 0.259772 0.148825 0.259771 0.14211 0.402261 0.142094 0.402261 0.148809 0.402258 0.121948 0.259769 0.121964 </float_array>
          <technique_common>
            <accessor count="10" offset="0" source="#meshId61-tex0-array" stride="2">
              <param name="S" type="float" />
              <param name="T" type="float" />
            </accessor>
          </technique_common>
        </source>
        <vertices id="meshId61-vertices">
          <input semantic="POSITION" source="#meshId61-positions" />
        </vertices>
        <polylist count="8" material="defaultMaterial">
          <input offset="0" semantic="VERTEX" source="#meshId61-vertices" />
          <input offset="0" semantic="NORMAL" source="#meshId61-normals" />
          <input offset="0" semantic="TANGENT" source="#meshId61-tangents" />
          <input offset="0" semantic="BINORMAL" source="#meshId61-bitangents" />
          <input offset="0" semantic="TEXCOORD" source="#meshId61-tex0" set="0" />
          <vcount>3 3 3 3 3 3 3 3 </vcount>
          <p>3 0 1 1 2 3 7 4 5 5 6 7 2 1 6 6 5 2 9 8 0 0 3 9 </p>
        </polylist>
      </mesh>
    </geometry>
    <geometry id="meshId62" name="meshId62_name" >
      <mesh>
        <source id="meshId62-positions" name="meshId62-positions">
          <float_array id="meshId62-positions-array" count="30"> 0.661652 -0.548333 -0.806958 0.684997 -0.548333 -0.806958 0.684997 -0.0529881 -0.806958 0.661652 -0.0529881 -0.806958 0.661652 -0.0529881 -0.830303 0.684997 -0.0529881 -0.830303 0.684997 -0.548333 -0.830303 0.661652 -0.548333 -0.830303 0.661652 -0.548333 -0.830303 0.661652 -0.0529881 -0.830303 </float_array>
          <technique_common>
            <accessor count="10" offset="0" source="#meshId62-positions-array" stride="3">
              <param name="X" type="float" />
              <param name="Y" type="float" />
              <param name="Z" type="float" />
            </accessor>
          </technique_common>
        </source>
        <source id="meshId62-normals" name="meshId62-normals">
          <float_array id="meshId62-normals-array" count="30"> -0.707107 0 0.707106 0.707107 0 0.707106 0.707107 0 0.707106 -0.707107 0 0.707106 -0.707107 0 -0.707106 0.707107 0 -0.707106 0.707107 0 -0.707106 -0.707107 0 -0.707106 -0.707107 0 -0.707106 -0.707107 0 -0.707106 </float_array>
          <technique_common>
            <accessor count="10" offset="0" source="#meshId62-normals-array" stride="3">
              <param name="X" type="float" />
              <param name="Y" type="float" />
              <param name="Z" type="float" />
            </accessor>
          </technique_common>
        </source>
        <source id="meshId62-tangents" name="meshId62-tangents">
          <float_array id="meshId62-tangents-array" count="30"> 5.60926e-05 -1 5.60927e-05 5.60788e-05 -1 -5.60788e-05 5.58745e-05 -1 -5.58746e-05 5.60798e-05 -1 5.60799e-05 -5.61043e-05 -1 5.61044e-05 -5.58918e-05 -1 -5.58919e-05 -5.58663e-05 -1 -5.58664e-05 -5.56959e-05 -1 5.5696e-05 -5.60793e-05 -1 5.60794e-05 -5.61048e-05 -1 5.61049e-05 </float_array>
          <technique_common>
            <accessor count="10" offset="0" source="#meshId62-tangents-array" stride="3">
              <param name="X" type="float" />
              <param name="Y" type="float" />
              <param name="Z" type="float" />
            </accessor>
          </technique_common>
        </source>
        <source id="meshId62-bitangents" name="meshId62-bitangents">
          <float_array id="meshId62-bitangents-array" count="30"> 0.707106 7.9327e-05 0.707107 0.707106 7.93074e-05 -0.707107 0.707106 7.90186e-05 -0.707107 0.707106 7.93089e-05 0.707107 -0.707106 7.93436e-05 0.707107 -0.707106 7.9043e-05 -0.707107 -0.707106 7.90069e-05 -0.707107 -0.707106 7.87659e-05 0.707107 -0.707106 7.93082e-05 0.707107 -0.707106 7.93443e-05 0.707107 </float_array>
          <technique_common>
            <accessor count="10" offset="0" source="#meshId62-bitangents-array" stride="3">
              <param name="X" type="float" />
              <param name="Y" type="float" />
              <param name="Z" type="float" />
            </accessor>
          </technique_common>
        </source>
        <source id="meshId62-tex0" name="meshId62-tex0">
          <float_array id="meshId62-tex0-array" count="20"> 0.546581 0.128699 0.546582 0.135414 0.404092 0.13543 0.404091 0.128715 0.404093 0.148861 0.404093 0.142146 0.546582 0.14213 0.546583 0.148845 0.54658 0.121984 0.40409 0.122 </float_array>
          <technique_common>
            <accessor count="10" offset="0" source="#meshId62-tex0-array" stride="2">
              <param name="S" type="float" />
              <param name="T" type="float" />
            </accessor>
          </technique_common>
        </source>
        <vertices id="meshId62-vertices">
          <input semantic="POSITION" source="#meshId62-positions" />
        </vertices>
        <polylist count="8" material="defaultMaterial">
          <input offset="0" semantic="VERTEX" source="#meshId62-vertices" />
          <input offset="0" semantic="NORMAL" source="#meshId62-normals" />
          <input offset="0" semantic="TANGENT" source="#meshId62-tangents" />
          <input offset="0" semantic="BINORMAL" source="#meshId62-bitangents" />
          <input offset="0" semantic="TEXCOORD" source="#meshId62-tex0" set="0" />
          <vcount>3 3 3 3 3 3 3 3 </vcount>
          <p>3 0 1 1 2 3 7 4 5 5 6 7 2 1 6 6 5 2 9 8 0 0 3 9 </p>
        </polylist>
      </mesh>
    </geometry>
    <geometry id="meshId63" name="meshId63_name" >
      <mesh>
        <source id="meshId63-positions" name="meshId63-positions">
          <float_array id="meshId63-positions-array" count="84"> -0.248376 -0.536356 0.165178 -0.248376 -0.0841702 0.165178 -0.248376 -0.0841702 0.195535 -0.248376 -0.536356 0.195535 -0.493799 -0.536356 0.195535 -0.493799 -0.0841702 0.195535 -0.493799 -0.0841702 0.165178 -0.493799 -0.536356 0.165178 -0.469533 -0.536356 0.16626 -0.469533 -0.536356 0.195535 -0.248376 -0.536356 0.195535 -0.248376 -0.0841702 0.195535 -0.273149 -0.112346 0.195535 -0.273149 -0.536356 0.195535 -0.493799 -0.0841702 0.195535 -0.493799 -0.536356 0.195535 -0.469533 -0.536356 0.195535 -0.469533 -0.112346 0.195535 -0.273149 -0.536356 0.195535 -0.273149 -0.536356 0.16626 -0.273149 -0.536356 0.195535 -0.273149 -0.112346 0.195535 -0.273149 -0.112346 0.165178 -0.273149 -0.536356 0.16626 -0.469533 -0.112346 0.195535 -0.469533 -0.536356 0.195535 -0.469533 -0.536356 0.16626 -0.469533 -0.112346 0.165178 </float_array>
          <technique_common>
            <accessor count="28" offset="0" source="#meshId63-positions-array" stride="3">
              <param name="X" type="float" />
              <param name="Y" type="float" />
              <param name="Z" type="float" />
            </accessor>
          </technique_common>
        </source>
        <source id="meshId63-normals" name="meshId63-normals">
          <float_array id="meshId63-normals-array" count="84"> 0.998635 -0.0522394 0 0.878894 0.477018 0 0.775094 0.420681 0.471441 0.783751 -0.0421711 0.619642 -0.789936 -0.0416357 0.611774 -0.777779 0.422138 0.465681 -0.878894 0.477018 0 -0.998691 -0.0511447 0 0.998278 -0.0586581 0 0.764626 -0.0437599 0.642987 0.783751 -0.0421711 0.619642 0.775094 0.420681 0.471441 -0.430787 -0.203145 0.879292 -0.75802 -0.0442866 0.650726 -0.777779 0.422138 0.465681 -0.789936 -0.0416357 0.611774 0.764626 -0.0437599 0.642987 0.434859 -0.205065 0.876839 -0.75802 -0.0442866 0.650726 -0.998208 -0.0598435 0 -0.75802 -0.0442866 0.650726 -0.430787 -0.203145 0.879292 -0.904209 -0.42709 0 -0.998208 -0.0598435 0 0.434859 -0.205065 0.876839 0.764626 -0.0437599 0.642987 0.998278 -0.0586581 0 0.904209 -0.42709 0 </float_array>
          <technique_common>
            <accessor count="28" offset="0" source="#meshId63-normals-array" stride="3">
              <param name="X" type="float" />
              <param name="Y" type="float" />
              <param name="Z" type="float" />
            </accessor>
          </technique_common>
        </source>
        <source id="meshId63-tangents" name="meshId63-tangents">
          <float_array id="meshId63-tangents-array" count="84"> 0.0522388 0.998634 0.00131215 -0.477018 0.878893 0.000278562 -0.576043 0.777061 0.253675 0.553248 0.500773 -0.66569 0.546372 -0.500681 0.671414 -0.573862 -0.779167 -0.252151 -0.477018 -0.878894 0.000278325 0.0511444 -0.99869 0.0014176 0.0586572 0.998273 0.00324391 0.644475 0.0519373 -0.76286 -0.621076 -0.0533259 0.781934 -0.630759 0.471419 0.616367 -0.898992 0.0113353 -0.437819 -0.652222 0.0462809 -0.756613 -0.627505 -0.479067 -0.613785 -0.613182 0.058532 -0.787771 -0.644475 -0.0520114 0.762855 -0.897381 -0.0177273 0.4409 0.652231 -0.0514545 0.756272 0.059842 -0.998203 0.00296435 -0.0335281 0.999019 0.028934 -0.416029 0.90933 0.00626192 -0.42709 0.904209 0.00025975 -0.0598435 0.998208 0.000151764 -0.417054 -0.908864 -0.00572198 -0.0335655 -0.999042 -0.0280768 -0.0586581 -0.998278 0.000149057 -0.42709 -0.904209 0.000262223 </float_array>
          <technique_common>
            <accessor count="28" offset="0" source="#meshId63-tangents-array" stride="3">
              <param name="X" type="float" />
              <param name="Y" type="float" />
              <param name="Z" type="float" />
            </accessor>
          </technique_common>
        </source>
        <source id="meshId63-bitangents" name="meshId63-bitangents">
          <float_array id="meshId63-bitangents-array" count="84"> -6.85458e-05 -0.00131036 0.999999 0.000132879 -0.000244826 1 -0.259622 -0.468192 0.844626 -0.282227 0.864551 0.415812 0.278349 0.86463 0.418254 0.256401 -0.463355 0.84827 0.000132766 0.000244618 1 -7.25028e-05 0.00141575 0.999999 -0.000190282 -0.00323832 0.999995 -1.23344e-05 0.997691 0.0679148 6.79567e-05 -0.997686 -0.0679857 0.0370479 -0.775108 0.630742 0.0789739 -0.979083 -0.187509 0.00339161 -0.997946 -0.0639666 -0.0360101 -0.769607 0.637502 -0.00300903 -0.997417 -0.0717668 6.01932e-05 -0.997687 -0.0679715 -0.0748694 -0.978588 -0.191731 -9.90927e-06 0.997693 0.0678886 -0.000177397 0.00295904 0.999996 -0.651369 0.000114953 -0.758761 -0.800838 -0.363114 -0.476242 -0.000110937 0.000234868 -1 -9.08206e-06 0.000151492 -1 0.7981 -0.363201 -0.48075 0.6436 -0.000113931 -0.765362 -8.7434e-06 -0.0001488 -1 -0.000111993 -0.000237104 -1 </float_array>
          <technique_common>
            <accessor count="28" offset="0" source="#meshId63-bitangents-array" stride="3">
              <param name="X" type="float" />
              <param name="Y" type="float" />
              <param name="Z" type="float" />
            </accessor>
          </technique_common>
        </source>
        <source id="meshId63-tex0" name="meshId63-tex0">
          <float_array id="meshId63-tex0-array" count="56"> 0.367367 0.934978 0.495079 0.934956 0.495081 0.943603 0.367369 0.943625 0.692695 0.943569 0.564983 0.943591 0.564982 0.934944 0.692694 0.934922 0.699606 0.935229 0.699607 0.943567 0.157539 0.648705 0.157532 0.520918 0.164593 0.527865 0.164599 0.648705 0.227476 0.520914 0.227483 0.648701 0.220568 0.648702 0.220561 0.527862 0.360313 0.943626 0.360311 0.935288 0.701739 0.935037 0.822124 0.935056 0.822123 0.943674 0.701738 0.943349 0.877881 0.935064 0.998266 0.935082 0.998265 0.943393 0.87788 0.943683 </float_array>
          <technique_common>
            <accessor count="28" offset="0" source="#meshId63-tex0-array" stride="2">
              <param name="S" type="float" />
              <param name="T" type="float" />
            </accessor>
          </technique_common>
        </source>
        <vertices id="meshId63-vertices">
          <input semantic="POSITION" source="#meshId63-positions" />
        </vertices>
        <polylist count="22" material="defaultMaterial">
          <input offset="0" semantic="VERTEX" source="#meshId63-vertices" />
          <input offset="0" semantic="NORMAL" source="#meshId63-normals" />
          <input offset="0" semantic="TANGENT" source="#meshId63-tangents" />
          <input offset="0" semantic="BINORMAL" source="#meshId63-bitangents" />
          <input offset="0" semantic="TEXCOORD" source="#meshId63-tex0" set="0" />
          <vcount>3 3 3 3 3 3 3 3 3 3 3 3 3 3 3 3 3 3 3 3 3 3 </vcount>
          <p>3 0 1 1 2 3 7 4 5 5 6 7 2 1 6 6 5 2 7 8 9 9 4 7 13 10 11 11 12 13 17 14 15 15 16 17 12 11 14 14 17 12 0 3 18 18 19 0 23 20 21 21 22 23 27 24 25 25 26 27 22 21 24 24 27 22 </p>
        </polylist>
      </mesh>
    </geometry>
    <geometry id="meshId64" name="meshId64_name" >
      <mesh>
        <source id="meshId64-positions" name="meshId64-positions">
          <float_array id="meshId64-positions-array" count="216"> -0.469533 -0.536356 0.191282 -0.444707 -0.536356 0.191282 -0.444707 -0.258408 0.191282 -0.469533 -0.258408 0.191282 -0.297468 -0.258408 0.191282 -0.297468 -0.536356 0.191282 -0.273149 -0.258408 0.191282 -0.273149 -0.536356 0.191282 -0.444707 -0.132808 0.191282 -0.469533 -0.132808 0.191282 -0.439095 -0.137595 0.195456 -0.439095 -0.25362 0.195456 -0.439095 -0.25362 0.170469 -0.439095 -0.137595 0.170469 -0.444707 -0.132808 0.191282 -0.444707 -0.258408 0.191282 -0.444707 -0.258408 0.195456 -0.444707 -0.132808 0.195456 -0.303081 -0.25362 0.195456 -0.303081 -0.25362 0.170469 -0.444707 -0.132808 0.195456 -0.444707 -0.258408 0.195456 -0.439095 -0.25362 0.195456 -0.439095 -0.137595 0.195456 -0.297468 -0.258408 0.191282 -0.297468 -0.258408 0.195456 -0.297468 -0.258408 0.195456 -0.303081 -0.25362 0.195456 -0.303081 -0.137595 0.170469 -0.439095 -0.137595 0.170469 -0.439095 -0.25362 0.170469 -0.303081 -0.25362 0.170469 -0.444707 -0.112346 0.191282 -0.469533 -0.112346 0.191282 -0.303081 -0.137595 0.195456 -0.303081 -0.137595 0.170469 -0.303081 -0.137595 0.195456 -0.303081 -0.137595 0.170469 -0.297468 -0.132808 0.191282 -0.297468 -0.132808 0.195456 -0.297468 -0.132808 0.195456 -0.303081 -0.137595 0.195456 -0.297468 -0.132808 0.191282 -0.297468 -0.112346 0.191282 -0.273149 -0.132808 0.191282 -0.273149 -0.112346 0.191282 -0.469533 -0.536356 0.191282 -0.469533 -0.258408 0.191282 -0.469533 -0.258408 0.168637 -0.469533 -0.536356 0.168637 -0.273149 -0.258408 0.191282 -0.273149 -0.536356 0.191282 -0.273149 -0.536356 0.168637 -0.273149 -0.258408 0.168637 -0.469533 -0.132808 0.191282 -0.469533 -0.132808 0.168637 -0.469533 -0.112346 0.191282 -0.444707 -0.112346 0.191282 -0.444707 -0.112346 0.168637 -0.469533 -0.112346 0.168637 -0.297468 -0.112346 0.191282 -0.297468 -0.112346 0.168637 -0.273149 -0.132808 0.191282 -0.273149 -0.132808 0.168637 -0.273149 -0.112346 0.191282 -0.273149 -0.112346 0.168637 -0.273149 -0.112346 0.191282 -0.273149 -0.112346 0.168637 -0.444707 -0.536356 0.191282 -0.444707 -0.536356 0.168637 -0.297468 -0.536356 0.191282 -0.297468 -0.536356 0.168637 </float_array>
          <technique_common>
            <accessor count="72" offset="0" source="#meshId64-positions-array" stride="3">
              <param name="X" type="float" />
              <param name="Y" type="float" />
              <param name="Z" type="float" />
            </accessor>
          </technique_common>
        </source>
        <source id="meshId64-normals" name="meshId64-normals">
          <float_array id="meshId64-normals-array" count="216"> -0.672697 -0.0600837 0.737475 0 -0.0812031 0.996698 -0.010288 -0.0120604 0.999874 -0.673915 0 0.738809 0.0103294 -0.012109 0.999873 0 -0.0812031 0.996698 0.681462 -6.55711e-09 0.731854 0.680253 -0.0595201 0.730557 -0.0783762 0.0918794 0.992681 -0.673915 0 0.738809 0.590636 -0.692393 0.414416 0.590636 0.692393 0.414416 0.176758 0.207211 0.962196 0.176758 -0.207211 0.962196 -0.0783762 0.0918794 0.992681 -0.010288 -0.0120604 0.999874 -0.497058 -0.582694 0.642962 -0.497058 0.582694 0.642962 -0.590635 0.692394 0.414416 -0.176758 0.207211 0.962196 -0.497058 0.582694 0.642962 -0.497058 -0.582694 0.642962 0.590636 0.692393 0.414416 0.590636 -0.692393 0.414416 0.0103294 -0.012109 0.999873 0.497058 -0.582694 0.642963 0.497058 -0.582694 0.642963 -0.590635 0.692394 0.414416 -0.176758 -0.207211 0.962196 0.176758 -0.207211 0.962196 0.176758 0.207211 0.962196 -0.176758 0.207211 0.962196 0 0.741966 0.670437 -0.521722 0.632983 0.571961 -0.590635 -0.692394 0.414416 -0.176758 -0.207211 0.962196 -0.590635 -0.692394 0.414416 -0.176758 -0.207211 0.962196 0.0792456 0.0928985 0.992517 0.497058 0.582694 0.642963 0.497058 0.582694 0.642963 -0.590635 -0.692394 0.414416 0.0792456 0.0928985 0.992517 0 0.741966 0.670437 0.681462 -1.81163e-08 0.731854 0.529556 0.629391 0.568715 -0.672697 -0.0600837 0.737475 -0.673915 0 0.738809 -1 0 0 -0.996035 -0.0889634 0 0.681462 -6.55711e-09 0.731854 0.680253 -0.0595201 0.730557 0.996194 -0.0871639 1.42428e-07 1 -9.62212e-09 9.84737e-08 -0.673915 0 0.738809 -1 0 0 -0.521722 0.632983 0.571961 0 0.741966 0.670437 0 1 0 -0.636028 0.771666 0 0 0.741966 0.670437 0 1 0 0.681462 -1.81163e-08 0.731854 1 -2.65845e-08 0 0.529556 0.629391 0.568715 0.64381 0.765185 0 0.529556 0.629391 0.568715 0.64381 0.765185 0 0 -0.0812031 0.996698 0 -1 0 0 -0.0812031 0.996698 0 -1 0 </float_array>
          <technique_common>
            <accessor count="72" offset="0" source="#meshId64-normals-array" stride="3">
              <param name="X" type="float" />
              <param name="Y" type="float" />
              <param name="Z" type="float" />
            </accessor>
          </technique_common>
        </source>
        <source id="meshId64-tangents" name="meshId64-tangents">
          <float_array id="meshId64-tangents-array" count="216"> 0.739918 -0.0544802 0.670487 1 0.000114908 9.36179e-06 0.999947 -3.09156e-07 0.0102887 0.738809 0.000168662 0.673915 0.999947 0.000245396 -0.0103271 1 0.000124111 1.01116e-05 0.731854 0.000163144 -0.681462 0.732977 0.0554109 -0.677993 0.996924 0.00734142 0.0780317 0.738809 0.000158628 0.673915 -0.750466 -0.660073 -0.0332465 0.75066 -0.659881 0.0326486 0.686528 -0.726471 0.0303297 -0.686444 -0.726549 -0.030362 1 0 0 1 0 0 1 0 0 1 0 0 0.750466 0.660073 -0.0332481 0.686444 0.726549 -0.0303621 0.867718 0.333712 0.368379 0.867718 -0.333884 0.368222 0.806938 -0.506844 -0.303249 0.806938 0.506755 -0.303399 1 0 0 1 0 0 0.867717 0.333683 -0.368406 0.806938 0.506744 0.303415 0.984254 -0.0371544 0.172809 0.984254 0.0372697 -0.172784 0.984254 -0.0371544 -0.172809 0.984254 0.0372697 0.172784 1 5.37688e-05 -5.95054e-05 0.853115 0.387162 0.349714 -0.806939 0.506631 -0.303604 -0.984254 0.0371493 -0.17281 -0.566986 0.72152 0.397412 -0.0374924 0.978296 0.20379 1 0 0 1 0 0 0.867717 -0.333886 -0.368222 0.806938 -0.506844 0.303248 0.996855 -0.00725849 -0.0789126 1 5.81533e-05 -6.43577e-05 0.731854 0.000174591 -0.681462 0.848275 -0.392843 -0.355111 -0.655041 0.511865 -0.555801 -5.26934e-05 1 -4.8065e-05 0 1 -0.000105914 -0.088963 0.996035 -0.000672522 5.35709e-05 -1 -4.98911e-05 -0.64915 -0.511771 0.562757 -0.087165 -0.996194 -0.000829801 -9.61154e-09 -1 -0.000107429 -4.91768e-05 1 -4.48574e-05 0 1 -9.88342e-05 0.728828 0.67917 -0.0868201 1 5.73462e-05 -6.34645e-05 1 0 -0.00011701 0.771666 0.636028 -0.000152347 1 5.73241e-05 -6.344e-05 1 0 -0.000111209 5.95123e-05 -1 -5.54393e-05 -2.65845e-08 -1 -0.000119447 0.428992 -0.777089 0.460543 0.765185 -0.64381 -0.000207198 0.848275 -0.392847 -0.355107 0.765185 -0.64381 -0.000135369 -1 -8.66326e-06 -7.05804e-07 -1 0 -0.000107023 -1 -9.89069e-06 -8.05811e-07 -1 0 -0.000123035 </float_array>
          <technique_common>
            <accessor count="72" offset="0" source="#meshId64-tangents-array" stride="3">
              <param name="X" type="float" />
              <param name="Y" type="float" />
              <param name="Z" type="float" />
            </accessor>
          </technique_common>
        </source>
        <source id="meshId64-bitangents" name="meshId64-bitangents">
          <float_array id="meshId64-bitangents-array" count="216"> -0.000107564 0.996706 0.0811057 -0.000115289 0.996698 0.0812031 -0.000123777 0.999927 0.0120598 -0.000124609 1 -0.000113664 -0.000120314 0.999927 0.0121108 -0.000124522 0.996698 0.0812031 -0.000119393 1 0.000111181 -0.000126641 0.996688 0.0813203 -0.000118175 0.995743 -0.0921722 -0.000117196 1 -0.000106902 0.296564 -0.291368 -0.90948 0.296071 0.291802 -0.909502 0.705291 0.655213 -0.270665 0.705373 -0.655127 -0.270662 -0 -0.992681 0.0918794 0 -0.999874 -0.0120604 0 -0.642962 -0.582694 -0 -0.642962 0.582694 -0.296566 0.291368 -0.90948 -0.705373 0.655126 -0.270662 8.82894e-05 0.741015 -0.671488 0.000113875 0.740937 0.671574 7.689e-05 0.513517 -0.858079 6.42836e-05 0.513606 0.858026 0 -0.999873 -0.012109 0 -0.642963 -0.582694 0.000122011 0.741029 0.671473 7.98106e-05 0.513616 -0.85802 -5.80624e-05 0.977591 0.210515 -5.80586e-05 0.977586 0.210536 -5.80624e-05 0.977591 -0.210515 -5.80586e-05 0.977586 -0.210536 -8.01997e-05 0.670437 -0.741966 -7.83056e-05 0.670402 -0.741998 0.000257388 -0.513728 -0.857953 6.31437e-05 -0.977591 -0.210514 -0.574175 -0.000242561 -0.818733 -0.98354 -5.3402e-05 -0.18069 -0 -0.992517 0.0928985 -0 -0.642963 0.582694 0.000115797 0.740937 -0.671574 7.75456e-05 0.513517 0.858079 -0.000126679 0.995649 -0.0931816 -8.67393e-05 0.670437 -0.741966 -0.000127763 1 0.00011899 -8.79616e-05 0.670478 -0.741929 -0.344093 -0.856962 -0.383688 -0.738809 -7.13221e-05 -0.673915 -0 -0.000105914 -1 5.98298e-05 -0.000669855 -1 0.731854 7.3205e-05 -0.681462 0.340382 -0.857058 -0.386771 7.24706e-05 0.00082663 -1 9.84747e-08 0.000107429 -1 -0.738809 -6.65623e-05 -0.673915 -0 -9.88342e-05 -1 -0.443414 0.371565 -0.815674 -8.55356e-05 0.670437 -0.741966 -0.00011701 0 -1 -0.000117561 -9.68971e-05 -1 -8.55025e-05 0.670437 -0.741966 -0.000111209 0 -1 0.731854 8.13341e-05 -0.681462 3.17543e-12 0.000119447 -1 0.731803 9.08822e-05 -0.681516 -0.000158545 0.000133396 -1 -8.27461e-05 0.670476 -0.741932 -0.000103582 8.71521e-05 -1 8.69196e-06 -0.996698 -0.0812031 0.000107023 0 -1 9.92346e-06 -0.996698 -0.0812031 0.000123035 0 -1 </float_array>
          <technique_common>
            <accessor count="72" offset="0" source="#meshId64-bitangents-array" stride="3">
              <param name="X" type="float" />
              <param name="Y" type="float" />
              <param name="Z" type="float" />
            </accessor>
          </technique_common>
        </source>
        <source id="meshId64-tex0" name="meshId64-tex0">
          <float_array id="meshId64-tex0-array" count="144"> 0.575865 0.382015 0.583006 0.382014 0.583016 0.461968 0.575874 0.461969 0.62537 0.461963 0.62536 0.382009 0.632366 0.461962 0.632356 0.382008 0.58302 0.498098 0.575879 0.498099 0.383283 0.315887 0.399215 0.315882 0.399216 0.319313 0.383284 0.319318 0.41917 0.348211 0.41917 0.348211 0.41917 0.348211 0.41917 0.348211 0.417891 0.315876 0.417892 0.319307 0.393176 0.381644 0.393181 0.345514 0.394795 0.346892 0.39479 0.380267 0.41917 0.348211 0.41917 0.348211 0.435535 0.34552 0.43392 0.346897 0.211896 0.642691 0.17277 0.642694 0.172768 0.609318 0.211894 0.609316 0.583021 0.503984 0.57588 0.503985 0.364607 0.315892 0.364608 0.319323 0.433823 0.315871 0.433824 0.319302 0.41917 0.348211 0.41917 0.348211 0.43553 0.38165 0.433916 0.380272 0.625375 0.498093 0.625375 0.503979 0.63237 0.498092 0.632371 0.503978 0.181287 0.935649 0.260202 0.93564 0.260203 0.94207 0.181288 0.942078 0.0466139 0.935663 0.125529 0.935655 0.12553 0.942084 0.0466145 0.942093 0.295863 0.935637 0.295863 0.942066 0.301672 0.935636 0.308721 0.935635 0.308722 0.942065 0.301673 0.942065 0.350525 0.935631 0.350526 0.94206 0.0109535 0.935667 0.0109542 0.942097 0.00514398 0.935668 0.00514476 0.942097 0.35743 0.93563 0.357431 0.942059 0.174238 0.93565 0.174239 0.942079 0.132434 0.935654 0.132435 0.942083 </float_array>
          <technique_common>
            <accessor count="72" offset="0" source="#meshId64-tex0-array" stride="2">
              <param name="S" type="float" />
              <param name="T" type="float" />
            </accessor>
          </technique_common>
        </source>
        <vertices id="meshId64-vertices">
          <input semantic="POSITION" source="#meshId64-positions" />
        </vertices>
        <polylist count="66" material="defaultMaterial">
          <input offset="0" semantic="VERTEX" source="#meshId64-vertices" />
          <input offset="0" semantic="NORMAL" source="#meshId64-normals" />
          <input offset="0" semantic="TANGENT" source="#meshId64-tangents" />
          <input offset="0" semantic="BINORMAL" source="#meshId64-bitangents" />
          <input offset="0" semantic="TEXCOORD" source="#meshId64-tex0" set="0" />
          <vcount>3 3 3 3 3 3 3 3 3 3 3 3 3 3 3 3 3 3 3 3 3 3 3 3 3 3 3 3 3 3 3 3 3 3 3 3 3 3 3 3 3 3 3 3 3 3 3 3 3 3 3 3 3 3 3 3 3 3 3 3 3 3 3 3 3 3 </vcount>
          <p>3 0 1 1 2 3 5 4 2 2 1 5 7 6 4 4 5 7 9 3 2 2 8 9 13 10 11 11 12 13 17 14 15 15 16 17 12 11 18 18 19 12 23 20 21 21 22 23 16 15 24 24 25 16 22 21 26 26 27 22 31 28 29 29 30 31 33 9 8 8 32 33 35 34 10 10 13 35 19 18 36 36 37 19 39 38 14 14 17 39 41 40 20 20 23 41 43 32 8 8 42 43 25 24 38 38 39 25 27 26 40 40 41 27 6 44 42 42 4 6 45 43 42 42 44 45 49 46 47 47 48 49 53 50 51 51 52 53 48 47 54 54 55 48 59 56 57 57 58 59 55 54 56 56 59 55 58 57 60 60 61 58 63 62 50 50 53 63 65 64 62 62 63 65 61 60 66 66 67 61 69 68 46 46 49 69 71 70 68 68 69 71 52 51 70 70 71 52 </p>
        </polylist>
      </mesh>
    </geometry>
    <geometry id="meshId65" name="meshId65_name" >
      <mesh>
        <source id="meshId65-positions" name="meshId65-positions">
          <float_array id="meshId65-positions-array" count="258"> -0.296833 -0.313578 0.216304 -0.29966 -0.313578 0.216304 -0.298246 -0.316025 0.216266 -0.301073 -0.316025 0.216304 -0.29966 -0.318473 0.216304 -0.296833 -0.318473 0.216304 -0.29542 -0.316025 0.216304 -0.293802 -0.308327 0.192287 -0.295565 -0.31138 0.193426 -0.292883 -0.316025 0.193426 -0.289358 -0.316025 0.192287 -0.302691 -0.308327 0.192287 -0.300928 -0.31138 0.193426 -0.307135 -0.316025 0.192287 -0.30361 -0.316025 0.193426 -0.302691 -0.323723 0.192287 -0.300928 -0.32067 0.193426 -0.293802 -0.323723 0.192287 -0.295565 -0.32067 0.193426 -0.295565 -0.31138 0.193426 -0.300928 -0.31138 0.193426 -0.300928 -0.31138 0.202602 -0.295565 -0.31138 0.202602 -0.30361 -0.316025 0.193426 -0.30361 -0.316025 0.202602 -0.300928 -0.32067 0.193426 -0.300928 -0.32067 0.202602 -0.295565 -0.32067 0.193426 -0.295565 -0.32067 0.202602 -0.292883 -0.316025 0.193426 -0.292883 -0.316025 0.202602 -0.295565 -0.31138 0.193426 -0.295565 -0.31138 0.202602 -0.292866 -0.306705 0.190034 -0.303627 -0.306705 0.190034 -0.309008 -0.316025 0.190034 -0.303627 -0.325345 0.190034 -0.292866 -0.325345 0.190034 -0.287485 -0.316025 0.190034 -0.295565 -0.31138 0.202602 -0.300928 -0.31138 0.202602 -0.302052 -0.309433 0.205087 -0.294441 -0.309433 0.205087 -0.30361 -0.316025 0.202602 -0.305858 -0.316025 0.205087 -0.300928 -0.32067 0.202602 -0.302052 -0.322617 0.205087 -0.295565 -0.32067 0.202602 -0.294441 -0.322617 0.205087 -0.292883 -0.316025 0.202602 -0.290635 -0.316025 0.205087 -0.295565 -0.31138 0.202602 -0.294441 -0.309433 0.205087 -0.302582 -0.308515 0.208055 -0.293911 -0.308515 0.208055 -0.306918 -0.316025 0.208055 -0.302582 -0.323535 0.208055 -0.293911 -0.323535 0.208055 -0.289575 -0.316025 0.208055 -0.293911 -0.308515 0.208055 -0.302582 -0.308515 0.211542 -0.293911 -0.308515 0.211542 -0.306918 -0.316025 0.211542 -0.302582 -0.323535 0.211542 -0.293911 -0.323535 0.211542 -0.289575 -0.316025 0.211542 -0.293911 -0.308515 0.211542 -0.301882 -0.309728 0.2147 -0.294611 -0.309728 0.2147 -0.305517 -0.316025 0.2147 -0.301882 -0.322322 0.2147 -0.294611 -0.322322 0.2147 -0.290976 -0.316025 0.2147 -0.294611 -0.309728 0.2147 -0.294611 -0.309728 0.2147 -0.301882 -0.309728 0.2147 -0.300195 -0.312651 0.216796 -0.296298 -0.312651 0.216796 -0.305517 -0.316025 0.2147 -0.302143 -0.316025 0.216796 -0.301882 -0.322322 0.2147 -0.300195 -0.3194 0.216796 -0.294611 -0.322322 0.2147 -0.296298 -0.3194 0.216796 -0.290976 -0.316025 0.2147 -0.29435 -0.316025 0.216796 </float_array>
          <technique_common>
            <accessor count="86" offset="0" source="#meshId65-positions-array" stride="3">
              <param name="X" type="float" />
              <param name="Y" type="float" />
              <param name="Z" type="float" />
            </accessor>
          </technique_common>
        </source>
        <source id="meshId65-normals" name="meshId65-normals">
          <float_array id="meshId65-normals-array" count="258"> -0.142654 -0.24708 0.958437 0.142654 -0.24708 0.958437 4.93959e-10 2.22282e-08 1 0.285307 8.24072e-08 0.958436 0.142653 0.247077 0.958438 -0.142654 0.247077 0.958438 -0.285306 3.13147e-07 0.958436 0.316828 0.548763 0.773614 0.437769 0.758236 0.483152 0.875536 -2.6574e-07 0.483154 0.633655 2.38919e-06 0.773616 -0.316827 0.548763 0.773615 -0.437768 0.758237 0.483153 -0.633656 2.87496e-06 0.773615 -0.875535 5.90533e-08 0.483154 -0.316829 -0.54876 0.773616 -0.437771 -0.758234 0.483154 0.316827 -0.54876 0.773617 0.43777 -0.758234 0.483155 0.437769 0.758236 0.483152 -0.437768 0.758237 0.483153 -0.484143 0.838565 -0.249826 0.484143 0.838566 -0.249826 -0.875535 5.90533e-08 0.483154 -0.968291 -1.51993e-06 -0.249823 -0.437771 -0.758234 0.483154 -0.484149 -0.838564 -0.24982 0.43777 -0.758234 0.483155 0.484148 -0.838564 -0.249821 0.875536 -2.6574e-07 0.483154 0.968291 -1.22162e-06 -0.249824 0.437769 0.758236 0.483152 0.484143 0.838566 -0.249826 0.38449 0.665962 0.639267 -0.384492 0.665961 0.639267 -0.768985 -1.96905e-06 0.639267 -0.384491 -0.665959 0.639269 0.38449 -0.665959 0.639271 0.768983 -2.25667e-06 0.639269 0.484143 0.838566 -0.249826 -0.484143 0.838565 -0.249826 -0.441309 0.764371 -0.470089 0.441307 0.764371 -0.47009 -0.968291 -1.51993e-06 -0.249823 -0.882619 -7.69829e-07 -0.470088 -0.484149 -0.838564 -0.24982 -0.441309 -0.764372 -0.470087 0.484148 -0.838564 -0.249821 0.441308 -0.764372 -0.470088 0.968291 -1.22162e-06 -0.249824 0.882618 3.96235e-07 -0.47009 0.484143 0.838566 -0.249826 0.441307 0.764371 -0.47009 -0.494564 0.856609 -0.147062 0.494564 0.856609 -0.147063 -0.989127 4.04945e-07 -0.147062 -0.494561 -0.856611 -0.147061 0.494561 -0.856611 -0.147061 0.989127 1.06057e-06 -0.147063 0.494564 0.856609 -0.147063 -0.491542 0.851372 0.183172 0.491543 0.851372 0.183172 -0.983081 -1.14251e-07 0.183173 -0.491541 -0.851371 0.183178 0.491541 -0.851371 0.183178 0.98308 -3.71316e-07 0.183174 0.491543 0.851372 0.183172 -0.407613 0.706002 0.579149 0.407613 0.706002 0.579148 -0.815221 -8.54005e-07 0.57915 -0.407612 -0.705999 0.579152 0.407612 -0.706 0.579151 0.815222 -1.35636e-06 0.579149 0.407613 0.706002 0.579148 0.407613 0.706002 0.579148 -0.407613 0.706002 0.579149 -0.230308 0.398915 0.887595 0.23031 0.398916 0.887594 -0.815221 -8.54005e-07 0.57915 -0.460616 6.62974e-07 0.887599 -0.407612 -0.705999 0.579152 -0.230309 -0.398917 0.887594 0.407612 -0.706 0.579151 0.230312 -0.398918 0.887593 0.815222 -1.35636e-06 0.579149 0.460623 5.76685e-07 0.887596 </float_array>
          <technique_common>
            <accessor count="86" offset="0" source="#meshId65-normals-array" stride="3">
              <param name="X" type="float" />
              <param name="Y" type="float" />
              <param name="Z" type="float" />
            </accessor>
          </technique_common>
        </source>
        <source id="meshId65-tangents" name="meshId65-tangents">
          <float_array id="meshId65-tangents-array" count="258"> 0.848975 0.467251 0.246816 0.866635 0.498943 -0.000365301 0.863891 0.503678 -1.13318e-08 0.824436 0.509976 -0.245418 0.848917 0.467349 -0.246831 0.866608 0.498989 0.000350976 0.824398 0.510043 0.245406 0.847604 -0.529851 0.0287188 0.862492 -0.505917 0.012487 0.368966 -0.645617 -0.668613 0.656185 -0.529668 -0.537468 0.752286 -0.351358 0.557328 0.710591 -0.0374466 0.702608 0.656149 -0.529738 0.537444 0.368951 -0.645654 0.668585 0.84758 -0.529888 -0.0287527 0.862468 -0.505956 -0.0125634 0.75233 -0.351302 -0.557303 0.710619 -0.0374133 -0.702582 0.241654 0.418377 -0.875536 -0.241499 0.418467 -0.875536 0.124959 -0.216329 -0.968291 -0.124843 -0.216397 -0.968291 -0.483154 2.88326e-05 -0.875535 0.249823 3.92147e-07 -0.968291 -0.241579 -0.418423 -0.875535 0.124911 0.21635 -0.968292 0.241579 -0.418423 -0.875535 -0.124911 0.216351 -0.968292 0.483154 -1.46645e-07 -0.875536 -0.249824 3.15185e-07 -0.968291 0.241576 0.418422 -0.875536 -0.124913 -0.216356 -0.968291 0.85536 -0.51745 0.0245967 0.70379 -0.236651 0.669833 0.564759 -0.468531 0.679357 0.855343 -0.517477 -0.0246328 0.703844 -0.236593 -0.669797 0.564795 -0.468424 -0.6794 -0.563925 0.517349 0.643691 -0.47001 -0.00840753 0.882621 -0.579656 0.157077 0.799578 -0.490191 0.644138 0.587197 -0.246245 -0.168629 0.954425 -0.456717 -0.236813 0.857514 -0.127153 -0.215055 0.968289 -0.174388 -0.440819 0.880493 -0.0210581 -0.296598 0.95477 0.145227 -0.456116 0.87799 0.231261 -0.378259 0.896347 0.447124 -0.308746 0.839498 0.715343 -0.214912 0.664904 0.732982 -0.00484131 0.680231 -0.381236 -0.0617473 0.922413 -0.417166 0.382396 0.824467 -0.143792 -0.209714 0.967132 -0.0333782 -0.150358 0.988068 -0.0268891 -0.184201 0.982521 0.142013 -0.259813 0.955159 0.411717 -0.0818834 0.907625 -0.169805 -0.299999 0.938705 -0.338161 -0.00723026 0.941061 0.179645 -0.195302 0.96415 0.139271 0.130784 0.98158 -0.161558 0.117543 0.979838 -0.180436 -0.172271 0.968383 0.015427 -0.218816 0.975644 0.101427 -0.5953 0.797076 -0.36844 -0.453157 0.811727 0.575849 -0.106624 0.810574 0.274631 0.51009 0.815099 -0.400102 0.43203 0.80825 -0.570167 -0.17544 0.802578 -0.282167 -0.505809 0.815192 0.658319 0.21233 -0.722172 0.860824 0.508703 -0.0142663 0.868011 0.496541 0.00206375 0.84404 0.372058 -0.386225 0.484519 0.547809 0.682017 0.728615 0.571097 0.378111 0.658325 0.212327 0.722167 0.844004 0.37212 0.386243 0.860812 0.508723 0.0142978 0.867988 0.49658 -0.00204331 0.484512 0.547826 -0.682008 0.728594 0.571125 -0.378109 </float_array>
          <technique_common>
            <accessor count="86" offset="0" source="#meshId65-tangents-array" stride="3">
              <param name="X" type="float" />
              <param name="Y" type="float" />
              <param name="Z" type="float" />
            </accessor>
          </technique_common>
        </source>
        <source id="meshId65-bitangents" name="meshId65-bitangents">
          <float_array id="meshId65-bitangents-array" count="258"> -0.508814 0.848898 0.143109 -0.478115 0.830667 0.285304 -0.503678 0.863891 -1.89539e-08 -0.488779 0.860189 0.1455 -0.508911 0.848845 -0.143079 -0.478163 0.83064 -0.285301 -0.488844 0.860149 -0.145519 0.42566 0.64662 -0.633005 0.253903 0.411248 -0.875447 0.311932 0.763662 -0.56526 0.409758 0.848205 -0.335629 0.577656 0.758556 -0.301507 0.550836 0.650903 -0.522403 0.409815 0.848161 0.33567 0.31195 0.76363 0.565292 0.425708 0.646592 0.633002 0.253981 0.411205 0.875445 0.577598 0.758584 0.301546 0.550798 0.650908 0.522437 -0.866003 0.500038 -7.82311e-05 -0.866048 -0.499962 -7.8246e-05 -0.86602 -0.50001 -5.15282e-05 -0.866037 0.49998 -7.82609e-05 -1.39823e-05 -1 -2.52154e-05 1.5697e-06 -1 0 0.866023 -0.500003 0 0.866024 -0.500003 0 0.866023 0.500003 1.49012e-08 0.866024 0.500002 0 3.03517e-07 1 2.84217e-14 1.26163e-06 1 0 -0.866025 0.500001 0 -0.866027 0.499998 7.45058e-09 0.347169 0.537346 -0.768591 0.597366 0.707455 -0.377706 0.299515 0.883447 0.360294 0.347211 0.537323 0.768588 0.597304 0.707477 0.377763 0.29945 0.883504 -0.360209 0.669025 -0.170755 0.723359 0.738035 0.544736 0.398204 0.685014 0.625351 0.373753 0.751639 -0.0287005 0.65895 -0.0421289 0.98568 0.163282 -0.111324 0.971555 0.209015 -0.865697 0.500561 -0.00250782 -0.880247 0.470547 0.06124 -0.874733 -0.456989 -0.161256 -0.885526 -0.455734 -0.0902799 -0.0944992 -0.9257 -0.366265 -0.145138 -0.951145 -0.272505 0.503875 -0.50062 -0.703911 0.517673 -0.644758 -0.562407 0.781067 0.512258 0.357108 0.762482 -0.346402 0.546467 -0.0308405 0.977763 0.207434 -0.868502 0.493568 0.0457691 -0.868727 -0.481962 -0.114132 -0.038208 -0.965659 -0.256989 0.765438 -0.509427 -0.393177 0.854138 0.43031 0.29203 0.802517 -0.524513 0.284347 0.0357739 0.980743 0.191998 -0.859646 0.507998 0.0542855 -0.855737 -0.511225 -0.0797682 0.0315552 -0.98505 -0.169356 0.870717 -0.476745 -0.120692 0.907505 0.383639 0.171045 0.835526 -0.544252 0.0754067 0.0617505 0.994299 0.0869224 -0.870879 0.491297 -0.0140298 -0.820835 -0.561172 -0.106371 0.101605 -0.98449 -0.143023 0.868466 -0.4957 -0.00696379 -0.632825 0.675631 -0.378226 -0.304687 0.49273 -0.815097 -0.439905 0.770917 -0.46062 -0.484308 0.838116 -0.251012 -0.317264 0.836604 -0.446585 -0.506905 0.820882 -0.263057 -0.632819 0.675635 0.37823 -0.48437 0.838088 0.250985 -0.304722 0.492712 0.815095 -0.439946 0.770891 0.460625 -0.317272 0.836592 0.4466 -0.506929 0.820863 0.263073 </float_array>
          <technique_common>
            <accessor count="86" offset="0" source="#meshId65-bitangents-array" stride="3">
              <param name="X" type="float" />
              <param name="Y" type="float" />
              <param name="Z" type="float" />
            </accessor>
          </technique_common>
        </source>
        <source id="meshId65-tex0" name="meshId65-tex0">
          <float_array id="meshId65-tex0-array" count="172"> 0.554818 0.112462 0.554138 0.112859 0.554134 0.112071 0.553454 0.112468 0.553451 0.11168 0.554131 0.111283 0.554815 0.111674 0.553363 0.134697 0.5534 0.133634 0.554739 0.132904 0.555641 0.133468 0.551159 0.133338 0.552098 0.132839 0.551234 0.130751 0.552136 0.131314 0.553512 0.129522 0.553476 0.130584 0.555716 0.13088 0.554777 0.13138 0.432762 0.355296 0.432762 0.356838 0.430124 0.356837 0.430124 0.355295 0.432762 0.35838 0.430124 0.35838 0.432762 0.359922 0.430124 0.359922 0.432762 0.361464 0.430124 0.361464 0.432762 0.363006 0.430124 0.363006 0.432762 0.364548 0.430124 0.364548 0.553365 0.135569 0.550405 0.133776 0.550478 0.130316 0.553511 0.128649 0.556471 0.130443 0.556398 0.133902 0.427802 0.376743 0.428674 0.375349 0.429477 0.375809 0.428385 0.377604 0.429183 0.373605 0.430082 0.373847 0.429389 0.371758 0.430323 0.371823 0.429294 0.369893 0.430221 0.369781 0.428905 0.368091 0.429785 0.367751 0.428187 0.366552 0.428916 0.365748 0.43029 0.376178 0.429149 0.378275 0.430966 0.374038 0.431232 0.371852 0.431115 0.369652 0.430628 0.367458 0.429784 0.365205 0.431227 0.376507 0.430163 0.378766 0.431951 0.374226 0.43224 0.371875 0.432107 0.369517 0.431582 0.367203 0.430855 0.364894 0.432156 0.376801 0.431246 0.37893 0.432889 0.374421 0.433198 0.371923 0.433059 0.369422 0.432519 0.36703 0.431902 0.364884 0.556132 0.113158 0.554192 0.114345 0.554143 0.113192 0.55511 0.112624 0.552194 0.113258 0.553168 0.112639 0.552137 0.110984 0.553159 0.111518 0.554077 0.109797 0.554126 0.11095 0.556075 0.110884 0.555101 0.111503 </float_array>
          <technique_common>
            <accessor count="86" offset="0" source="#meshId65-tex0-array" stride="2">
              <param name="S" type="float" />
              <param name="T" type="float" />
            </accessor>
          </technique_common>
        </source>
        <vertices id="meshId65-vertices">
          <input semantic="POSITION" source="#meshId65-positions" />
        </vertices>
        <polylist count="114" material="defaultMaterial">
          <input offset="0" semantic="VERTEX" source="#meshId65-vertices" />
          <input offset="0" semantic="NORMAL" source="#meshId65-normals" />
          <input offset="0" semantic="TANGENT" source="#meshId65-tangents" />
          <input offset="0" semantic="BINORMAL" source="#meshId65-bitangents" />
          <input offset="0" semantic="TEXCOORD" source="#meshId65-tex0" set="0" />
          <vcount>3 3 3 3 3 3 3 3 3 3 3 3 3 3 3 3 3 3 3 3 3 3 3 3 3 3 3 3 3 3 3 3 3 3 3 3 3 3 3 3 3 3 3 3 3 3 3 3 3 3 3 3 3 3 3 3 3 3 3 3 3 3 3 3 3 3 3 3 3 3 3 3 3 3 3 3 3 3 3 3 3 3 3 3 3 3 3 3 3 3 3 3 3 3 3 3 3 3 3 3 3 3 3 3 3 3 3 3 3 3 3 3 3 3 </vcount>
          <p>0 1 2 1 3 2 3 4 2 4 5 2 5 6 2 6 0 2 10 7 8 8 9 10 12 8 7 7 11 12 14 12 11 11 13 14 16 14 13 13 15 16 18 16 15 15 17 18 9 18 17 17 10 9 22 19 20 20 21 22 21 20 23 23 24 21 24 23 25 25 26 24 26 25 27 27 28 26 28 27 29 29 30 28 30 29 31 31 32 30 7 33 34 34 11 7 11 34 35 35 13 11 13 35 36 36 15 13 15 36 37 37 17 15 17 37 38 38 10 17 10 38 33 33 7 10 42 39 40 40 41 42 41 40 43 43 44 41 44 43 45 45 46 44 46 45 47 47 48 46 48 47 49 49 50 48 50 49 51 51 52 50 54 42 41 41 53 54 53 41 44 44 55 53 55 44 46 46 56 55 56 46 48 48 57 56 57 48 50 50 58 57 58 50 52 52 59 58 61 54 53 53 60 61 60 53 55 55 62 60 62 55 56 56 63 62 63 56 57 57 64 63 64 57 58 58 65 64 65 58 59 59 66 65 68 61 60 60 67 68 67 60 62 62 69 67 69 62 63 63 70 69 70 63 64 64 71 70 71 64 65 65 72 71 72 65 66 66 73 72 77 74 75 75 76 77 76 75 78 78 79 76 79 78 80 80 81 79 81 80 82 82 83 81 83 82 84 84 85 83 85 84 74 74 77 85 0 77 76 76 1 0 1 76 79 79 3 1 3 79 81 81 4 3 4 81 83 83 5 4 5 83 85 85 6 5 6 85 77 77 0 6 </p>
        </polylist>
      </mesh>
    </geometry>
    <geometry id="meshId66" name="meshId66_name" >
      <mesh>
        <source id="meshId66-positions" name="meshId66-positions">
          <float_array id="meshId66-positions-array" count="132"> -0.613413 -0.513438 -0.369166 -0.613413 -0.526215 -0.365239 -0.76126 -0.526215 -0.365239 -0.76126 -0.513438 -0.369166 -0.613413 -0.534244 -0.354552 -0.76126 -0.534244 -0.354552 -0.613413 -0.534458 -0.341187 -0.76126 -0.534458 -0.341187 -0.613413 -0.526775 -0.330249 -0.76126 -0.526775 -0.330249 -0.613413 -0.51413 -0.325915 -0.76126 -0.51413 -0.325915 -0.613413 -0.501353 -0.329842 -0.76126 -0.501353 -0.329842 -0.613413 -0.493324 -0.340529 -0.76126 -0.493324 -0.340529 -0.613413 -0.49311 -0.353894 -0.76126 -0.49311 -0.353894 -0.613413 -0.500793 -0.364832 -0.76126 -0.500793 -0.364832 -0.613413 -0.513438 -0.369166 -0.76126 -0.513438 -0.369166 -0.613413 -0.526215 -0.365239 -0.613413 -0.513438 -0.369166 -0.613413 -0.513454 -0.34754 -0.613413 -0.534244 -0.354552 -0.613413 -0.534458 -0.341187 -0.613413 -0.526775 -0.330249 -0.613413 -0.51413 -0.325915 -0.613413 -0.501353 -0.329842 -0.613413 -0.493324 -0.340529 -0.613413 -0.49311 -0.353894 -0.613413 -0.500793 -0.364832 -0.76126 -0.513438 -0.369166 -0.76126 -0.526215 -0.365239 -0.76126 -0.513454 -0.34754 -0.76126 -0.534244 -0.354552 -0.76126 -0.534458 -0.341187 -0.76126 -0.526775 -0.330249 -0.76126 -0.51413 -0.325915 -0.76126 -0.501353 -0.329842 -0.76126 -0.493324 -0.340529 -0.76126 -0.49311 -0.353894 -0.76126 -0.500793 -0.364832 </float_array>
          <technique_common>
            <accessor count="44" offset="0" source="#meshId66-positions-array" stride="3">
              <param name="X" type="float" />
              <param name="Y" type="float" />
              <param name="Z" type="float" />
            </accessor>
          </technique_common>
        </source>
        <source id="meshId66-normals" name="meshId66-normals">
          <float_array id="meshId66-normals-array" count="132"> 0.0584036 0.015972 -0.998165 0.0589271 -0.573768 -0.816896 -0.0589271 -0.573768 -0.816896 -0.0584037 0.0159718 -0.998165 0.0592547 -0.944328 -0.323624 -0.0592547 -0.944329 -0.323624 0.0592635 -0.954199 0.293245 -0.0592635 -0.954199 0.293245 0.05895 -0.599609 0.798119 -0.05895 -0.599609 0.798119 0.058432 -0.0159719 0.998164 -0.0584319 -0.0159721 0.998164 0.0579063 0.573802 0.816944 -0.0579064 0.573802 0.816945 0.0575745 0.944421 0.323656 -0.0575744 0.944421 0.323656 0.0575657 0.954294 -0.293274 -0.0575657 0.954294 -0.293274 0.0578831 0.599647 -0.798169 -0.0578831 0.599647 -0.798169 0.0584036 0.015972 -0.998165 -0.0584037 0.0159718 -0.998165 0.0589271 -0.573768 -0.816896 0.0584036 0.015972 -0.998165 1 5.18245e-07 2.39362e-07 0.0592547 -0.944328 -0.323624 0.0592635 -0.954199 0.293245 0.05895 -0.599609 0.798119 0.058432 -0.0159719 0.998164 0.0579063 0.573802 0.816944 0.0575745 0.944421 0.323656 0.0575657 0.954294 -0.293274 0.0578831 0.599647 -0.798169 -0.0584037 0.0159718 -0.998165 -0.0589271 -0.573768 -0.816896 -1 5.20221e-07 1.05796e-07 -0.0592547 -0.944329 -0.323624 -0.0592635 -0.954199 0.293245 -0.05895 -0.599609 0.798119 -0.0584319 -0.0159721 0.998164 -0.0579064 0.573802 0.816945 -0.0575744 0.944421 0.323656 -0.0575657 0.954294 -0.293274 -0.0578831 0.599647 -0.798169 </float_array>
          <technique_common>
            <accessor count="44" offset="0" source="#meshId66-normals-array" stride="3">
              <param name="X" type="float" />
              <param name="Y" type="float" />
              <param name="Z" type="float" />
            </accessor>
          </technique_common>
        </source>
        <source id="meshId66-tangents" name="meshId66-tangents">
          <float_array id="meshId66-tangents-array" count="132"> 0.0188763 -0.999711 -0.0148923 -8.0668e-05 -0.81832 0.574762 -5.02093e-05 -0.818316 0.574769 -0.019005 -0.999708 -0.0148844 -7.93201e-05 -0.324198 0.945989 -6.43246e-05 -0.32419 0.945992 -4.9711e-05 0.293758 0.95588 -8.02882e-05 0.293766 0.955877 -6.81911e-05 0.799507 0.600657 -6.33724e-05 0.799511 0.600651 -7.98964e-05 0.999872 0.016004 -8.00001e-05 0.999872 0.0159947 -6.33674e-05 0.81832 -0.574763 -8.11908e-05 0.818315 -0.57477 -8.11689e-05 0.324198 -0.945989 -6.33321e-05 0.324191 -0.945992 -8.06851e-05 -0.293757 -0.95588 -6.51747e-05 -0.293765 -0.955878 -6.51332e-05 -0.799507 -0.600657 -6.73194e-05 -0.799512 -0.600651 -0.0190061 -0.999673 -0.0171083 0.0188712 -0.999676 -0.0171001 -0.0190953 0.81752 -0.575584 -0.0799521 0.996735 0.011271 -1.20036e-07 0.600829 -0.799378 0.0192295 0.325213 -0.945445 0.0811922 -0.28818 -0.954128 0.998254 0.0382796 -0.0449748 0.0799967 0.996731 0.011266 0.018769 0.817547 -0.575556 -0.0186871 0.325157 -0.945476 -0.0788914 -0.288494 -0.954226 -0.998316 0.0378327 -0.0439718 0.998287 -0.00264811 -0.0584534 0.0807336 0.812898 -0.576783 -9.75721e-08 0.0157823 -0.999875 0.0192292 0.323054 -0.946185 -0.019204 -0.292617 -0.956037 -0.0806961 -0.79403 -0.602498 -0.998284 -0.00294206 -0.0584846 -0.0793544 0.813083 -0.576714 -0.0186854 0.323118 -0.946174 0.0186569 -0.292682 -0.956028 0.0792499 -0.794226 -0.602432 </float_array>
          <technique_common>
            <accessor count="44" offset="0" source="#meshId66-tangents-array" stride="3">
              <param name="X" type="float" />
              <param name="Y" type="float" />
              <param name="Z" type="float" />
            </accessor>
          </technique_common>
        </source>
        <source id="meshId66-bitangents" name="meshId66-bitangents">
          <float_array id="meshId66-bitangents-array" count="132"> -0.998115 -0.0179719 -0.0586882 -0.998262 -0.0338032 -0.0482675 -0.998262 0.0339105 0.0481922 -0.998112 0.0181008 0.0586902 -0.998243 -0.0560287 -0.0192852 -0.998243 0.0560753 0.0191491 -0.998242 -0.0566633 0.0173617 -0.998242 0.0566251 -0.0174862 -0.998261 -0.0354632 0.04709 -0.998261 0.0353578 -0.0471692 -0.998291 -0.00101489 0.0584232 -0.998291 0.00085475 -0.0584257 -0.998322 0.0332306 0.0474222 -0.998322 -0.0333492 -0.0473391 -0.998341 0.0544386 0.0187422 -0.998341 -0.0544854 -0.0186053 -0.998342 0.0550496 -0.0168333 -0.998342 -0.0550066 0.016973 -0.998323 0.0348199 -0.0462389 -0.998323 -0.0347138 0.0463185 -0.998112 0.0199704 -0.058081 -0.998115 -0.0198353 0.0580833 0.99808 0.0495164 0.0372178 0.995086 0.0791471 0.0594899 -5.58089e-07 0.799378 0.600829 0.998058 0.049799 0.0374294 0.994935 0.0803541 0.060395 -0.00358436 0.799377 0.600819 -0.995081 0.0791915 0.0595187 -0.998146 0.0486615 0.0365714 -0.998166 0.0483871 0.0363692 -0.99522 0.0780675 0.0586782 0.00382932 0.79937 0.600827 -0.00357685 -0.999869 -0.0157897 0.994992 -0.099939 -0.0015794 -5.21826e-07 -0.999875 -0.0157823 0.998058 -0.062289 -0.000983775 0.998058 -0.0622895 -0.000982957 0.994994 -0.0999223 -0.00157802 0.00387078 -0.999868 -0.0157728 -0.995163 -0.0982236 -0.00154899 -0.998166 -0.0605231 -0.000956431 -0.998167 -0.060506 -0.000955774 -0.995173 -0.0981254 -0.00154972 </float_array>
          <technique_common>
            <accessor count="44" offset="0" source="#meshId66-bitangents-array" stride="3">
              <param name="X" type="float" />
              <param name="Y" type="float" />
              <param name="Z" type="float" />
            </accessor>
          </technique_common>
        </source>
        <source id="meshId66-tex0" name="meshId66-tex0">
          <float_array id="meshId66-tex0-array" count="88"> 0.253176 0.574714 0.257021 0.574714 0.257024 0.617244 0.253179 0.617244 0.260866 0.574714 0.260869 0.617243 0.264711 0.574714 0.264714 0.617243 0.268556 0.574713 0.268559 0.617243 0.272401 0.574713 0.272404 0.617243 0.276246 0.574713 0.276249 0.617242 0.280091 0.574713 0.280094 0.617242 0.283936 0.574712 0.283939 0.617242 0.287781 0.574712 0.287784 0.617242 0.291626 0.574712 0.291629 0.617241 0.603082 0.222483 0.606193 0.224742 0.601217 0.228476 0.599236 0.222484 0.596126 0.224745 0.594939 0.228402 0.596128 0.232058 0.599239 0.234318 0.603084 0.234317 0.606194 0.232056 0.607382 0.228399 0.592824 0.228532 0.591636 0.232189 0.586604 0.228438 0.588526 0.23445 0.584681 0.23445 0.58157 0.232191 0.580381 0.228534 0.581568 0.224877 0.584678 0.222616 0.588524 0.222616 0.591635 0.224875 </float_array>
          <technique_common>
            <accessor count="44" offset="0" source="#meshId66-tex0-array" stride="2">
              <param name="S" type="float" />
              <param name="T" type="float" />
            </accessor>
          </technique_common>
        </source>
        <vertices id="meshId66-vertices">
          <input semantic="POSITION" source="#meshId66-positions" />
        </vertices>
        <polylist count="40" material="defaultMaterial">
          <input offset="0" semantic="VERTEX" source="#meshId66-vertices" />
          <input offset="0" semantic="NORMAL" source="#meshId66-normals" />
          <input offset="0" semantic="TANGENT" source="#meshId66-tangents" />
          <input offset="0" semantic="BINORMAL" source="#meshId66-bitangents" />
          <input offset="0" semantic="TEXCOORD" source="#meshId66-tex0" set="0" />
          <vcount>3 3 3 3 3 3 3 3 3 3 3 3 3 3 3 3 3 3 3 3 3 3 3 3 3 3 3 3 3 3 3 3 3 3 3 3 3 3 3 3 </vcount>
          <p>3 0 1 1 2 3 2 1 4 4 5 2 5 4 6 6 7 5 7 6 8 8 9 7 9 8 10 10 11 9 11 10 12 12 13 11 13 12 14 14 15 13 15 14 16 16 17 15 17 16 18 18 19 17 19 18 20 20 21 19 22 23 24 25 22 24 26 25 24 27 26 24 28 27 24 29 28 24 30 29 24 31 30 24 32 31 24 23 32 24 33 34 35 34 36 35 36 37 35 37 38 35 38 39 35 39 40 35 40 41 35 41 42 35 42 43 35 43 33 35 </p>
        </polylist>
      </mesh>
    </geometry>
    <geometry id="meshId67" name="meshId67_name" >
      <mesh>
        <source id="meshId67-positions" name="meshId67-positions">
          <float_array id="meshId67-positions-array" count="132"> -0.613413 -0.513438 -0.326369 -0.613413 -0.526215 -0.322442 -0.76126 -0.526215 -0.322442 -0.76126 -0.513438 -0.326369 -0.613413 -0.534244 -0.311755 -0.76126 -0.534244 -0.311755 -0.613413 -0.534458 -0.29839 -0.76126 -0.534458 -0.29839 -0.613413 -0.526775 -0.287452 -0.76126 -0.526775 -0.287452 -0.613413 -0.51413 -0.283119 -0.76126 -0.51413 -0.283119 -0.613413 -0.501353 -0.287045 -0.76126 -0.501353 -0.287045 -0.613413 -0.493324 -0.297732 -0.76126 -0.493324 -0.297732 -0.613413 -0.49311 -0.311097 -0.76126 -0.49311 -0.311097 -0.613413 -0.500793 -0.322035 -0.76126 -0.500793 -0.322035 -0.613413 -0.513438 -0.326369 -0.76126 -0.513438 -0.326369 -0.613413 -0.526215 -0.322442 -0.613413 -0.513438 -0.326369 -0.613413 -0.513454 -0.304744 -0.613413 -0.534244 -0.311755 -0.613413 -0.534458 -0.29839 -0.613413 -0.526775 -0.287452 -0.613413 -0.51413 -0.283119 -0.613413 -0.501353 -0.287045 -0.613413 -0.493324 -0.297732 -0.613413 -0.49311 -0.311097 -0.613413 -0.500793 -0.322035 -0.76126 -0.513438 -0.326369 -0.76126 -0.526215 -0.322442 -0.76126 -0.513454 -0.304744 -0.76126 -0.534244 -0.311755 -0.76126 -0.534458 -0.29839 -0.76126 -0.526775 -0.287452 -0.76126 -0.51413 -0.283119 -0.76126 -0.501353 -0.287045 -0.76126 -0.493324 -0.297732 -0.76126 -0.49311 -0.311097 -0.76126 -0.500793 -0.322035 </float_array>
          <technique_common>
            <accessor count="44" offset="0" source="#meshId67-positions-array" stride="3">
              <param name="X" type="float" />
              <param name="Y" type="float" />
              <param name="Z" type="float" />
            </accessor>
          </technique_common>
        </source>
        <source id="meshId67-normals" name="meshId67-normals">
          <float_array id="meshId67-normals-array" count="132"> 0.0584036 0.0159722 -0.998165 0.0589271 -0.573768 -0.816896 -0.0589271 -0.573768 -0.816896 -0.0584037 0.0159718 -0.998165 0.0592547 -0.944328 -0.323624 -0.0592547 -0.944329 -0.323624 0.0592635 -0.954199 0.293245 -0.0592634 -0.954199 0.293245 0.05895 -0.599609 0.798119 -0.05895 -0.599609 0.798119 0.0584319 -0.0159719 0.998164 -0.0584319 -0.0159718 0.998164 0.0579062 0.573802 0.816944 -0.0579064 0.573802 0.816945 0.0575745 0.944421 0.323656 -0.0575744 0.944421 0.323656 0.0575657 0.954294 -0.293274 -0.0575656 0.954294 -0.293274 0.0578831 0.599647 -0.798169 -0.057883 0.599647 -0.798169 0.0584036 0.0159722 -0.998165 -0.0584037 0.0159718 -0.998165 0.0589271 -0.573768 -0.816896 0.0584036 0.0159722 -0.998165 1 2.52338e-07 2.39362e-07 0.0592547 -0.944328 -0.323624 0.0592635 -0.954199 0.293245 0.05895 -0.599609 0.798119 0.0584319 -0.0159719 0.998164 0.0579062 0.573802 0.816944 0.0575745 0.944421 0.323656 0.0575657 0.954294 -0.293274 0.0578831 0.599647 -0.798169 -0.0584037 0.0159718 -0.998165 -0.0589271 -0.573768 -0.816896 -1 1.53374e-06 1.05796e-07 -0.0592547 -0.944329 -0.323624 -0.0592634 -0.954199 0.293245 -0.05895 -0.599609 0.798119 -0.0584319 -0.0159718 0.998164 -0.0579064 0.573802 0.816945 -0.0575744 0.944421 0.323656 -0.0575656 0.954294 -0.293274 -0.057883 0.599647 -0.798169 </float_array>
          <technique_common>
            <accessor count="44" offset="0" source="#meshId67-normals-array" stride="3">
              <param name="X" type="float" />
              <param name="Y" type="float" />
              <param name="Z" type="float" />
            </accessor>
          </technique_common>
        </source>
        <source id="meshId67-tangents" name="meshId67-tangents">
          <float_array id="meshId67-tangents-array" count="132"> 0.0188762 -0.999711 -0.0148924 -8.0733e-05 -0.81832 0.574762 -6.55626e-05 -0.818315 0.574769 -0.0190048 -0.999709 -0.0148845 -6.39028e-05 -0.324197 0.945989 -7.93417e-05 -0.324189 0.945992 -5.01855e-05 0.293758 0.95588 -8.06737e-05 0.293766 0.955877 -8.32548e-05 0.799506 0.600658 -6.33214e-05 0.799511 0.600651 -7.99023e-05 0.999872 0.0160039 -6.45628e-05 0.999872 0.0159954 -6.24392e-05 0.81832 -0.574763 -6.49344e-05 0.818316 -0.574769 -8.11262e-05 0.324198 -0.945989 -7.8799e-05 0.32419 -0.945992 -6.5231e-05 -0.293758 -0.95588 -8.06387e-05 -0.293766 -0.955877 -6.59898e-05 -0.799507 -0.600657 -6.82488e-05 -0.799512 -0.600651 -0.0190369 -0.999672 -0.0171102 0.0188712 -0.999676 -0.0171001 -0.0190948 0.81752 -0.575584 -0.079951 0.996735 0.0112713 3.9728e-08 0.60083 -0.799377 0.0192295 0.325213 -0.945445 0.0811906 -0.28818 -0.954128 0.998255 0.0381709 -0.0450541 0.079997 0.996732 0.0112659 0.0187687 0.817547 -0.575556 -0.0186871 0.325157 -0.945476 -0.0788921 -0.288494 -0.954226 -0.998316 0.0379507 -0.0438853 0.998286 -0.00289094 -0.0584574 0.0807373 0.812898 -0.576783 -8.15927e-08 0.0157718 -0.999876 0.0192303 0.323054 -0.946185 -0.0192031 -0.292617 -0.956037 -0.0806941 -0.794031 -0.602498 -0.998284 -0.00293399 -0.0584846 -0.0793537 0.813083 -0.576714 -0.018686 0.323118 -0.946174 0.018656 -0.292682 -0.956028 0.0792486 -0.794226 -0.602432 </float_array>
          <technique_common>
            <accessor count="44" offset="0" source="#meshId67-tangents-array" stride="3">
              <param name="X" type="float" />
              <param name="Y" type="float" />
              <param name="Z" type="float" />
            </accessor>
          </technique_common>
        </source>
        <source id="meshId67-bitangents" name="meshId67-bitangents">
          <float_array id="meshId67-bitangents-array" count="132"> -0.998115 -0.0179718 -0.0586882 -0.998262 -0.0338031 -0.0482675 -0.998262 0.033923 0.0481833 -0.998112 0.0181007 0.0586902 -0.998243 -0.0560337 -0.0192706 -0.998243 0.0560802 0.0191348 -0.998242 -0.0566635 0.0173612 -0.998242 0.0566249 -0.0174866 -0.998261 -0.0354752 0.047081 -0.998261 0.0353578 -0.0471692 -0.998291 -0.00101489 0.0584232 -0.998291 0.000870197 -0.0584254 -0.998322 0.0332314 0.0474216 -0.998322 -0.0333358 -0.0473484 -0.998341 0.0544386 0.0187422 -0.998341 -0.0544904 -0.0185906 -0.998342 0.055045 -0.0168481 -0.998342 -0.055002 0.0169878 -0.998323 0.0348206 -0.0462384 -0.998323 -0.034713 0.0463191 -0.998111 0.0200012 -0.0580804 -0.998115 -0.0198353 0.0580833 0.99808 0.0495159 0.0372181 0.995086 0.0791461 0.0594899 -3.45529e-07 0.799377 0.60083 0.998058 0.049799 0.0374294 0.994935 0.0803537 0.0603934 -0.00345001 0.799382 0.600813 -0.995081 0.0791918 0.0595187 -0.998146 0.0486613 0.0365716 -0.998166 0.0483871 0.0363693 -0.99522 0.0780677 0.0586789 0.00397535 0.799364 0.600834 -0.0038193 -0.999868 -0.0157755 0.994992 -0.0999421 -0.00157723 -1.53522e-06 -0.999876 -0.0157718 0.998058 -0.0622894 -0.000982698 0.998058 -0.0622892 -0.000982061 0.994994 -0.0999207 -0.00157681 0.00386271 -0.999868 -0.015773 -0.995163 -0.098223 -0.00154944 -0.998166 -0.0605233 -0.000955906 -0.998167 -0.0605057 -0.000954881 -0.995173 -0.0981243 -0.00154893 </float_array>
          <technique_common>
            <accessor count="44" offset="0" source="#meshId67-bitangents-array" stride="3">
              <param name="X" type="float" />
              <param name="Y" type="float" />
              <param name="Z" type="float" />
            </accessor>
          </technique_common>
        </source>
        <source id="meshId67-tex0" name="meshId67-tex0">
          <float_array id="meshId67-tex0-array" count="88"> 0.253176 0.574714 0.257021 0.574714 0.257024 0.617244 0.253179 0.617244 0.260866 0.574714 0.260869 0.617243 0.264711 0.574714 0.264714 0.617243 0.268556 0.574713 0.268559 0.617243 0.272401 0.574713 0.272404 0.617242 0.276246 0.574713 0.276249 0.617242 0.280091 0.574713 0.280094 0.617242 0.283936 0.574712 0.283939 0.617242 0.287781 0.574712 0.287784 0.617241 0.291626 0.574712 0.291629 0.617241 0.603082 0.222483 0.606193 0.224742 0.601217 0.228476 0.599236 0.222484 0.596126 0.224745 0.594939 0.228402 0.596128 0.232058 0.599239 0.234318 0.603084 0.234317 0.606194 0.232056 0.607382 0.228399 0.592824 0.228532 0.591636 0.232189 0.586604 0.228438 0.588526 0.23445 0.584681 0.234451 0.58157 0.232191 0.580381 0.228534 0.581568 0.224877 0.584678 0.222617 0.588524 0.222616 0.591635 0.224875 </float_array>
          <technique_common>
            <accessor count="44" offset="0" source="#meshId67-tex0-array" stride="2">
              <param name="S" type="float" />
              <param name="T" type="float" />
            </accessor>
          </technique_common>
        </source>
        <vertices id="meshId67-vertices">
          <input semantic="POSITION" source="#meshId67-positions" />
        </vertices>
        <polylist count="40" material="defaultMaterial">
          <input offset="0" semantic="VERTEX" source="#meshId67-vertices" />
          <input offset="0" semantic="NORMAL" source="#meshId67-normals" />
          <input offset="0" semantic="TANGENT" source="#meshId67-tangents" />
          <input offset="0" semantic="BINORMAL" source="#meshId67-bitangents" />
          <input offset="0" semantic="TEXCOORD" source="#meshId67-tex0" set="0" />
          <vcount>3 3 3 3 3 3 3 3 3 3 3 3 3 3 3 3 3 3 3 3 3 3 3 3 3 3 3 3 3 3 3 3 3 3 3 3 3 3 3 3 </vcount>
          <p>3 0 1 1 2 3 2 1 4 4 5 2 5 4 6 6 7 5 7 6 8 8 9 7 9 8 10 10 11 9 11 10 12 12 13 11 13 12 14 14 15 13 15 14 16 16 17 15 17 16 18 18 19 17 19 18 20 20 21 19 22 23 24 25 22 24 26 25 24 27 26 24 28 27 24 29 28 24 30 29 24 31 30 24 32 31 24 23 32 24 33 34 35 34 36 35 36 37 35 37 38 35 38 39 35 39 40 35 40 41 35 41 42 35 42 43 35 43 33 35 </p>
        </polylist>
      </mesh>
    </geometry>
    <geometry id="meshId68" name="meshId68_name" >
      <mesh>
        <source id="meshId68-positions" name="meshId68-positions">
          <float_array id="meshId68-positions-array" count="132"> -0.613413 -0.513438 -0.282682 -0.613413 -0.526215 -0.278755 -0.76126 -0.526215 -0.278755 -0.76126 -0.513438 -0.282682 -0.613413 -0.534244 -0.268068 -0.76126 -0.534244 -0.268068 -0.613413 -0.534458 -0.254703 -0.76126 -0.534458 -0.254703 -0.613413 -0.526775 -0.243765 -0.76126 -0.526775 -0.243765 -0.613413 -0.51413 -0.239432 -0.76126 -0.51413 -0.239432 -0.613413 -0.501353 -0.243358 -0.76126 -0.501353 -0.243358 -0.613413 -0.493324 -0.254045 -0.76126 -0.493324 -0.254045 -0.613413 -0.49311 -0.26741 -0.76126 -0.49311 -0.26741 -0.613413 -0.500793 -0.278348 -0.76126 -0.500793 -0.278348 -0.613413 -0.513438 -0.282682 -0.76126 -0.513438 -0.282682 -0.613413 -0.526215 -0.278755 -0.613413 -0.513438 -0.282682 -0.613413 -0.513454 -0.261057 -0.613413 -0.534244 -0.268068 -0.613413 -0.534458 -0.254703 -0.613413 -0.526775 -0.243765 -0.613413 -0.51413 -0.239432 -0.613413 -0.501353 -0.243358 -0.613413 -0.493324 -0.254045 -0.613413 -0.49311 -0.26741 -0.613413 -0.500793 -0.278348 -0.76126 -0.513438 -0.282682 -0.76126 -0.526215 -0.278755 -0.76126 -0.513454 -0.261057 -0.76126 -0.534244 -0.268068 -0.76126 -0.534458 -0.254703 -0.76126 -0.526775 -0.243765 -0.76126 -0.51413 -0.239432 -0.76126 -0.501353 -0.243358 -0.76126 -0.493324 -0.254045 -0.76126 -0.49311 -0.26741 -0.76126 -0.500793 -0.278348 </float_array>
          <technique_common>
            <accessor count="44" offset="0" source="#meshId68-positions-array" stride="3">
              <param name="X" type="float" />
              <param name="Y" type="float" />
              <param name="Z" type="float" />
            </accessor>
          </technique_common>
        </source>
        <source id="meshId68-normals" name="meshId68-normals">
          <float_array id="meshId68-normals-array" count="132"> 0.0584036 0.0159717 -0.998165 0.0589271 -0.573767 -0.816896 -0.0589271 -0.573767 -0.816896 -0.0584037 0.0159715 -0.998165 0.0592547 -0.944328 -0.323624 -0.0592547 -0.944328 -0.323624 0.0592634 -0.954199 0.293245 -0.0592634 -0.954199 0.293245 0.05895 -0.599609 0.798119 -0.05895 -0.599609 0.798119 0.058432 -0.0159716 0.998164 -0.0584319 -0.0159713 0.998164 0.0579063 0.573802 0.816945 -0.0579064 0.573802 0.816945 0.0575745 0.944421 0.323656 -0.0575744 0.944421 0.323656 0.0575657 0.954294 -0.293274 -0.0575657 0.954294 -0.293274 0.0578832 0.599647 -0.798169 -0.0578831 0.599647 -0.798169 0.0584036 0.0159717 -0.998165 -0.0584037 0.0159715 -0.998165 0.0589271 -0.573767 -0.816896 0.0584036 0.0159717 -0.998165 1 -2.53111e-07 2.39362e-07 0.0592547 -0.944328 -0.323624 0.0592634 -0.954199 0.293245 0.05895 -0.599609 0.798119 0.058432 -0.0159716 0.998164 0.0579063 0.573802 0.816945 0.0575745 0.944421 0.323656 0.0575657 0.954294 -0.293274 0.0578832 0.599647 -0.798169 -0.0584037 0.0159715 -0.998165 -0.0589271 -0.573767 -0.816896 -1 1.78373e-06 1.05796e-07 -0.0592547 -0.944328 -0.323624 -0.0592634 -0.954199 0.293245 -0.05895 -0.599609 0.798119 -0.0584319 -0.0159713 0.998164 -0.0579064 0.573802 0.816945 -0.0575744 0.944421 0.323656 -0.0575657 0.954294 -0.293274 -0.0578831 0.599647 -0.798169 </float_array>
          <technique_common>
            <accessor count="44" offset="0" source="#meshId68-normals-array" stride="3">
              <param name="X" type="float" />
              <param name="Y" type="float" />
              <param name="Z" type="float" />
            </accessor>
          </technique_common>
        </source>
        <source id="meshId68-tangents" name="meshId68-tangents">
          <float_array id="meshId68-tangents-array" count="132"> 0.0188763 -0.999711 -0.0148919 -8.06879e-05 -0.81832 0.574762 -6.56071e-05 -0.818316 0.574769 -0.019005 -0.999709 -0.0148842 -6.3945e-05 -0.324197 0.945989 -7.92978e-05 -0.324189 0.945992 -6.64469e-05 0.293757 0.95588 -8.16058e-05 0.293766 0.955877 -8.22988e-05 0.799506 0.600658 -6.25106e-05 0.799511 0.600651 -6.44978e-05 0.999872 0.0160027 -6.45288e-05 0.999872 0.0159949 -6.24626e-05 0.81832 -0.574763 -6.48934e-05 0.818316 -0.574769 -6.48183e-05 0.324197 -0.945989 -6.24847e-05 0.324191 -0.945992 -8.156e-05 -0.293757 -0.95588 -8.14832e-05 -0.293766 -0.955877 -8.14447e-05 -0.799506 -0.600658 -8.36251e-05 -0.799512 -0.60065 -0.0190061 -0.999673 -0.0171079 0.0188712 -0.999676 -0.0170999 -0.0190952 0.81752 -0.575583 -0.0799516 0.996735 0.0112707 3.43417e-07 0.600828 -0.799378 0.0192294 0.325213 -0.945445 0.0811911 -0.28818 -0.954128 0.998255 0.038179 -0.0450486 0.0799969 0.996732 0.0112656 0.0187688 0.817547 -0.575556 -0.0186871 0.325157 -0.945476 -0.0788916 -0.288494 -0.954226 -0.998316 0.0378433 -0.043968 0.998286 -0.00296619 -0.0584584 0.0807374 0.812898 -0.576783 -7.76531e-08 0.0157701 -0.999876 0.0192305 0.323054 -0.946185 -0.0192036 -0.292617 -0.956037 -0.0806957 -0.79403 -0.602498 -0.998283 -0.00309712 -0.0584876 -0.0793553 0.813083 -0.576714 -0.0186863 0.323118 -0.946174 0.0186561 -0.292681 -0.956028 0.0792484 -0.794226 -0.602432 </float_array>
          <technique_common>
            <accessor count="44" offset="0" source="#meshId68-tangents-array" stride="3">
              <param name="X" type="float" />
              <param name="Y" type="float" />
              <param name="Z" type="float" />
            </accessor>
          </technique_common>
        </source>
        <source id="meshId68-bitangents" name="meshId68-bitangents">
          <float_array id="meshId68-bitangents-array" count="132"> -0.998115 -0.0179719 -0.0586882 -0.998262 -0.0338032 -0.0482675 -0.998262 0.0339231 0.0481833 -0.998112 0.0181008 0.0586902 -0.998243 -0.0560337 -0.0192706 -0.998243 0.0560802 0.0191349 -0.998242 -0.0566682 0.0173457 -0.998242 0.0566247 -0.0174874 -0.998261 -0.0354744 0.0470815 -0.998261 0.0353585 -0.0471687 -0.998291 -0.00099945 0.0584234 -0.998291 0.000870201 -0.0584254 -0.998322 0.0332314 0.0474217 -0.998322 -0.0333358 -0.0473485 -0.998341 0.0544439 0.0187267 -0.998341 -0.0544851 -0.0186061 -0.998342 0.0550498 -0.0168325 -0.998342 -0.0550018 0.0169886 -0.998323 0.034833 -0.0462291 -0.998323 -0.0347007 0.0463284 -0.998112 0.0199704 -0.058081 -0.998115 -0.0198353 0.0580834 0.99808 0.0495162 0.0372179 0.995086 0.0791466 0.0594899 5.8516e-08 0.799378 0.600828 0.998058 0.049799 0.0374293 0.994935 0.0803538 0.0603939 -0.00345976 0.799382 0.600814 -0.995081 0.0791917 0.0595187 -0.998146 0.0486613 0.0365715 -0.998166 0.0483871 0.0363692 -0.99522 0.0780675 0.0586784 0.00384009 0.799369 0.600828 -0.00389442 -0.999868 -0.0157709 0.994992 -0.0999422 -0.00157724 -1.78517e-06 -0.999876 -0.0157701 0.998058 -0.0622894 -0.000982558 0.998058 -0.0622894 -0.000982534 0.994994 -0.099922 -0.00157775 0.00402556 -0.999868 -0.0157629 -0.995163 -0.0982243 -0.00154847 -0.998166 -0.0605233 -0.000955563 -0.998167 -0.0605057 -0.000954978 -0.995173 -0.0981242 -0.0015488 </float_array>
          <technique_common>
            <accessor count="44" offset="0" source="#meshId68-bitangents-array" stride="3">
              <param name="X" type="float" />
              <param name="Y" type="float" />
              <param name="Z" type="float" />
            </accessor>
          </technique_common>
        </source>
        <source id="meshId68-tex0" name="meshId68-tex0">
          <float_array id="meshId68-tex0-array" count="88"> 0.253176 0.574714 0.257021 0.574714 0.257024 0.617244 0.253179 0.617244 0.260866 0.574714 0.260869 0.617243 0.264711 0.574714 0.264714 0.617243 0.268556 0.574713 0.268559 0.617243 0.272401 0.574713 0.272404 0.617242 0.276246 0.574713 0.276249 0.617242 0.280091 0.574713 0.280094 0.617242 0.283936 0.574712 0.283939 0.617242 0.287781 0.574712 0.287784 0.617241 0.291626 0.574712 0.291629 0.617241 0.603081 0.222483 0.606193 0.224743 0.601217 0.228476 0.599236 0.222484 0.596126 0.224745 0.594939 0.228402 0.596128 0.232058 0.599239 0.234318 0.603084 0.234317 0.606194 0.232056 0.607382 0.228399 0.592824 0.228532 0.591636 0.232189 0.586604 0.228438 0.588526 0.23445 0.584681 0.23445 0.58157 0.232191 0.580381 0.228535 0.581568 0.224877 0.584678 0.222617 0.588524 0.222616 0.591635 0.224875 </float_array>
          <technique_common>
            <accessor count="44" offset="0" source="#meshId68-tex0-array" stride="2">
              <param name="S" type="float" />
              <param name="T" type="float" />
            </accessor>
          </technique_common>
        </source>
        <vertices id="meshId68-vertices">
          <input semantic="POSITION" source="#meshId68-positions" />
        </vertices>
        <polylist count="40" material="defaultMaterial">
          <input offset="0" semantic="VERTEX" source="#meshId68-vertices" />
          <input offset="0" semantic="NORMAL" source="#meshId68-normals" />
          <input offset="0" semantic="TANGENT" source="#meshId68-tangents" />
          <input offset="0" semantic="BINORMAL" source="#meshId68-bitangents" />
          <input offset="0" semantic="TEXCOORD" source="#meshId68-tex0" set="0" />
          <vcount>3 3 3 3 3 3 3 3 3 3 3 3 3 3 3 3 3 3 3 3 3 3 3 3 3 3 3 3 3 3 3 3 3 3 3 3 3 3 3 3 </vcount>
          <p>3 0 1 1 2 3 2 1 4 4 5 2 5 4 6 6 7 5 7 6 8 8 9 7 9 8 10 10 11 9 11 10 12 12 13 11 13 12 14 14 15 13 15 14 16 16 17 15 17 16 18 18 19 17 19 18 20 20 21 19 22 23 24 25 22 24 26 25 24 27 26 24 28 27 24 29 28 24 30 29 24 31 30 24 32 31 24 23 32 24 33 34 35 34 36 35 36 37 35 37 38 35 38 39 35 39 40 35 40 41 35 41 42 35 42 43 35 43 33 35 </p>
        </polylist>
      </mesh>
    </geometry>
    <geometry id="meshId69" name="meshId69_name" >
      <mesh>
        <source id="meshId69-positions" name="meshId69-positions">
          <float_array id="meshId69-positions-array" count="132"> -0.613413 -0.513438 -0.239223 -0.613413 -0.526215 -0.235296 -0.76126 -0.526215 -0.235296 -0.76126 -0.513438 -0.239223 -0.613413 -0.534244 -0.224609 -0.76126 -0.534244 -0.224609 -0.613413 -0.534458 -0.211244 -0.76126 -0.534458 -0.211244 -0.613413 -0.526775 -0.200306 -0.76126 -0.526775 -0.200306 -0.613413 -0.51413 -0.195972 -0.76126 -0.51413 -0.195972 -0.613413 -0.501353 -0.199899 -0.76126 -0.501353 -0.199899 -0.613413 -0.493324 -0.210586 -0.76126 -0.493324 -0.210586 -0.613413 -0.49311 -0.223951 -0.76126 -0.49311 -0.223951 -0.613413 -0.500793 -0.234889 -0.76126 -0.500793 -0.234889 -0.613413 -0.513438 -0.239223 -0.76126 -0.513438 -0.239223 -0.613413 -0.526215 -0.235296 -0.613413 -0.513438 -0.239223 -0.613413 -0.513454 -0.217597 -0.613413 -0.534244 -0.224609 -0.613413 -0.534458 -0.211244 -0.613413 -0.526775 -0.200306 -0.613413 -0.51413 -0.195972 -0.613413 -0.501353 -0.199899 -0.613413 -0.493324 -0.210586 -0.613413 -0.49311 -0.223951 -0.613413 -0.500793 -0.234889 -0.76126 -0.513438 -0.239223 -0.76126 -0.526215 -0.235296 -0.76126 -0.513454 -0.217597 -0.76126 -0.534244 -0.224609 -0.76126 -0.534458 -0.211244 -0.76126 -0.526775 -0.200306 -0.76126 -0.51413 -0.195972 -0.76126 -0.501353 -0.199899 -0.76126 -0.493324 -0.210586 -0.76126 -0.49311 -0.223951 -0.76126 -0.500793 -0.234889 </float_array>
          <technique_common>
            <accessor count="44" offset="0" source="#meshId69-positions-array" stride="3">
              <param name="X" type="float" />
              <param name="Y" type="float" />
              <param name="Z" type="float" />
            </accessor>
          </technique_common>
        </source>
        <source id="meshId69-normals" name="meshId69-normals">
          <float_array id="meshId69-normals-array" count="132"> 0.0584036 0.015972 -0.998165 0.0589271 -0.573768 -0.816896 -0.058927 -0.573768 -0.816896 -0.0584037 0.0159717 -0.998165 0.0592547 -0.944329 -0.323624 -0.0592547 -0.944328 -0.323624 0.0592635 -0.954199 0.293245 -0.0592634 -0.954199 0.293245 0.05895 -0.59961 0.798119 -0.05895 -0.599609 0.798119 0.058432 -0.0159718 0.998164 -0.0584319 -0.0159716 0.998164 0.0579063 0.573802 0.816944 -0.0579064 0.573802 0.816945 0.0575745 0.944421 0.323656 -0.0575745 0.944421 0.323656 0.0575656 0.954294 -0.293274 -0.0575657 0.954294 -0.293274 0.0578831 0.599647 -0.798169 -0.0578831 0.599647 -0.798169 0.0584036 0.015972 -0.998165 -0.0584037 0.0159717 -0.998165 0.0589271 -0.573768 -0.816896 0.0584036 0.015972 -0.998165 1 -7.58166e-07 2.39362e-07 0.0592547 -0.944329 -0.323624 0.0592635 -0.954199 0.293245 0.05895 -0.59961 0.798119 0.058432 -0.0159718 0.998164 0.0579063 0.573802 0.816944 0.0575745 0.944421 0.323656 0.0575656 0.954294 -0.293274 0.0578831 0.599647 -0.798169 -0.0584037 0.0159717 -0.998165 -0.058927 -0.573768 -0.816896 -1 7.55888e-07 1.05796e-07 -0.0592547 -0.944328 -0.323624 -0.0592634 -0.954199 0.293245 -0.05895 -0.599609 0.798119 -0.0584319 -0.0159716 0.998164 -0.0579064 0.573802 0.816945 -0.0575745 0.944421 0.323656 -0.0575657 0.954294 -0.293274 -0.0578831 0.599647 -0.798169 </float_array>
          <technique_common>
            <accessor count="44" offset="0" source="#meshId69-normals-array" stride="3">
              <param name="X" type="float" />
              <param name="Y" type="float" />
              <param name="Z" type="float" />
            </accessor>
          </technique_common>
        </source>
        <source id="meshId69-tangents" name="meshId69-tangents">
          <float_array id="meshId69-tangents-array" count="132"> 0.0188764 -0.999711 -0.0148923 -6.43498e-05 -0.81832 0.574763 -6.43574e-05 -0.818315 0.574769 -0.0190051 -0.999708 -0.0148844 -8.0668e-05 -0.324198 0.945989 -8.06241e-05 -0.324189 0.945992 -8.05736e-05 0.293757 0.95588 -8.07147e-05 0.293766 0.955877 -6.68934e-05 0.799507 0.600657 -6.24842e-05 0.799511 0.600651 -6.4523e-05 0.999872 0.0160029 -6.45247e-05 0.999872 0.0159951 -6.24497e-05 0.81832 -0.574763 -6.4918e-05 0.818316 -0.574769 -8.11021e-05 0.324198 -0.945989 -6.33983e-05 0.324191 -0.945992 -8.06786e-05 -0.293757 -0.95588 -8.06053e-05 -0.293766 -0.955877 -6.60619e-05 -0.799507 -0.600657 -8.35881e-05 -0.799512 -0.60065 -0.0190061 -0.999673 -0.0171083 0.0188713 -0.999676 -0.0171001 -0.0190956 0.81752 -0.575584 -0.0799536 0.996735 0.0112709 6.46868e-07 0.600828 -0.799379 0.0192298 0.325213 -0.945445 0.0811936 -0.28818 -0.954128 0.998254 0.0383712 -0.0449055 0.0799956 0.996732 0.0112659 0.0187689 0.817547 -0.575556 -0.0186865 0.325157 -0.945476 -0.0788895 -0.288494 -0.954226 -0.998317 0.0377377 -0.0440428 0.998287 -0.00263493 -0.0584533 0.0807362 0.812898 -0.576783 -9.38541e-08 0.0157809 -0.999875 0.0192298 0.323054 -0.946185 -0.0192036 -0.292617 -0.956037 -0.0806942 -0.79403 -0.602498 -0.998284 -0.00285546 -0.0584836 -0.0793541 0.813083 -0.576714 -0.0186852 0.323118 -0.946174 0.0186576 -0.292681 -0.956028 0.0792508 -0.794226 -0.602432 </float_array>
          <technique_common>
            <accessor count="44" offset="0" source="#meshId69-tangents-array" stride="3">
              <param name="X" type="float" />
              <param name="Y" type="float" />
              <param name="Z" type="float" />
            </accessor>
          </technique_common>
        </source>
        <source id="meshId69-bitangents" name="meshId69-bitangents">
          <float_array id="meshId69-bitangents-array" count="132"> -0.998115 -0.017972 -0.0586882 -0.998262 -0.0338165 -0.0482581 -0.998262 0.033922 0.048184 -0.998112 0.0181009 0.0586902 -0.998243 -0.0560282 -0.0192864 -0.998243 0.0560806 0.0191336 -0.998242 -0.0566724 0.0173321 -0.998242 0.0566249 -0.0174866 -0.998261 -0.0354621 0.0470908 -0.998261 0.0353585 -0.0471687 -0.998291 -0.000999484 0.0584234 -0.998291 0.00087022 -0.0584254 -0.998322 0.0332314 0.0474217 -0.998322 -0.0333358 -0.0473485 -0.998341 0.0544386 0.0187422 -0.998341 -0.0544855 -0.0186052 -0.998342 0.0550495 -0.0168333 -0.998342 -0.0550021 0.0169877 -0.998323 0.0348206 -0.0462383 -0.998324 -0.0347007 0.0463283 -0.998112 0.0199704 -0.058081 -0.998115 -0.0198353 0.0580834 0.99808 0.0495166 0.0372176 0.995086 0.0791486 0.05949 4.62247e-07 0.799379 0.600828 0.998058 0.0497988 0.0374297 0.994935 0.0803545 0.0603962 -0.003699 0.799372 0.600825 -0.995081 0.0791904 0.0595186 -0.998146 0.0486614 0.0365715 -0.998166 0.0483873 0.0363687 -0.99522 0.0780668 0.0586764 0.00371095 0.799374 0.600822 -0.00356369 -0.999869 -0.0157905 0.994992 -0.0999412 -0.00157787 -7.57464e-07 -0.999875 -0.0157809 0.998058 -0.0622891 -0.000983197 0.998058 -0.0622894 -0.000982514 0.994994 -0.0999209 -0.00157689 0.00378429 -0.999868 -0.0157773 -0.995163 -0.0982234 -0.00154918 -0.998166 -0.0605231 -0.000956614 -0.998167 -0.0605062 -0.000956381 -0.995173 -0.0981262 -0.00155027 </float_array>
          <technique_common>
            <accessor count="44" offset="0" source="#meshId69-bitangents-array" stride="3">
              <param name="X" type="float" />
              <param name="Y" type="float" />
              <param name="Z" type="float" />
            </accessor>
          </technique_common>
        </source>
        <source id="meshId69-tex0" name="meshId69-tex0">
          <float_array id="meshId69-tex0-array" count="88"> 0.253176 0.574714 0.257021 0.574714 0.257024 0.617244 0.253179 0.617244 0.260866 0.574714 0.260869 0.617243 0.264711 0.574714 0.264714 0.617243 0.268556 0.574713 0.268559 0.617243 0.272401 0.574713 0.272404 0.617242 0.276246 0.574713 0.276249 0.617242 0.280091 0.574713 0.280094 0.617242 0.283936 0.574712 0.283939 0.617242 0.287781 0.574712 0.287784 0.617241 0.291626 0.574712 0.291629 0.617241 0.603082 0.222483 0.606193 0.224742 0.601217 0.228476 0.599236 0.222484 0.596126 0.224745 0.594939 0.228402 0.596128 0.232058 0.599239 0.234318 0.603084 0.234317 0.606194 0.232056 0.607382 0.228399 0.592824 0.228532 0.591636 0.232189 0.586604 0.228438 0.588526 0.234449 0.584681 0.23445 0.58157 0.232191 0.580381 0.228534 0.581568 0.224877 0.584679 0.222617 0.588524 0.222616 0.591635 0.224875 </float_array>
          <technique_common>
            <accessor count="44" offset="0" source="#meshId69-tex0-array" stride="2">
              <param name="S" type="float" />
              <param name="T" type="float" />
            </accessor>
          </technique_common>
        </source>
        <vertices id="meshId69-vertices">
          <input semantic="POSITION" source="#meshId69-positions" />
        </vertices>
        <polylist count="40" material="defaultMaterial">
          <input offset="0" semantic="VERTEX" source="#meshId69-vertices" />
          <input offset="0" semantic="NORMAL" source="#meshId69-normals" />
          <input offset="0" semantic="TANGENT" source="#meshId69-tangents" />
          <input offset="0" semantic="BINORMAL" source="#meshId69-bitangents" />
          <input offset="0" semantic="TEXCOORD" source="#meshId69-tex0" set="0" />
          <vcount>3 3 3 3 3 3 3 3 3 3 3 3 3 3 3 3 3 3 3 3 3 3 3 3 3 3 3 3 3 3 3 3 3 3 3 3 3 3 3 3 </vcount>
          <p>3 0 1 1 2 3 2 1 4 4 5 2 5 4 6 6 7 5 7 6 8 8 9 7 9 8 10 10 11 9 11 10 12 12 13 11 13 12 14 14 15 13 15 14 16 16 17 15 17 16 18 18 19 17 19 18 20 20 21 19 22 23 24 25 22 24 26 25 24 27 26 24 28 27 24 29 28 24 30 29 24 31 30 24 32 31 24 23 32 24 33 34 35 34 36 35 36 37 35 37 38 35 38 39 35 39 40 35 40 41 35 41 42 35 42 43 35 43 33 35 </p>
        </polylist>
      </mesh>
    </geometry>
    <geometry id="meshId70" name="meshId70_name" >
      <mesh>
        <source id="meshId70-positions" name="meshId70-positions">
          <float_array id="meshId70-positions-array" count="132"> -0.613413 -0.513438 -0.195793 -0.613413 -0.526215 -0.191866 -0.76126 -0.526215 -0.191866 -0.76126 -0.513438 -0.195793 -0.613413 -0.534244 -0.181179 -0.76126 -0.534244 -0.181179 -0.613413 -0.534458 -0.167814 -0.76126 -0.534458 -0.167814 -0.613413 -0.526775 -0.156876 -0.76126 -0.526775 -0.156876 -0.613413 -0.51413 -0.152542 -0.76126 -0.51413 -0.152542 -0.613413 -0.501353 -0.156469 -0.76126 -0.501353 -0.156469 -0.613413 -0.493324 -0.167156 -0.76126 -0.493324 -0.167156 -0.613413 -0.49311 -0.180521 -0.76126 -0.49311 -0.180521 -0.613413 -0.500793 -0.191459 -0.76126 -0.500793 -0.191459 -0.613413 -0.513438 -0.195793 -0.76126 -0.513438 -0.195793 -0.613413 -0.526215 -0.191866 -0.613413 -0.513438 -0.195793 -0.613413 -0.513454 -0.174168 -0.613413 -0.534244 -0.181179 -0.613413 -0.534458 -0.167814 -0.613413 -0.526775 -0.156876 -0.613413 -0.51413 -0.152542 -0.613413 -0.501353 -0.156469 -0.613413 -0.493324 -0.167156 -0.613413 -0.49311 -0.180521 -0.613413 -0.500793 -0.191459 -0.76126 -0.513438 -0.195793 -0.76126 -0.526215 -0.191866 -0.76126 -0.513454 -0.174168 -0.76126 -0.534244 -0.181179 -0.76126 -0.534458 -0.167814 -0.76126 -0.526775 -0.156876 -0.76126 -0.51413 -0.152542 -0.76126 -0.501353 -0.156469 -0.76126 -0.493324 -0.167156 -0.76126 -0.49311 -0.180521 -0.76126 -0.500793 -0.191459 </float_array>
          <technique_common>
            <accessor count="44" offset="0" source="#meshId70-positions-array" stride="3">
              <param name="X" type="float" />
              <param name="Y" type="float" />
              <param name="Z" type="float" />
            </accessor>
          </technique_common>
        </source>
        <source id="meshId70-normals" name="meshId70-normals">
          <float_array id="meshId70-normals-array" count="132"> 0.0584035 0.0159724 -0.998165 0.0589271 -0.573768 -0.816896 -0.0589271 -0.573767 -0.816896 -0.0584036 0.0159724 -0.998165 0.0592547 -0.944329 -0.323624 -0.0592547 -0.944329 -0.323624 0.0592634 -0.954199 0.293245 -0.0592635 -0.954199 0.293245 0.05895 -0.599609 0.798119 -0.0589501 -0.599609 0.798119 0.0584319 -0.0159721 0.998164 -0.0584319 -0.0159721 0.998164 0.0579062 0.573802 0.816945 -0.0579065 0.573801 0.816945 0.0575744 0.944421 0.323656 -0.0575744 0.944421 0.323656 0.0575656 0.954294 -0.293274 -0.0575656 0.954294 -0.293274 0.0578831 0.599647 -0.798169 -0.057883 0.599647 -0.798169 0.0584035 0.0159724 -0.998165 -0.0584036 0.0159724 -0.998165 0.0589271 -0.573768 -0.816896 0.0584035 0.0159724 -0.998165 1 -5.14651e-07 2.39362e-07 0.0592547 -0.944329 -0.323624 0.0592634 -0.954199 0.293245 0.05895 -0.599609 0.798119 0.0584319 -0.0159721 0.998164 0.0579062 0.573802 0.816945 0.0575744 0.944421 0.323656 0.0575656 0.954294 -0.293274 0.0578831 0.599647 -0.798169 -0.0584036 0.0159724 -0.998165 -0.0589271 -0.573767 -0.816896 -1 1.02431e-06 1.05796e-07 -0.0592547 -0.944329 -0.323624 -0.0592635 -0.954199 0.293245 -0.0589501 -0.599609 0.798119 -0.0584319 -0.0159721 0.998164 -0.0579065 0.573801 0.816945 -0.0575744 0.944421 0.323656 -0.0575656 0.954294 -0.293274 -0.057883 0.599647 -0.798169 </float_array>
          <technique_common>
            <accessor count="44" offset="0" source="#meshId70-normals-array" stride="3">
              <param name="X" type="float" />
              <param name="Y" type="float" />
              <param name="Z" type="float" />
            </accessor>
          </technique_common>
        </source>
        <source id="meshId70-tangents" name="meshId70-tangents">
          <float_array id="meshId70-tangents-array" count="132"> 0.0188755 -0.999711 -0.0148927 -6.51982e-05 -0.81832 0.574763 -6.52187e-05 -0.818315 0.574769 -0.0190059 -0.999708 -0.014885 -6.52203e-05 -0.324197 0.94599 -8.01906e-05 -0.324189 0.945992 -6.55635e-05 0.293758 0.95588 -6.57029e-05 0.293765 0.955878 -8.23743e-05 0.799506 0.600658 -4.74709e-05 0.799511 0.600652 -6.36201e-05 0.999872 0.0160032 -7.90814e-05 0.999872 0.0159948 -4.79172e-05 0.818319 -0.574764 -8.12195e-05 0.818315 -0.57477 -8.11332e-05 0.324198 -0.945989 -6.33672e-05 0.324191 -0.945992 -8.06628e-05 -0.293757 -0.95588 -6.51952e-05 -0.293765 -0.955878 -6.51964e-05 -0.799507 -0.600657 -6.72714e-05 -0.799512 -0.600651 -0.0190061 -0.999673 -0.0171086 0.0188713 -0.999676 -0.0171008 -0.0190949 0.81752 -0.575584 -0.0799534 0.996735 0.0112713 5.00558e-07 0.600829 -0.799378 0.0192301 0.325213 -0.945445 0.0811917 -0.28818 -0.954128 0.998255 0.0382716 -0.0449767 0.0799968 0.996731 0.0112662 0.018769 0.817547 -0.575555 -0.0186869 0.325157 -0.945476 -0.0788912 -0.288494 -0.954226 -0.998316 0.0378564 -0.0439579 0.998287 -0.0025653 -0.0584514 0.0807353 0.812898 -0.576783 -8.9613e-08 0.0157861 -0.999875 0.0192299 0.323054 -0.946185 -0.0192035 -0.292617 -0.956037 -0.0806953 -0.794031 -0.602498 -0.998285 -0.00277788 -0.0584821 -0.0793522 0.813083 -0.576714 -0.0186847 0.323118 -0.946174 0.0186577 -0.292681 -0.956028 0.0792522 -0.794226 -0.602432 </float_array>
          <technique_common>
            <accessor count="44" offset="0" source="#meshId70-tangents-array" stride="3">
              <param name="X" type="float" />
              <param name="Y" type="float" />
              <param name="Z" type="float" />
            </accessor>
          </technique_common>
        </source>
        <source id="meshId70-bitangents" name="meshId70-bitangents">
          <float_array id="meshId70-bitangents-array" count="132"> -0.998115 -0.0179711 -0.0586881 -0.998262 -0.0338158 -0.0482586 -0.998262 0.0339228 0.0481835 -0.998112 0.0181017 0.0586902 -0.998243 -0.0560333 -0.0192718 -0.998243 0.0560805 0.019134 -0.998242 -0.0566679 0.0173465 -0.998242 0.0566294 -0.0174722 -0.998261 -0.0354745 0.0470815 -0.998261 0.0353706 -0.0471597 -0.998291 -0.000998599 0.0584234 -0.998291 0.000855669 -0.0584257 -0.998322 0.0332432 0.0474132 -0.998322 -0.0333492 -0.0473392 -0.998341 0.0544385 0.0187421 -0.998341 -0.0544854 -0.0186052 -0.998342 0.0550495 -0.0168333 -0.998342 -0.0550066 0.016973 -0.998323 0.0348199 -0.0462388 -0.998323 -0.0347138 0.0463185 -0.998112 0.0199705 -0.0580809 -0.998115 -0.0198354 0.0580833 0.99808 0.049516 0.037218 0.995086 0.0791484 0.0594899 2.67585e-07 0.799378 0.600829 0.998058 0.0497988 0.03743 0.994935 0.0803539 0.0603945 -0.00357679 0.799377 0.600819 -0.995081 0.0791916 0.0595186 -0.998146 0.0486615 0.0365713 -0.998166 0.0483871 0.036369 -0.99522 0.0780673 0.058678 0.00385661 0.799369 0.600828 -0.00349421 -0.999869 -0.0157952 0.994992 -0.0999405 -0.0015784 -1.02586e-06 -0.999875 -0.0157861 0.998058 -0.0622892 -0.000983119 0.998058 -0.0622894 -0.000982463 0.994994 -0.0999218 -0.0015775 0.00370686 -0.999869 -0.0157823 -0.995163 -0.0982218 -0.00155042 -0.998166 -0.0605228 -0.000957126 -0.998167 -0.0605062 -0.000956554 -0.995173 -0.0981272 -0.00155108 </float_array>
          <technique_common>
            <accessor count="44" offset="0" source="#meshId70-bitangents-array" stride="3">
              <param name="X" type="float" />
              <param name="Y" type="float" />
              <param name="Z" type="float" />
            </accessor>
          </technique_common>
        </source>
        <source id="meshId70-tex0" name="meshId70-tex0">
          <float_array id="meshId70-tex0-array" count="88"> 0.253176 0.574714 0.257021 0.574714 0.257024 0.617244 0.253179 0.617244 0.260866 0.574714 0.260869 0.617243 0.264711 0.574714 0.264714 0.617243 0.268556 0.574713 0.268559 0.617243 0.272401 0.574713 0.272404 0.617243 0.276246 0.574713 0.276249 0.617242 0.280091 0.574713 0.280094 0.617242 0.283936 0.574712 0.283939 0.617242 0.287781 0.574712 0.287784 0.617242 0.291626 0.574712 0.291629 0.617241 0.603081 0.222483 0.606193 0.224743 0.601217 0.228476 0.599236 0.222484 0.596126 0.224745 0.594939 0.228402 0.596128 0.232058 0.599239 0.234318 0.603084 0.234317 0.606194 0.232056 0.607382 0.228399 0.592824 0.228532 0.591636 0.232189 0.586604 0.228438 0.588526 0.234449 0.584681 0.23445 0.58157 0.232191 0.580381 0.228534 0.581568 0.224877 0.584679 0.222617 0.588524 0.222616 0.591635 0.224875 </float_array>
          <technique_common>
            <accessor count="44" offset="0" source="#meshId70-tex0-array" stride="2">
              <param name="S" type="float" />
              <param name="T" type="float" />
            </accessor>
          </technique_common>
        </source>
        <vertices id="meshId70-vertices">
          <input semantic="POSITION" source="#meshId70-positions" />
        </vertices>
        <polylist count="40" material="defaultMaterial">
          <input offset="0" semantic="VERTEX" source="#meshId70-vertices" />
          <input offset="0" semantic="NORMAL" source="#meshId70-normals" />
          <input offset="0" semantic="TANGENT" source="#meshId70-tangents" />
          <input offset="0" semantic="BINORMAL" source="#meshId70-bitangents" />
          <input offset="0" semantic="TEXCOORD" source="#meshId70-tex0" set="0" />
          <vcount>3 3 3 3 3 3 3 3 3 3 3 3 3 3 3 3 3 3 3 3 3 3 3 3 3 3 3 3 3 3 3 3 3 3 3 3 3 3 3 3 </vcount>
          <p>3 0 1 1 2 3 2 1 4 4 5 2 5 4 6 6 7 5 7 6 8 8 9 7 9 8 10 10 11 9 11 10 12 12 13 11 13 12 14 14 15 13 15 14 16 16 17 15 17 16 18 18 19 17 19 18 20 20 21 19 22 23 24 25 22 24 26 25 24 27 26 24 28 27 24 29 28 24 30 29 24 31 30 24 32 31 24 23 32 24 33 34 35 34 36 35 36 37 35 37 38 35 38 39 35 39 40 35 40 41 35 41 42 35 42 43 35 43 33 35 </p>
        </polylist>
      </mesh>
    </geometry>
    <geometry id="meshId71" name="meshId71_name" >
      <mesh>
        <source id="meshId71-positions" name="meshId71-positions">
          <float_array id="meshId71-positions-array" count="132"> -0.613413 -0.477558 -0.217454 -0.613413 -0.490335 -0.213528 -0.76126 -0.490335 -0.213528 -0.76126 -0.477558 -0.217454 -0.613413 -0.498364 -0.202841 -0.76126 -0.498364 -0.202841 -0.613413 -0.498578 -0.189476 -0.76126 -0.498578 -0.189476 -0.613413 -0.490895 -0.178537 -0.76126 -0.490895 -0.178537 -0.613413 -0.47825 -0.174204 -0.76126 -0.47825 -0.174204 -0.613413 -0.465473 -0.178131 -0.76126 -0.465473 -0.178131 -0.613413 -0.457444 -0.188817 -0.76126 -0.457444 -0.188817 -0.613413 -0.45723 -0.202183 -0.76126 -0.45723 -0.202183 -0.613413 -0.464913 -0.213121 -0.76126 -0.464913 -0.213121 -0.613413 -0.477558 -0.217454 -0.76126 -0.477558 -0.217454 -0.613413 -0.490335 -0.213528 -0.613413 -0.477558 -0.217454 -0.613413 -0.477574 -0.195829 -0.613413 -0.498364 -0.202841 -0.613413 -0.498578 -0.189476 -0.613413 -0.490895 -0.178537 -0.613413 -0.47825 -0.174204 -0.613413 -0.465473 -0.178131 -0.613413 -0.457444 -0.188817 -0.613413 -0.45723 -0.202183 -0.613413 -0.464913 -0.213121 -0.76126 -0.477558 -0.217454 -0.76126 -0.490335 -0.213528 -0.76126 -0.477574 -0.195829 -0.76126 -0.498364 -0.202841 -0.76126 -0.498578 -0.189476 -0.76126 -0.490895 -0.178537 -0.76126 -0.47825 -0.174204 -0.76126 -0.465473 -0.178131 -0.76126 -0.457444 -0.188817 -0.76126 -0.45723 -0.202183 -0.76126 -0.464913 -0.213121 </float_array>
          <technique_common>
            <accessor count="44" offset="0" source="#meshId71-positions-array" stride="3">
              <param name="X" type="float" />
              <param name="Y" type="float" />
              <param name="Z" type="float" />
            </accessor>
          </technique_common>
        </source>
        <source id="meshId71-normals" name="meshId71-normals">
          <float_array id="meshId71-normals-array" count="132"> 0.0584036 0.015972 -0.998165 0.0589271 -0.573768 -0.816896 -0.058927 -0.573768 -0.816896 -0.0584037 0.0159719 -0.998165 0.0592547 -0.944328 -0.323624 -0.0592547 -0.944329 -0.323624 0.0592634 -0.954199 0.293245 -0.0592635 -0.954199 0.293245 0.05895 -0.599609 0.798119 -0.05895 -0.599609 0.798119 0.0584319 -0.015972 0.998164 -0.0584318 -0.0159722 0.998164 0.0579063 0.573802 0.816945 -0.0579064 0.573802 0.816945 0.0575745 0.944421 0.323656 -0.0575744 0.944421 0.323657 0.0575657 0.954294 -0.293274 -0.0575657 0.954294 -0.293274 0.0578831 0.599647 -0.798169 -0.0578831 0.599647 -0.798169 0.0584036 0.015972 -0.998165 -0.0584037 0.0159719 -0.998165 0.0589271 -0.573768 -0.816896 0.0584036 0.015972 -0.998165 1 2.61412e-07 2.39362e-07 0.0592547 -0.944328 -0.323624 0.0592634 -0.954199 0.293245 0.05895 -0.599609 0.798119 0.0584319 -0.015972 0.998164 0.0579063 0.573802 0.816945 0.0575745 0.944421 0.323656 0.0575657 0.954294 -0.293274 0.0578831 0.599647 -0.798169 -0.0584037 0.0159719 -0.998165 -0.058927 -0.573768 -0.816896 -1 7.60866e-07 1.05796e-07 -0.0592547 -0.944329 -0.323624 -0.0592635 -0.954199 0.293245 -0.05895 -0.599609 0.798119 -0.0584318 -0.0159722 0.998164 -0.0579064 0.573802 0.816945 -0.0575744 0.944421 0.323657 -0.0575657 0.954294 -0.293274 -0.0578831 0.599647 -0.798169 </float_array>
          <technique_common>
            <accessor count="44" offset="0" source="#meshId71-normals-array" stride="3">
              <param name="X" type="float" />
              <param name="Y" type="float" />
              <param name="Z" type="float" />
            </accessor>
          </technique_common>
        </source>
        <source id="meshId71-tangents" name="meshId71-tangents">
          <float_array id="meshId71-tangents-array" count="132"> 0.0188763 -0.999711 -0.0148923 -8.15719e-05 -0.81832 0.574762 -6.64947e-05 -0.818315 0.57477 -0.0190358 -0.999708 -0.0148827 -7.94115e-05 -0.324198 0.945989 -6.38302e-05 -0.32419 0.945992 -6.57e-05 0.293758 0.95588 -8.05759e-05 0.293766 0.955877 -8.32444e-05 0.799506 0.600658 -6.33279e-05 0.799511 0.600651 -6.36435e-05 0.999872 0.0160031 -7.90825e-05 0.999872 0.0159949 -4.78938e-05 0.818319 -0.574764 -8.12424e-05 0.818315 -0.57477 -8.08882e-05 0.324198 -0.945989 -6.36122e-05 0.324191 -0.945992 -8.05896e-05 -0.293757 -0.95588 -6.52703e-05 -0.293765 -0.955878 -6.52509e-05 -0.799507 -0.600657 -6.72116e-05 -0.799512 -0.600651 -0.0190062 -0.999673 -0.0171082 0.0188713 -0.999676 -0.0171002 -0.0190952 0.81752 -0.575584 -0.0799523 0.996735 0.011271 3.42775e-08 0.600827 -0.799379 0.0192297 0.325213 -0.945445 0.0811925 -0.28818 -0.954128 0.998254 0.0383241 -0.0449404 0.0799961 0.996732 0.0112661 0.0187689 0.817547 -0.575556 -0.0186862 0.325157 -0.945476 -0.078889 -0.288494 -0.954226 -0.998316 0.0378136 -0.043988 0.998286 -0.00283338 -0.0584564 0.0807371 0.812898 -0.576783 -9.37777e-08 0.0157777 -0.999876 0.0192295 0.323054 -0.946185 -0.0192041 -0.292617 -0.956037 -0.0806947 -0.79403 -0.602498 -0.998284 -0.00289468 -0.0584837 -0.0793526 0.813083 -0.576714 -0.0186857 0.323118 -0.946174 0.0186562 -0.292682 -0.956028 0.0792498 -0.794226 -0.602432 </float_array>
          <technique_common>
            <accessor count="44" offset="0" source="#meshId71-tangents-array" stride="3">
              <param name="X" type="float" />
              <param name="Y" type="float" />
              <param name="Z" type="float" />
            </accessor>
          </technique_common>
        </source>
        <source id="meshId71-bitangents" name="meshId71-bitangents">
          <float_array id="meshId71-bitangents-array" count="132"> -0.998115 -0.0179719 -0.0586882 -0.998262 -0.0338024 -0.048268 -0.998262 0.0339238 0.0481827 -0.998111 0.0181317 0.0586907 -0.998243 -0.0560286 -0.0192853 -0.998243 0.0560752 0.0191495 -0.998242 -0.056668 0.0173464 -0.998242 0.056625 -0.0174865 -0.998261 -0.0354752 0.047081 -0.998261 0.0353578 -0.0471692 -0.998291 -0.000998617 0.0584234 -0.998291 0.000855673 -0.0584256 -0.998322 0.0332433 0.0474133 -0.998322 -0.0333492 -0.047339 -0.998341 0.0544386 0.018742 -0.998341 -0.0544855 -0.018605 -0.998342 0.0550495 -0.0168334 -0.998342 -0.0550066 0.0169731 -0.998323 0.03482 -0.0462388 -0.998323 -0.0347139 0.0463185 -0.998112 0.0199705 -0.0580809 -0.998115 -0.0198354 0.0580833 0.99808 0.0495163 0.0372178 0.995086 0.0791473 0.0594899 -3.52782e-07 0.799379 0.600827 0.998058 0.0497989 0.0374296 0.994935 0.0803542 0.0603952 -0.00364049 0.799375 0.600822 -0.995081 0.0791909 0.0595186 -0.998146 0.0486614 0.0365715 -0.998166 0.0483873 0.0363684 -0.99522 0.0780668 0.0586759 0.00380434 0.799371 0.600826 -0.00376184 -0.999868 -0.015779 0.994992 -0.0999419 -0.00157733 -7.6244e-07 -0.999876 -0.0157777 0.998058 -0.0622891 -0.000983501 0.998058 -0.0622896 -0.000983046 0.994994 -0.0999213 -0.00157721 0.00382347 -0.999868 -0.0157756 -0.995163 -0.0982221 -0.00155006 -0.998166 -0.0605232 -0.000956129 -0.998167 -0.0605058 -0.000955079 -0.995173 -0.0981253 -0.00154957 </float_array>
          <technique_common>
            <accessor count="44" offset="0" source="#meshId71-bitangents-array" stride="3">
              <param name="X" type="float" />
              <param name="Y" type="float" />
              <param name="Z" type="float" />
            </accessor>
          </technique_common>
        </source>
        <source id="meshId71-tex0" name="meshId71-tex0">
          <float_array id="meshId71-tex0-array" count="88"> 0.253176 0.574714 0.257021 0.574714 0.257024 0.617243 0.253179 0.617244 0.260866 0.574714 0.260869 0.617243 0.264711 0.574714 0.264714 0.617243 0.268556 0.574713 0.268559 0.617243 0.272401 0.574713 0.272404 0.617242 0.276246 0.574713 0.276249 0.617242 0.280091 0.574713 0.280094 0.617242 0.283936 0.574712 0.283939 0.617242 0.287781 0.574712 0.287784 0.617241 0.291626 0.574712 0.291629 0.617241 0.603082 0.222483 0.606193 0.224742 0.601217 0.228476 0.599236 0.222484 0.596126 0.224745 0.594939 0.228402 0.596128 0.232058 0.599239 0.234318 0.603084 0.234317 0.606194 0.232056 0.607382 0.228399 0.592824 0.228532 0.591636 0.232189 0.586604 0.228438 0.588526 0.23445 0.584681 0.23445 0.58157 0.232191 0.580381 0.228534 0.581568 0.224877 0.584678 0.222617 0.588524 0.222616 0.591635 0.224875 </float_array>
          <technique_common>
            <accessor count="44" offset="0" source="#meshId71-tex0-array" stride="2">
              <param name="S" type="float" />
              <param name="T" type="float" />
            </accessor>
          </technique_common>
        </source>
        <vertices id="meshId71-vertices">
          <input semantic="POSITION" source="#meshId71-positions" />
        </vertices>
        <polylist count="40" material="defaultMaterial">
          <input offset="0" semantic="VERTEX" source="#meshId71-vertices" />
          <input offset="0" semantic="NORMAL" source="#meshId71-normals" />
          <input offset="0" semantic="TANGENT" source="#meshId71-tangents" />
          <input offset="0" semantic="BINORMAL" source="#meshId71-bitangents" />
          <input offset="0" semantic="TEXCOORD" source="#meshId71-tex0" set="0" />
          <vcount>3 3 3 3 3 3 3 3 3 3 3 3 3 3 3 3 3 3 3 3 3 3 3 3 3 3 3 3 3 3 3 3 3 3 3 3 3 3 3 3 </vcount>
          <p>3 0 1 1 2 3 2 1 4 4 5 2 5 4 6 6 7 5 7 6 8 8 9 7 9 8 10 10 11 9 11 10 12 12 13 11 13 12 14 14 15 13 15 14 16 16 17 15 17 16 18 18 19 17 19 18 20 20 21 19 22 23 24 25 22 24 26 25 24 27 26 24 28 27 24 29 28 24 30 29 24 31 30 24 32 31 24 23 32 24 33 34 35 34 36 35 36 37 35 37 38 35 38 39 35 39 40 35 40 41 35 41 42 35 42 43 35 43 33 35 </p>
        </polylist>
      </mesh>
    </geometry>
    <geometry id="meshId72" name="meshId72_name" >
      <mesh>
        <source id="meshId72-positions" name="meshId72-positions">
          <float_array id="meshId72-positions-array" count="132"> -0.613413 -0.477558 -0.260884 -0.613413 -0.490335 -0.256957 -0.76126 -0.490335 -0.256957 -0.76126 -0.477558 -0.260884 -0.613413 -0.498364 -0.246271 -0.76126 -0.498364 -0.246271 -0.613413 -0.498578 -0.232906 -0.76126 -0.498578 -0.232906 -0.613413 -0.490895 -0.221967 -0.76126 -0.490895 -0.221967 -0.613413 -0.47825 -0.217634 -0.76126 -0.47825 -0.217634 -0.613413 -0.465473 -0.22156 -0.76126 -0.465473 -0.22156 -0.613413 -0.457444 -0.232247 -0.76126 -0.457444 -0.232247 -0.613413 -0.45723 -0.245612 -0.76126 -0.45723 -0.245612 -0.613413 -0.464913 -0.256551 -0.76126 -0.464913 -0.256551 -0.613413 -0.477558 -0.260884 -0.76126 -0.477558 -0.260884 -0.613413 -0.490335 -0.256957 -0.613413 -0.477558 -0.260884 -0.613413 -0.477574 -0.239259 -0.613413 -0.498364 -0.246271 -0.613413 -0.498578 -0.232906 -0.613413 -0.490895 -0.221967 -0.613413 -0.47825 -0.217634 -0.613413 -0.465473 -0.22156 -0.613413 -0.457444 -0.232247 -0.613413 -0.45723 -0.245612 -0.613413 -0.464913 -0.256551 -0.76126 -0.477558 -0.260884 -0.76126 -0.490335 -0.256957 -0.76126 -0.477574 -0.239259 -0.76126 -0.498364 -0.246271 -0.76126 -0.498578 -0.232906 -0.76126 -0.490895 -0.221967 -0.76126 -0.47825 -0.217634 -0.76126 -0.465473 -0.22156 -0.76126 -0.457444 -0.232247 -0.76126 -0.45723 -0.245612 -0.76126 -0.464913 -0.256551 </float_array>
          <technique_common>
            <accessor count="44" offset="0" source="#meshId72-positions-array" stride="3">
              <param name="X" type="float" />
              <param name="Y" type="float" />
              <param name="Z" type="float" />
            </accessor>
          </technique_common>
        </source>
        <source id="meshId72-normals" name="meshId72-normals">
          <float_array id="meshId72-normals-array" count="132"> 0.0584036 0.015972 -0.998165 0.0589271 -0.573768 -0.816896 -0.0589271 -0.573768 -0.816896 -0.0584037 0.0159719 -0.998165 0.0592547 -0.944328 -0.323624 -0.0592547 -0.944328 -0.323624 0.0592634 -0.954199 0.293245 -0.0592634 -0.954199 0.293245 0.05895 -0.599609 0.798119 -0.0589501 -0.599609 0.798119 0.058432 -0.015972 0.998164 -0.0584319 -0.015972 0.998164 0.0579063 0.573802 0.816945 -0.0579064 0.573802 0.816945 0.0575745 0.944421 0.323656 -0.0575745 0.944421 0.323657 0.0575656 0.954294 -0.293274 -0.0575656 0.954294 -0.293274 0.0578831 0.599647 -0.798169 -0.057883 0.599647 -0.798169 0.0584036 0.015972 -0.998165 -0.0584037 0.0159719 -0.998165 0.0589271 -0.573768 -0.816896 0.0584036 0.015972 -0.998165 1 6.3834e-07 2.39362e-07 0.0592547 -0.944328 -0.323624 0.0592634 -0.954199 0.293245 0.05895 -0.599609 0.798119 0.058432 -0.015972 0.998164 0.0579063 0.573802 0.816945 0.0575745 0.944421 0.323656 0.0575656 0.954294 -0.293274 0.0578831 0.599647 -0.798169 -0.0584037 0.0159719 -0.998165 -0.0589271 -0.573768 -0.816896 -1 1.27005e-06 1.05795e-07 -0.0592547 -0.944328 -0.323624 -0.0592634 -0.954199 0.293245 -0.0589501 -0.599609 0.798119 -0.0584319 -0.015972 0.998164 -0.0579064 0.573802 0.816945 -0.0575745 0.944421 0.323657 -0.0575656 0.954294 -0.293274 -0.057883 0.599647 -0.798169 </float_array>
          <technique_common>
            <accessor count="44" offset="0" source="#meshId72-normals-array" stride="3">
              <param name="X" type="float" />
              <param name="Y" type="float" />
              <param name="Z" type="float" />
            </accessor>
          </technique_common>
        </source>
        <source id="meshId72-tangents" name="meshId72-tangents">
          <float_array id="meshId72-tangents-array" count="132"> 0.0188763 -0.999711 -0.0148923 -6.43674e-05 -0.81832 0.574763 -7.97634e-05 -0.818315 0.57477 -0.019005 -0.999709 -0.0148845 -6.52906e-05 -0.324197 0.945989 -8.05772e-05 -0.324189 0.945992 -6.44036e-05 0.293758 0.95588 -6.42875e-05 0.293765 0.955878 -8.32168e-05 0.799506 0.600658 -6.33466e-05 0.799511 0.600651 -6.40367e-05 0.999872 0.0160031 -6.36945e-05 0.999872 0.0159956 -6.37406e-05 0.81832 -0.574763 -8.12242e-05 0.818315 -0.57477 -8.09158e-05 0.324198 -0.945989 -7.90029e-05 0.32419 -0.945992 -6.51355e-05 -0.293758 -0.95588 -6.52978e-05 -0.293765 -0.955878 -6.52667e-05 -0.799507 -0.600657 -6.7201e-05 -0.799512 -0.60065 -0.0190063 -0.999673 -0.0171082 0.0188714 -0.999676 -0.0171002 -0.0190953 0.81752 -0.575584 -0.0799524 0.996735 0.011271 -1.92193e-07 0.600829 -0.799378 0.0192296 0.325213 -0.945445 0.0811924 -0.28818 -0.954128 0.998254 0.0383129 -0.0449499 0.0799961 0.996732 0.0112661 0.0187688 0.817547 -0.575556 -0.0186868 0.325157 -0.945476 -0.0788906 -0.288494 -0.954226 -0.998316 0.0378221 -0.0439816 0.998287 -0.00266646 -0.0584534 0.0807367 0.812898 -0.576783 -8.57361e-08 0.0157836 -0.999875 0.0192293 0.323054 -0.946185 -0.0192043 -0.292617 -0.956037 -0.0806957 -0.79403 -0.602498 -0.998285 -0.00264768 -0.05848 -0.0793526 0.813083 -0.576714 -0.0186856 0.323118 -0.946174 0.018657 -0.292682 -0.956028 0.0792508 -0.794226 -0.602432 </float_array>
          <technique_common>
            <accessor count="44" offset="0" source="#meshId72-tangents-array" stride="3">
              <param name="X" type="float" />
              <param name="Y" type="float" />
              <param name="Z" type="float" />
            </accessor>
          </technique_common>
        </source>
        <source id="meshId72-bitangents" name="meshId72-bitangents">
          <float_array id="meshId72-bitangents-array" count="132"> -0.998115 -0.0179719 -0.0586882 -0.998262 -0.0338165 -0.0482581 -0.998262 0.0339347 0.0481751 -0.998112 0.0181008 0.0586902 -0.998243 -0.0560332 -0.0192719 -0.998243 0.0560806 0.0191336 -0.998242 -0.0566676 0.0173476 -0.998242 0.0566297 -0.0174709 -0.998261 -0.0354752 0.047081 -0.998261 0.0353578 -0.0471692 -0.998291 -0.000999013 0.0584235 -0.998291 0.000871078 -0.0584254 -0.998322 0.0332303 0.0474224 -0.998322 -0.0333492 -0.0473391 -0.998341 0.0544387 0.018742 -0.998341 -0.0544905 -0.0185905 -0.998342 0.0550449 -0.0168482 -0.998342 -0.0550065 0.0169731 -0.998323 0.03482 -0.0462388 -0.998323 -0.0347138 0.0463185 -0.998112 0.0199706 -0.058081 -0.998115 -0.0198354 0.0580833 0.99808 0.0495163 0.0372178 0.995086 0.0791474 0.0594899 -6.5409e-07 0.799378 0.600829 0.998058 0.0497989 0.0374295 0.994935 0.0803542 0.0603951 -0.00362589 0.799375 0.600821 -0.995081 0.0791909 0.0595187 -0.998146 0.0486614 0.0365716 -0.998166 0.0483872 0.036369 -0.99522 0.0780672 0.0586774 0.00381504 0.799371 0.600826 -0.00359518 -0.999869 -0.0157888 0.994992 -0.0999416 -0.00157759 -1.27156e-06 -0.999875 -0.0157836 0.998058 -0.062289 -0.000983667 0.998058 -0.0622896 -0.00098324 0.994994 -0.0999221 -0.00157775 0.00357686 -0.999869 -0.0157899 -0.995163 -0.0982221 -0.00155012 -0.998166 -0.0605232 -0.000956245 -0.998167 -0.060506 -0.000955848 -0.995173 -0.0981261 -0.00155024 </float_array>
          <technique_common>
            <accessor count="44" offset="0" source="#meshId72-bitangents-array" stride="3">
              <param name="X" type="float" />
              <param name="Y" type="float" />
              <param name="Z" type="float" />
            </accessor>
          </technique_common>
        </source>
        <source id="meshId72-tex0" name="meshId72-tex0">
          <float_array id="meshId72-tex0-array" count="88"> 0.253176 0.574714 0.257021 0.574714 0.257024 0.617244 0.253179 0.617244 0.260866 0.574714 0.260869 0.617243 0.264711 0.574714 0.264714 0.617243 0.268556 0.574713 0.268559 0.617243 0.272401 0.574713 0.272404 0.617242 0.276246 0.574713 0.276249 0.617242 0.280091 0.574713 0.280094 0.617242 0.283936 0.574712 0.283939 0.617242 0.287781 0.574712 0.287784 0.617241 0.291626 0.574712 0.291629 0.617241 0.603082 0.222483 0.606193 0.224742 0.601217 0.228476 0.599236 0.222484 0.596126 0.224745 0.594939 0.228402 0.596128 0.232058 0.599239 0.234318 0.603084 0.234317 0.606194 0.232056 0.607382 0.228399 0.592824 0.228532 0.591636 0.232189 0.586604 0.228438 0.588526 0.23445 0.584681 0.23445 0.58157 0.232191 0.580381 0.228534 0.581568 0.224877 0.584678 0.222617 0.588524 0.222616 0.591635 0.224875 </float_array>
          <technique_common>
            <accessor count="44" offset="0" source="#meshId72-tex0-array" stride="2">
              <param name="S" type="float" />
              <param name="T" type="float" />
            </accessor>
          </technique_common>
        </source>
        <vertices id="meshId72-vertices">
          <input semantic="POSITION" source="#meshId72-positions" />
        </vertices>
        <polylist count="40" material="defaultMaterial">
          <input offset="0" semantic="VERTEX" source="#meshId72-vertices" />
          <input offset="0" semantic="NORMAL" source="#meshId72-normals" />
          <input offset="0" semantic="TANGENT" source="#meshId72-tangents" />
          <input offset="0" semantic="BINORMAL" source="#meshId72-bitangents" />
          <input offset="0" semantic="TEXCOORD" source="#meshId72-tex0" set="0" />
          <vcount>3 3 3 3 3 3 3 3 3 3 3 3 3 3 3 3 3 3 3 3 3 3 3 3 3 3 3 3 3 3 3 3 3 3 3 3 3 3 3 3 </vcount>
          <p>3 0 1 1 2 3 2 1 4 4 5 2 5 4 6 6 7 5 7 6 8 8 9 7 9 8 10 10 11 9 11 10 12 12 13 11 13 12 14 14 15 13 15 14 16 16 17 15 17 16 18 18 19 17 19 18 20 20 21 19 22 23 24 25 22 24 26 25 24 27 26 24 28 27 24 29 28 24 30 29 24 31 30 24 32 31 24 23 32 24 33 34 35 34 36 35 36 37 35 37 38 35 38 39 35 39 40 35 40 41 35 41 42 35 42 43 35 43 33 35 </p>
        </polylist>
      </mesh>
    </geometry>
    <geometry id="meshId73" name="meshId73_name" >
      <mesh>
        <source id="meshId73-positions" name="meshId73-positions">
          <float_array id="meshId73-positions-array" count="132"> -0.613413 -0.477558 -0.304343 -0.613413 -0.490335 -0.300417 -0.76126 -0.490335 -0.300417 -0.76126 -0.477558 -0.304343 -0.613413 -0.498364 -0.28973 -0.76126 -0.498364 -0.28973 -0.613413 -0.498578 -0.276365 -0.76126 -0.498578 -0.276365 -0.613413 -0.490895 -0.265427 -0.76126 -0.490895 -0.265427 -0.613413 -0.47825 -0.261093 -0.76126 -0.47825 -0.261093 -0.613413 -0.465473 -0.26502 -0.76126 -0.465473 -0.26502 -0.613413 -0.457444 -0.275707 -0.76126 -0.457444 -0.275707 -0.613413 -0.45723 -0.289072 -0.76126 -0.45723 -0.289072 -0.613413 -0.464913 -0.30001 -0.76126 -0.464913 -0.30001 -0.613413 -0.477558 -0.304343 -0.76126 -0.477558 -0.304343 -0.613413 -0.490335 -0.300417 -0.613413 -0.477558 -0.304343 -0.613413 -0.477574 -0.282718 -0.613413 -0.498364 -0.28973 -0.613413 -0.498578 -0.276365 -0.613413 -0.490895 -0.265427 -0.613413 -0.47825 -0.261093 -0.613413 -0.465473 -0.26502 -0.613413 -0.457444 -0.275707 -0.613413 -0.45723 -0.289072 -0.613413 -0.464913 -0.30001 -0.76126 -0.477558 -0.304343 -0.76126 -0.490335 -0.300417 -0.76126 -0.477574 -0.282718 -0.76126 -0.498364 -0.28973 -0.76126 -0.498578 -0.276365 -0.76126 -0.490895 -0.265427 -0.76126 -0.47825 -0.261093 -0.76126 -0.465473 -0.26502 -0.76126 -0.457444 -0.275707 -0.76126 -0.45723 -0.289072 -0.76126 -0.464913 -0.30001 </float_array>
          <technique_common>
            <accessor count="44" offset="0" source="#meshId73-positions-array" stride="3">
              <param name="X" type="float" />
              <param name="Y" type="float" />
              <param name="Z" type="float" />
            </accessor>
          </technique_common>
        </source>
        <source id="meshId73-normals" name="meshId73-normals">
          <float_array id="meshId73-normals-array" count="132"> 0.0584036 0.015972 -0.998165 0.0589271 -0.573768 -0.816895 -0.0589271 -0.573768 -0.816896 -0.0584037 0.0159717 -0.998165 0.0592547 -0.944328 -0.323624 -0.0592547 -0.944329 -0.323624 0.0592634 -0.954199 0.293245 -0.0592635 -0.954199 0.293245 0.05895 -0.599609 0.798119 -0.0589501 -0.599609 0.798119 0.058432 -0.015972 0.998164 -0.0584319 -0.015972 0.998164 0.0579062 0.573802 0.816944 -0.0579064 0.573802 0.816945 0.0575745 0.944421 0.323656 -0.0575744 0.944421 0.323656 0.0575657 0.954294 -0.293274 -0.0575657 0.954294 -0.293274 0.0578831 0.599647 -0.798169 -0.0578831 0.599647 -0.798169 0.0584036 0.015972 -0.998165 -0.0584037 0.0159717 -0.998165 0.0589271 -0.573768 -0.816895 0.0584036 0.015972 -0.998165 1 7.18611e-09 2.39362e-07 0.0592547 -0.944328 -0.323624 0.0592634 -0.954199 0.293245 0.05895 -0.599609 0.798119 0.058432 -0.015972 0.998164 0.0579062 0.573802 0.816944 0.0575745 0.944421 0.323656 0.0575657 0.954294 -0.293274 0.0578831 0.599647 -0.798169 -0.0584037 0.0159717 -0.998165 -0.0589271 -0.573768 -0.816896 -1 7.55889e-07 1.05795e-07 -0.0592547 -0.944329 -0.323624 -0.0592635 -0.954199 0.293245 -0.0589501 -0.599609 0.798119 -0.0584319 -0.015972 0.998164 -0.0579064 0.573802 0.816945 -0.0575744 0.944421 0.323656 -0.0575657 0.954294 -0.293274 -0.0578831 0.599647 -0.798169 </float_array>
          <technique_common>
            <accessor count="44" offset="0" source="#meshId73-normals-array" stride="3">
              <param name="X" type="float" />
              <param name="Y" type="float" />
              <param name="Z" type="float" />
            </accessor>
          </technique_common>
        </source>
        <source id="meshId73-tangents" name="meshId73-tangents">
          <float_array id="meshId73-tangents-array" count="132"> 0.0188763 -0.999711 -0.0148923 -6.43733e-05 -0.81832 0.574763 -6.43323e-05 -0.818315 0.57477 -0.019005 -0.999708 -0.0148844 -6.4406e-05 -0.324197 0.945989 -7.96997e-05 -0.324189 0.945992 -8.16322e-05 0.293757 0.95588 -6.64111e-05 0.293765 0.955878 -8.15436e-05 0.799506 0.600658 -6.19429e-05 0.799511 0.600651 -6.53714e-05 0.999872 0.0160032 -8.08579e-05 0.999872 0.0159946 -6.24333e-05 0.81832 -0.574764 -6.49426e-05 0.818316 -0.574769 -6.4615e-05 0.324197 -0.945989 -6.26957e-05 0.324191 -0.945992 -8.14908e-05 -0.293757 -0.95588 -8.15577e-05 -0.293766 -0.955877 -8.15385e-05 -0.799506 -0.600658 -8.35272e-05 -0.799512 -0.60065 -0.0190061 -0.999673 -0.0171083 0.0188712 -0.999676 -0.0171001 -0.0190949 0.81752 -0.575584 -0.0799532 0.996735 0.0112709 1.87023e-07 0.600829 -0.799377 0.0192301 0.325213 -0.945445 0.0811924 -0.288181 -0.954128 0.998254 0.0383085 -0.0449514 0.0799952 0.996732 0.0112661 0.0187684 0.817547 -0.575556 -0.0186864 0.325157 -0.945476 -0.0788897 -0.288494 -0.954226 -0.998316 0.037808 -0.0439904 0.998287 -0.00266486 -0.0584534 0.0807353 0.812898 -0.576783 -9.38539e-08 0.0157805 -0.999875 0.0192294 0.323054 -0.946185 -0.0192039 -0.292617 -0.956037 -0.0806949 -0.794031 -0.602498 -0.998284 -0.00289582 -0.0584836 -0.0793541 0.813083 -0.576714 -0.0186855 0.323118 -0.946174 0.018657 -0.292682 -0.956028 0.0792503 -0.794227 -0.602431 </float_array>
          <technique_common>
            <accessor count="44" offset="0" source="#meshId73-tangents-array" stride="3">
              <param name="X" type="float" />
              <param name="Y" type="float" />
              <param name="Z" type="float" />
            </accessor>
          </technique_common>
        </source>
        <source id="meshId73-bitangents" name="meshId73-bitangents">
          <float_array id="meshId73-bitangents-array" count="132"> -0.998115 -0.0179719 -0.0586882 -0.998262 -0.0338165 -0.0482581 -0.998262 0.0339221 0.048184 -0.998112 0.0181008 0.0586902 -0.998243 -0.0560335 -0.019271 -0.998243 0.0560803 0.0191345 -0.998242 -0.0566727 0.0173311 -0.998242 0.0566291 -0.0174729 -0.998261 -0.0354738 0.047082 -0.998261 0.035359 -0.0471684 -0.998291 -0.00100035 0.0584234 -0.998291 0.000853887 -0.0584257 -0.998322 0.0332314 0.0474216 -0.998322 -0.0333358 -0.0473484 -0.998341 0.054444 0.0187265 -0.998341 -0.0544852 -0.0186059 -0.998342 0.0550498 -0.0168325 -0.998342 -0.0550018 0.0169887 -0.998323 0.034833 -0.046229 -0.998323 -0.0347008 0.0463283 -0.998112 0.0199704 -0.0580809 -0.998115 -0.0198353 0.0580833 0.99808 0.049516 0.037218 0.995086 0.0791483 0.0594899 -1.4956e-07 0.799377 0.600829 0.998058 0.0497988 0.03743 0.994935 0.0803542 0.0603951 -0.00362143 0.799375 0.600821 -0.995081 0.07919 0.0595187 -0.998146 0.048661 0.0365717 -0.998166 0.0483873 0.0363686 -0.99522 0.078067 0.0586766 0.00379849 0.799371 0.600826 -0.00359357 -0.999869 -0.0157887 0.994992 -0.0999405 -0.0015784 -7.57464e-07 -0.999875 -0.0157805 0.998058 -0.0622891 -0.00098359 0.998058 -0.0622895 -0.000982823 0.994994 -0.0999214 -0.00157725 0.0038246 -0.999868 -0.0157754 -0.995163 -0.0982233 -0.00154914 -0.998166 -0.0605231 -0.000956317 -0.998167 -0.060506 -0.000955824 -0.995173 -0.0981257 -0.0015499 </float_array>
          <technique_common>
            <accessor count="44" offset="0" source="#meshId73-bitangents-array" stride="3">
              <param name="X" type="float" />
              <param name="Y" type="float" />
              <param name="Z" type="float" />
            </accessor>
          </technique_common>
        </source>
        <source id="meshId73-tex0" name="meshId73-tex0">
          <float_array id="meshId73-tex0-array" count="88"> 0.253176 0.574714 0.257021 0.574714 0.257024 0.617244 0.253179 0.617244 0.260866 0.574714 0.260869 0.617243 0.264711 0.574714 0.264714 0.617243 0.268556 0.574713 0.268559 0.617243 0.272401 0.574713 0.272404 0.617242 0.276246 0.574713 0.276249 0.617242 0.280091 0.574713 0.280094 0.617242 0.283936 0.574712 0.283939 0.617242 0.287781 0.574712 0.287784 0.617241 0.291626 0.574712 0.291629 0.617241 0.603081 0.222483 0.606193 0.224742 0.601217 0.228476 0.599236 0.222484 0.596126 0.224745 0.594939 0.228402 0.596128 0.232058 0.599239 0.234318 0.603084 0.234317 0.606194 0.232056 0.607382 0.228399 0.592824 0.228532 0.591636 0.232189 0.586604 0.228438 0.588526 0.23445 0.584681 0.23445 0.58157 0.232191 0.580381 0.228534 0.581568 0.224877 0.584679 0.222617 0.588524 0.222616 0.591635 0.224875 </float_array>
          <technique_common>
            <accessor count="44" offset="0" source="#meshId73-tex0-array" stride="2">
              <param name="S" type="float" />
              <param name="T" type="float" />
            </accessor>
          </technique_common>
        </source>
        <vertices id="meshId73-vertices">
          <input semantic="POSITION" source="#meshId73-positions" />
        </vertices>
        <polylist count="40" material="defaultMaterial">
          <input offset="0" semantic="VERTEX" source="#meshId73-vertices" />
          <input offset="0" semantic="NORMAL" source="#meshId73-normals" />
          <input offset="0" semantic="TANGENT" source="#meshId73-tangents" />
          <input offset="0" semantic="BINORMAL" source="#meshId73-bitangents" />
          <input offset="0" semantic="TEXCOORD" source="#meshId73-tex0" set="0" />
          <vcount>3 3 3 3 3 3 3 3 3 3 3 3 3 3 3 3 3 3 3 3 3 3 3 3 3 3 3 3 3 3 3 3 3 3 3 3 3 3 3 3 </vcount>
          <p>3 0 1 1 2 3 2 1 4 4 5 2 5 4 6 6 7 5 7 6 8 8 9 7 9 8 10 10 11 9 11 10 12 12 13 11 13 12 14 14 15 13 15 14 16 16 17 15 17 16 18 18 19 17 19 18 20 20 21 19 22 23 24 25 22 24 26 25 24 27 26 24 28 27 24 29 28 24 30 29 24 31 30 24 32 31 24 23 32 24 33 34 35 34 36 35 36 37 35 37 38 35 38 39 35 39 40 35 40 41 35 41 42 35 42 43 35 43 33 35 </p>
        </polylist>
      </mesh>
    </geometry>
    <geometry id="meshId74" name="meshId74_name" >
      <mesh>
        <source id="meshId74-positions" name="meshId74-positions">
          <float_array id="meshId74-positions-array" count="132"> -0.613413 -0.477558 -0.34803 -0.613413 -0.490335 -0.344104 -0.76126 -0.490335 -0.344104 -0.76126 -0.477558 -0.34803 -0.613413 -0.498364 -0.333417 -0.76126 -0.498364 -0.333417 -0.613413 -0.498578 -0.320052 -0.76126 -0.498578 -0.320052 -0.613413 -0.490895 -0.309114 -0.76126 -0.490895 -0.309114 -0.613413 -0.47825 -0.30478 -0.76126 -0.47825 -0.30478 -0.613413 -0.465473 -0.308707 -0.76126 -0.465473 -0.308707 -0.613413 -0.457444 -0.319394 -0.76126 -0.457444 -0.319394 -0.613413 -0.45723 -0.332759 -0.76126 -0.45723 -0.332759 -0.613413 -0.464913 -0.343697 -0.76126 -0.464913 -0.343697 -0.613413 -0.477558 -0.34803 -0.76126 -0.477558 -0.34803 -0.613413 -0.490335 -0.344104 -0.613413 -0.477558 -0.34803 -0.613413 -0.477574 -0.326405 -0.613413 -0.498364 -0.333417 -0.613413 -0.498578 -0.320052 -0.613413 -0.490895 -0.309114 -0.613413 -0.47825 -0.30478 -0.613413 -0.465473 -0.308707 -0.613413 -0.457444 -0.319394 -0.613413 -0.45723 -0.332759 -0.613413 -0.464913 -0.343697 -0.76126 -0.477558 -0.34803 -0.76126 -0.490335 -0.344104 -0.76126 -0.477574 -0.326405 -0.76126 -0.498364 -0.333417 -0.76126 -0.498578 -0.320052 -0.76126 -0.490895 -0.309114 -0.76126 -0.47825 -0.30478 -0.76126 -0.465473 -0.308707 -0.76126 -0.457444 -0.319394 -0.76126 -0.45723 -0.332759 -0.76126 -0.464913 -0.343697 </float_array>
          <technique_common>
            <accessor count="44" offset="0" source="#meshId74-positions-array" stride="3">
              <param name="X" type="float" />
              <param name="Y" type="float" />
              <param name="Z" type="float" />
            </accessor>
          </technique_common>
        </source>
        <source id="meshId74-normals" name="meshId74-normals">
          <float_array id="meshId74-normals-array" count="132"> 0.0584036 0.015972 -0.998165 0.0589271 -0.573768 -0.816896 -0.0589271 -0.573768 -0.816896 -0.0584037 0.0159719 -0.998165 0.0592547 -0.944328 -0.323624 -0.0592547 -0.944328 -0.323624 0.0592634 -0.954199 0.293245 -0.0592635 -0.954199 0.293245 0.05895 -0.599609 0.798119 -0.05895 -0.599609 0.798119 0.058432 -0.0159718 0.998164 -0.0584319 -0.0159718 0.998164 0.0579063 0.573802 0.816944 -0.0579064 0.573802 0.816945 0.0575745 0.944421 0.323656 -0.0575744 0.944421 0.323657 0.0575657 0.954294 -0.293274 -0.0575657 0.954294 -0.293274 0.0578831 0.599647 -0.798169 -0.0578831 0.599647 -0.798169 0.0584036 0.015972 -0.998165 -0.0584037 0.0159719 -0.998165 0.0589271 -0.573768 -0.816896 0.0584036 0.015972 -0.998165 1 1.30053e-07 2.39362e-07 0.0592547 -0.944328 -0.323624 0.0592634 -0.954199 0.293245 0.05895 -0.599609 0.798119 0.058432 -0.0159718 0.998164 0.0579063 0.573802 0.816944 0.0575745 0.944421 0.323656 0.0575657 0.954294 -0.293274 0.0578831 0.599647 -0.798169 -0.0584037 0.0159719 -0.998165 -0.0589271 -0.573768 -0.816896 -1 1.80194e-06 1.05795e-07 -0.0592547 -0.944328 -0.323624 -0.0592635 -0.954199 0.293245 -0.05895 -0.599609 0.798119 -0.0584319 -0.0159718 0.998164 -0.0579064 0.573802 0.816945 -0.0575744 0.944421 0.323657 -0.0575657 0.954294 -0.293274 -0.0578831 0.599647 -0.798169 </float_array>
          <technique_common>
            <accessor count="44" offset="0" source="#meshId74-normals-array" stride="3">
              <param name="X" type="float" />
              <param name="Y" type="float" />
              <param name="Z" type="float" />
            </accessor>
          </technique_common>
        </source>
        <source id="meshId74-tangents" name="meshId74-tangents">
          <float_array id="meshId74-tangents-array" count="132"> 0.0188764 -0.999711 -0.0148923 -8.02121e-05 -0.81832 0.574763 -4.9804e-05 -0.818316 0.574769 -0.0189751 -0.999709 -0.0148864 -6.44231e-05 -0.324197 0.94599 -7.92234e-05 -0.324189 0.945992 -5.0315e-05 0.293758 0.95588 -8.05425e-05 0.293766 0.955877 -8.32918e-05 0.799506 0.600658 -6.32746e-05 0.799511 0.600651 -7.99193e-05 0.999872 0.0160039 -7.99638e-05 0.999872 0.0159945 -6.33193e-05 0.81832 -0.574763 -8.12406e-05 0.818315 -0.57477 -8.09158e-05 0.324198 -0.945989 -6.35835e-05 0.324191 -0.945992 -6.42694e-05 -0.293758 -0.95588 -6.44105e-05 -0.293765 -0.955878 -4.985e-05 -0.799507 -0.600656 -6.72028e-05 -0.799512 -0.60065 -0.0190063 -0.999673 -0.0171082 0.0188714 -0.999676 -0.0171003 -0.0190958 0.81752 -0.575584 -0.079954 0.996735 0.0112708 1.13201e-07 0.600829 -0.799378 0.0192299 0.325213 -0.945445 0.0811931 -0.28818 -0.954128 0.998254 0.0383089 -0.0449488 0.0799964 0.996732 0.0112659 0.0187685 0.817547 -0.575556 -0.0186872 0.325157 -0.945475 -0.0788903 -0.288495 -0.954226 -0.998316 0.0378242 -0.0439799 0.998287 -0.002667 -0.0584534 0.0807353 0.812898 -0.576784 -7.73444e-08 0.0157817 -0.999875 0.0192294 0.323054 -0.946185 -0.0192039 -0.292617 -0.956037 -0.0806952 -0.794031 -0.602498 -0.998285 -0.00281151 -0.0584826 -0.0793542 0.813083 -0.576714 -0.0186856 0.323118 -0.946174 0.0186573 -0.292682 -0.956028 0.0792505 -0.794226 -0.602432 </float_array>
          <technique_common>
            <accessor count="44" offset="0" source="#meshId74-tangents-array" stride="3">
              <param name="X" type="float" />
              <param name="Y" type="float" />
              <param name="Z" type="float" />
            </accessor>
          </technique_common>
        </source>
        <source id="meshId74-bitangents" name="meshId74-bitangents">
          <float_array id="meshId74-bitangents-array" count="132"> -0.998115 -0.017972 -0.0586882 -0.998262 -0.0338036 -0.0482672 -0.998262 0.0339101 0.0481924 -0.998113 0.0180709 0.0586898 -0.998243 -0.0560335 -0.0192711 -0.998243 0.0560802 0.0191349 -0.998242 -0.0566635 0.0173611 -0.998242 0.056625 -0.0174864 -0.998261 -0.0354752 0.0470809 -0.998261 0.0353579 -0.0471692 -0.998291 -0.00101491 0.0584232 -0.998291 0.000854771 -0.0584257 -0.998322 0.0332307 0.0474222 -0.998322 -0.0333492 -0.047339 -0.998341 0.0544387 0.018742 -0.998341 -0.0544855 -0.0186051 -0.998342 0.0550447 -0.016849 -0.998342 -0.0550068 0.0169722 -0.998323 0.0348076 -0.0462481 -0.998323 -0.0347138 0.0463185 -0.998112 0.0199706 -0.058081 -0.998115 -0.0198354 0.0580833 0.99808 0.0495168 0.0372175 0.995086 0.0791491 0.0594899 -2.47777e-07 0.799378 0.600829 0.998058 0.0497989 0.0374297 0.994935 0.0803544 0.0603958 -0.00362335 0.799375 0.600821 -0.995081 0.0791912 0.0595187 -0.998146 0.0486611 0.0365717 -0.998166 0.048387 0.0363693 -0.99522 0.0780671 0.0586771 0.00381766 0.799371 0.600826 -0.00359572 -0.999869 -0.0157888 0.994992 -0.0999405 -0.0015784 -1.80338e-06 -0.999875 -0.0157817 0.998058 -0.062289 -0.00098359 0.998058 -0.0622895 -0.000982821 0.994994 -0.0999217 -0.00157746 0.00374042 -0.999869 -0.0157802 -0.995163 -0.0982234 -0.00154908 -0.998166 -0.0605231 -0.000956289 -0.998167 -0.0605061 -0.000956146 -0.995173 -0.0981259 -0.00155003 </float_array>
          <technique_common>
            <accessor count="44" offset="0" source="#meshId74-bitangents-array" stride="3">
              <param name="X" type="float" />
              <param name="Y" type="float" />
              <param name="Z" type="float" />
            </accessor>
          </technique_common>
        </source>
        <source id="meshId74-tex0" name="meshId74-tex0">
          <float_array id="meshId74-tex0-array" count="88"> 0.253176 0.574714 0.257021 0.574714 0.257024 0.617244 0.253179 0.617244 0.260866 0.574714 0.260869 0.617243 0.264711 0.574714 0.264714 0.617243 0.268556 0.574713 0.268559 0.617243 0.272401 0.574713 0.272404 0.617243 0.276246 0.574713 0.276249 0.617242 0.280091 0.574713 0.280094 0.617242 0.283936 0.574712 0.283939 0.617242 0.287781 0.574712 0.287784 0.617242 0.291626 0.574712 0.291629 0.617241 0.603082 0.222483 0.606193 0.224743 0.601217 0.228476 0.599236 0.222484 0.596126 0.224745 0.594939 0.228402 0.596128 0.232058 0.599239 0.234318 0.603084 0.234317 0.606194 0.232056 0.607382 0.228399 0.592824 0.228532 0.591636 0.232189 0.586604 0.228438 0.588526 0.23445 0.584681 0.23445 0.58157 0.232191 0.580381 0.228534 0.581568 0.224877 0.584678 0.222617 0.588524 0.222616 0.591635 0.224875 </float_array>
          <technique_common>
            <accessor count="44" offset="0" source="#meshId74-tex0-array" stride="2">
              <param name="S" type="float" />
              <param name="T" type="float" />
            </accessor>
          </technique_common>
        </source>
        <vertices id="meshId74-vertices">
          <input semantic="POSITION" source="#meshId74-positions" />
        </vertices>
        <polylist count="40" material="defaultMaterial">
          <input offset="0" semantic="VERTEX" source="#meshId74-vertices" />
          <input offset="0" semantic="NORMAL" source="#meshId74-normals" />
          <input offset="0" semantic="TANGENT" source="#meshId74-tangents" />
          <input offset="0" semantic="BINORMAL" source="#meshId74-bitangents" />
          <input offset="0" semantic="TEXCOORD" source="#meshId74-tex0" set="0" />
          <vcount>3 3 3 3 3 3 3 3 3 3 3 3 3 3 3 3 3 3 3 3 3 3 3 3 3 3 3 3 3 3 3 3 3 3 3 3 3 3 3 3 </vcount>
          <p>3 0 1 1 2 3 2 1 4 4 5 2 5 4 6 6 7 5 7 6 8 8 9 7 9 8 10 10 11 9 11 10 12 12 13 11 13 12 14 14 15 13 15 14 16 16 17 15 17 16 18 18 19 17 19 18 20 20 21 19 22 23 24 25 22 24 26 25 24 27 26 24 28 27 24 29 28 24 30 29 24 31 30 24 32 31 24 23 32 24 33 34 35 34 36 35 36 37 35 37 38 35 38 39 35 39 40 35 40 41 35 41 42 35 42 43 35 43 33 35 </p>
        </polylist>
      </mesh>
    </geometry>
    <geometry id="meshId75" name="meshId75_name" >
      <mesh>
        <source id="meshId75-positions" name="meshId75-positions">
          <float_array id="meshId75-positions-array" count="132"> -0.613413 -0.442282 -0.238858 -0.613413 -0.455059 -0.234932 -0.76126 -0.455059 -0.234932 -0.76126 -0.442282 -0.238858 -0.613413 -0.463088 -0.224245 -0.76126 -0.463088 -0.224245 -0.613413 -0.463302 -0.21088 -0.76126 -0.463302 -0.21088 -0.613413 -0.455619 -0.199942 -0.76126 -0.455619 -0.199942 -0.613413 -0.442974 -0.195608 -0.76126 -0.442974 -0.195608 -0.613413 -0.430197 -0.199535 -0.76126 -0.430197 -0.199535 -0.613413 -0.422168 -0.210222 -0.76126 -0.422168 -0.210222 -0.613413 -0.421955 -0.223587 -0.76126 -0.421955 -0.223587 -0.613413 -0.429637 -0.234525 -0.76126 -0.429637 -0.234525 -0.613413 -0.442282 -0.238858 -0.76126 -0.442282 -0.238858 -0.613413 -0.455059 -0.234932 -0.613413 -0.442282 -0.238858 -0.613413 -0.442298 -0.217233 -0.613413 -0.463088 -0.224245 -0.613413 -0.463302 -0.21088 -0.613413 -0.455619 -0.199942 -0.613413 -0.442974 -0.195608 -0.613413 -0.430197 -0.199535 -0.613413 -0.422168 -0.210222 -0.613413 -0.421955 -0.223587 -0.613413 -0.429637 -0.234525 -0.76126 -0.442282 -0.238858 -0.76126 -0.455059 -0.234932 -0.76126 -0.442298 -0.217233 -0.76126 -0.463088 -0.224245 -0.76126 -0.463302 -0.21088 -0.76126 -0.455619 -0.199942 -0.76126 -0.442974 -0.195608 -0.76126 -0.430197 -0.199535 -0.76126 -0.422168 -0.210222 -0.76126 -0.421955 -0.223587 -0.76126 -0.429637 -0.234525 </float_array>
          <technique_common>
            <accessor count="44" offset="0" source="#meshId75-positions-array" stride="3">
              <param name="X" type="float" />
              <param name="Y" type="float" />
              <param name="Z" type="float" />
            </accessor>
          </technique_common>
        </source>
        <source id="meshId75-normals" name="meshId75-normals">
          <float_array id="meshId75-normals-array" count="132"> 0.0584036 0.015972 -0.998165 0.0589271 -0.573768 -0.816896 -0.0589271 -0.573768 -0.816896 -0.0584036 0.0159717 -0.998165 0.0592547 -0.944329 -0.323624 -0.0592547 -0.944329 -0.323624 0.0592635 -0.954199 0.293245 -0.0592635 -0.954199 0.293245 0.05895 -0.599609 0.798119 -0.0589501 -0.599609 0.798119 0.0584319 -0.015972 0.998164 -0.0584318 -0.015972 0.998164 0.0579063 0.573802 0.816944 -0.0579064 0.573802 0.816944 0.0575745 0.944421 0.323656 -0.0575744 0.944421 0.323656 0.0575657 0.954294 -0.293274 -0.0575656 0.954294 -0.293274 0.0578831 0.599647 -0.798169 -0.0578831 0.599646 -0.798169 0.0584036 0.015972 -0.998165 -0.0584036 0.0159717 -0.998165 0.0589271 -0.573768 -0.816896 0.0584036 0.015972 -0.998165 1 -2.50386e-07 2.39362e-07 0.0592547 -0.944329 -0.323624 0.0592635 -0.954199 0.293245 0.05895 -0.599609 0.798119 0.0584319 -0.015972 0.998164 0.0579063 0.573802 0.816944 0.0575745 0.944421 0.323656 0.0575657 0.954294 -0.293274 0.0578831 0.599647 -0.798169 -0.0584036 0.0159717 -0.998165 -0.0589271 -0.573768 -0.816896 -1 7.55889e-07 1.05795e-07 -0.0592547 -0.944329 -0.323624 -0.0592635 -0.954199 0.293245 -0.0589501 -0.599609 0.798119 -0.0584318 -0.015972 0.998164 -0.0579064 0.573802 0.816944 -0.0575744 0.944421 0.323656 -0.0575656 0.954294 -0.293274 -0.0578831 0.599646 -0.798169 </float_array>
          <technique_common>
            <accessor count="44" offset="0" source="#meshId75-normals-array" stride="3">
              <param name="X" type="float" />
              <param name="Y" type="float" />
              <param name="Z" type="float" />
            </accessor>
          </technique_common>
        </source>
        <source id="meshId75-tangents" name="meshId75-tangents">
          <float_array id="meshId75-tangents-array" count="132"> 0.0188438 -0.999711 -0.0148941 -7.97722e-05 -0.81832 0.574762 -6.43522e-05 -0.818315 0.574769 -0.0190069 -0.999708 -0.0148843 -6.4334e-05 -0.324197 0.94599 -7.97764e-05 -0.324189 0.945992 -6.51716e-05 0.293757 0.95588 -8.07106e-05 0.293766 0.955877 -6.69667e-05 0.799507 0.600657 -6.28246e-05 0.799511 0.600651 -8.0828e-05 0.999872 0.0160041 -6.58682e-05 0.999872 0.0159955 -7.78577e-05 0.81832 -0.574763 -6.49355e-05 0.818315 -0.574769 -6.4673e-05 0.324197 -0.945989 -6.26359e-05 0.324191 -0.945992 -6.51947e-05 -0.293757 -0.95588 -8.06616e-05 -0.293765 -0.955877 -8.24168e-05 -0.799506 -0.600658 -8.44266e-05 -0.799512 -0.60065 -0.019037 -0.999672 -0.01711 0.0188713 -0.999676 -0.0171001 -0.0190953 0.81752 -0.575584 -0.0799523 0.996735 0.011271 3.41779e-07 0.600829 -0.799378 0.0192295 0.325213 -0.945445 0.0811924 -0.28818 -0.954128 0.998254 0.0383154 -0.0449469 0.0799959 0.996732 0.0112661 0.0187688 0.817547 -0.575556 -0.0186867 0.325157 -0.945476 -0.0788907 -0.288494 -0.954226 -0.998316 0.0378262 -0.0439789 0.998287 -0.00263408 -0.0584534 0.0807386 0.812897 -0.576783 -9.38526e-08 0.0157821 -0.999875 0.0192304 0.323054 -0.946185 -0.0192044 -0.292617 -0.956037 -0.0806976 -0.79403 -0.602498 -0.998285 -0.00255969 -0.0584786 -0.0793514 0.813083 -0.576714 -0.0186853 0.323118 -0.946174 0.0186563 -0.292681 -0.956028 0.0792495 -0.794227 -0.602432 </float_array>
          <technique_common>
            <accessor count="44" offset="0" source="#meshId75-tangents-array" stride="3">
              <param name="X" type="float" />
              <param name="Y" type="float" />
              <param name="Z" type="float" />
            </accessor>
          </technique_common>
        </source>
        <source id="meshId75-bitangents" name="meshId75-bitangents">
          <float_array id="meshId75-bitangents-array" count="132"> -0.998115 -0.0179394 -0.0586877 -0.998262 -0.0338039 -0.048267 -0.998262 0.0339221 0.048184 -0.998112 0.0181027 0.0586902 -0.998243 -0.0560335 -0.019271 -0.998243 0.0560803 0.0191344 -0.998242 -0.0566679 0.0173469 -0.998242 0.056625 -0.0174866 -0.998261 -0.0354622 0.0470908 -0.998261 0.0353583 -0.0471689 -0.998291 -0.00101583 0.0584232 -0.998291 0.000868901 -0.0584254 -0.998322 0.0332188 0.0474305 -0.998322 -0.0333358 -0.0473484 -0.998341 0.0544439 0.0187266 -0.998341 -0.0544852 -0.0186059 -0.998342 0.055045 -0.0168481 -0.998342 -0.055002 0.0169878 -0.998323 0.0348337 -0.0462285 -0.998323 -0.0347001 0.0463289 -0.998112 0.0200013 -0.0580804 -0.998115 -0.0198353 0.0580833 0.99808 0.0495164 0.0372178 0.995086 0.0791473 0.0594899 5.63373e-08 0.799378 0.600829 0.998058 0.0497989 0.0374294 0.994935 0.0803542 0.0603951 -0.00362966 0.799375 0.600821 -0.995081 0.0791907 0.0595186 -0.998146 0.0486614 0.0365715 -0.998166 0.0483872 0.0363689 -0.99522 0.0780673 0.0586775 0.00381993 0.79937 0.600826 -0.00356285 -0.999869 -0.0157905 0.994992 -0.0999431 -0.00157651 -7.57465e-07 -0.999875 -0.0157821 0.998058 -0.0622894 -0.00098265 0.998058 -0.0622897 -0.000983333 0.994994 -0.0999236 -0.00157891 0.00348901 -0.999869 -0.0157951 -0.995163 -0.0982211 -0.00155067 -0.998166 -0.060523 -0.000956513 -0.998167 -0.0605058 -0.000955243 -0.995173 -0.0981251 -0.0015494 </float_array>
          <technique_common>
            <accessor count="44" offset="0" source="#meshId75-bitangents-array" stride="3">
              <param name="X" type="float" />
              <param name="Y" type="float" />
              <param name="Z" type="float" />
            </accessor>
          </technique_common>
        </source>
        <source id="meshId75-tex0" name="meshId75-tex0">
          <float_array id="meshId75-tex0-array" count="88"> 0.253176 0.574715 0.257021 0.574714 0.257024 0.617244 0.253179 0.617244 0.260866 0.574714 0.260869 0.617243 0.264711 0.574714 0.264714 0.617243 0.268556 0.574713 0.268559 0.617243 0.272401 0.574713 0.272404 0.617242 0.276246 0.574713 0.276249 0.617242 0.280091 0.574713 0.280094 0.617242 0.283936 0.574712 0.283939 0.617242 0.287781 0.574712 0.287784 0.617241 0.291626 0.574712 0.291629 0.617241 0.603082 0.222483 0.606193 0.224742 0.601217 0.228476 0.599236 0.222484 0.596126 0.224745 0.594939 0.228402 0.596128 0.232058 0.599239 0.234318 0.603084 0.234317 0.606194 0.232056 0.607382 0.228399 0.592824 0.228532 0.591636 0.232189 0.586604 0.228438 0.588526 0.23445 0.584681 0.234451 0.58157 0.232191 0.580381 0.228534 0.581568 0.224877 0.584678 0.222616 0.588524 0.222616 0.591635 0.224875 </float_array>
          <technique_common>
            <accessor count="44" offset="0" source="#meshId75-tex0-array" stride="2">
              <param name="S" type="float" />
              <param name="T" type="float" />
            </accessor>
          </technique_common>
        </source>
        <vertices id="meshId75-vertices">
          <input semantic="POSITION" source="#meshId75-positions" />
        </vertices>
        <polylist count="40" material="defaultMaterial">
          <input offset="0" semantic="VERTEX" source="#meshId75-vertices" />
          <input offset="0" semantic="NORMAL" source="#meshId75-normals" />
          <input offset="0" semantic="TANGENT" source="#meshId75-tangents" />
          <input offset="0" semantic="BINORMAL" source="#meshId75-bitangents" />
          <input offset="0" semantic="TEXCOORD" source="#meshId75-tex0" set="0" />
          <vcount>3 3 3 3 3 3 3 3 3 3 3 3 3 3 3 3 3 3 3 3 3 3 3 3 3 3 3 3 3 3 3 3 3 3 3 3 3 3 3 3 </vcount>
          <p>3 0 1 1 2 3 2 1 4 4 5 2 5 4 6 6 7 5 7 6 8 8 9 7 9 8 10 10 11 9 11 10 12 12 13 11 13 12 14 14 15 13 15 14 16 16 17 15 17 16 18 18 19 17 19 18 20 20 21 19 22 23 24 25 22 24 26 25 24 27 26 24 28 27 24 29 28 24 30 29 24 31 30 24 32 31 24 23 32 24 33 34 35 34 36 35 36 37 35 37 38 35 38 39 35 39 40 35 40 41 35 41 42 35 42 43 35 43 33 35 </p>
        </polylist>
      </mesh>
    </geometry>
    <geometry id="meshId76" name="meshId76_name" >
      <mesh>
        <source id="meshId76-positions" name="meshId76-positions">
          <float_array id="meshId76-positions-array" count="132"> -0.613413 -0.442282 -0.282318 -0.613413 -0.455059 -0.278391 -0.76126 -0.455059 -0.278391 -0.76126 -0.442282 -0.282318 -0.613413 -0.463088 -0.267704 -0.76126 -0.463088 -0.267704 -0.613413 -0.463302 -0.254339 -0.76126 -0.463302 -0.254339 -0.613413 -0.455619 -0.243401 -0.76126 -0.455619 -0.243401 -0.613413 -0.442974 -0.239067 -0.76126 -0.442974 -0.239067 -0.613413 -0.430197 -0.242994 -0.76126 -0.430197 -0.242994 -0.613413 -0.422168 -0.253681 -0.76126 -0.422168 -0.253681 -0.613413 -0.421955 -0.267046 -0.76126 -0.421955 -0.267046 -0.613413 -0.429637 -0.277984 -0.76126 -0.429637 -0.277984 -0.613413 -0.442282 -0.282318 -0.76126 -0.442282 -0.282318 -0.613413 -0.455059 -0.278391 -0.613413 -0.442282 -0.282318 -0.613413 -0.442298 -0.260693 -0.613413 -0.463088 -0.267704 -0.613413 -0.463302 -0.254339 -0.613413 -0.455619 -0.243401 -0.613413 -0.442974 -0.239067 -0.613413 -0.430197 -0.242994 -0.613413 -0.422168 -0.253681 -0.613413 -0.421955 -0.267046 -0.613413 -0.429637 -0.277984 -0.76126 -0.442282 -0.282318 -0.76126 -0.455059 -0.278391 -0.76126 -0.442298 -0.260693 -0.76126 -0.463088 -0.267704 -0.76126 -0.463302 -0.254339 -0.76126 -0.455619 -0.243401 -0.76126 -0.442974 -0.239067 -0.76126 -0.430197 -0.242994 -0.76126 -0.422168 -0.253681 -0.76126 -0.421955 -0.267046 -0.76126 -0.429637 -0.277984 </float_array>
          <technique_common>
            <accessor count="44" offset="0" source="#meshId76-positions-array" stride="3">
              <param name="X" type="float" />
              <param name="Y" type="float" />
              <param name="Z" type="float" />
            </accessor>
          </technique_common>
        </source>
        <source id="meshId76-normals" name="meshId76-normals">
          <float_array id="meshId76-normals-array" count="132"> 0.0584036 0.015972 -0.998165 0.0589271 -0.573768 -0.816895 -0.0589271 -0.573768 -0.816896 -0.0584036 0.0159718 -0.998165 0.0592547 -0.944329 -0.323624 -0.0592547 -0.944329 -0.323624 0.0592635 -0.954199 0.293245 -0.0592635 -0.954199 0.293245 0.05895 -0.599609 0.798119 -0.05895 -0.599609 0.798119 0.0584319 -0.015972 0.998164 -0.0584318 -0.015972 0.998164 0.0579063 0.573802 0.816944 -0.0579064 0.573802 0.816944 0.0575745 0.944421 0.323656 -0.0575744 0.944421 0.323656 0.0575657 0.954294 -0.293274 -0.0575656 0.954294 -0.293274 0.0578831 0.599647 -0.798169 -0.0578831 0.599646 -0.798169 0.0584036 0.015972 -0.998165 -0.0584036 0.0159718 -0.998165 0.0589271 -0.573768 -0.816895 0.0584036 0.015972 -0.998165 1 7.18669e-09 2.39362e-07 0.0592547 -0.944329 -0.323624 0.0592635 -0.954199 0.293245 0.05895 -0.599609 0.798119 0.0584319 -0.015972 0.998164 0.0579063 0.573802 0.816944 0.0575745 0.944421 0.323656 0.0575657 0.954294 -0.293274 0.0578831 0.599647 -0.798169 -0.0584036 0.0159718 -0.998165 -0.0589271 -0.573768 -0.816896 -1 7.5589e-07 1.05795e-07 -0.0592547 -0.944329 -0.323624 -0.0592635 -0.954199 0.293245 -0.05895 -0.599609 0.798119 -0.0584318 -0.015972 0.998164 -0.0579064 0.573802 0.816944 -0.0575744 0.944421 0.323656 -0.0575656 0.954294 -0.293274 -0.0578831 0.599646 -0.798169 </float_array>
          <technique_common>
            <accessor count="44" offset="0" source="#meshId76-normals-array" stride="3">
              <param name="X" type="float" />
              <param name="Y" type="float" />
              <param name="Z" type="float" />
            </accessor>
          </technique_common>
        </source>
        <source id="meshId76-tangents" name="meshId76-tangents">
          <float_array id="meshId76-tangents-array" count="132"> 0.0188763 -0.999711 -0.0148923 -6.43744e-05 -0.81832 0.574763 -6.43328e-05 -0.818315 0.57477 -0.019005 -0.999708 -0.0148844 -6.42695e-05 -0.324197 0.94599 -7.98338e-05 -0.324189 0.945992 -6.51833e-05 0.293758 0.95588 -8.06848e-05 0.293766 0.955877 -8.32543e-05 0.799506 0.600658 -6.33226e-05 0.799511 0.600651 -7.98882e-05 0.999872 0.0160041 -6.45897e-05 0.999872 0.0159956 -6.24134e-05 0.818319 -0.574764 -8.03757e-05 0.818315 -0.57477 -6.55374e-05 0.324197 -0.945989 -6.35401e-05 0.324191 -0.945992 -6.43531e-05 -0.293757 -0.95588 -6.43168e-05 -0.293765 -0.955878 -6.60725e-05 -0.799507 -0.600657 -8.35624e-05 -0.799512 -0.60065 -0.019006 -0.999673 -0.0171082 0.0188711 -0.999676 -0.0171001 -0.0190958 0.81752 -0.575584 -0.0799537 0.996735 0.0112709 1.87023e-07 0.600827 -0.799379 0.0192298 0.325213 -0.945445 0.081193 -0.28818 -0.954128 0.998254 0.0383095 -0.044952 0.0799958 0.996732 0.0112662 0.0187691 0.817547 -0.575556 -0.0186865 0.325156 -0.945476 -0.078891 -0.288494 -0.954226 -0.998316 0.0378114 -0.0439892 0.998286 -0.00270903 -0.0584544 0.0807364 0.812898 -0.576783 -9.38544e-08 0.0157794 -0.999876 0.0192304 0.323054 -0.946185 -0.0192035 -0.292617 -0.956037 -0.0806957 -0.79403 -0.602498 -0.998284 -0.00289674 -0.0584836 -0.0793546 0.813083 -0.576714 -0.0186855 0.323118 -0.946174 0.0186576 -0.292681 -0.956028 0.0792508 -0.794226 -0.602431 </float_array>
          <technique_common>
            <accessor count="44" offset="0" source="#meshId76-tangents-array" stride="3">
              <param name="X" type="float" />
              <param name="Y" type="float" />
              <param name="Z" type="float" />
            </accessor>
          </technique_common>
        </source>
        <source id="meshId76-bitangents" name="meshId76-bitangents">
          <float_array id="meshId76-bitangents-array" count="132"> -0.998115 -0.0179719 -0.0586882 -0.998262 -0.0338165 -0.0482581 -0.998262 0.033922 0.048184 -0.998112 0.0181008 0.0586902 -0.998243 -0.0560336 -0.0192709 -0.998243 0.0560804 0.0191343 -0.998242 -0.0566679 0.0173469 -0.998242 0.056625 -0.0174866 -0.998261 -0.0354752 0.0470809 -0.998261 0.0353578 -0.0471692 -0.998291 -0.00101489 0.0584232 -0.998291 0.000870182 -0.0584254 -0.998322 0.0332314 0.0474216 -0.998322 -0.0333485 -0.0473395 -0.998341 0.0544437 0.0187274 -0.998341 -0.0544855 -0.0186051 -0.998342 0.0550448 -0.0168489 -0.998342 -0.0550068 0.0169721 -0.998323 0.0348206 -0.0462383 -0.998323 -0.0347007 0.0463283 -0.998112 0.0199703 -0.0580809 -0.998115 -0.0198352 0.0580833 0.99808 0.0495167 0.0372175 0.995086 0.0791488 0.0594899 -1.4956e-07 0.799379 0.600827 0.998058 0.0497989 0.0374296 0.994935 0.0803544 0.0603957 -0.0036219 0.799375 0.600821 -0.995081 0.0791906 0.0595187 -0.998146 0.0486616 0.0365714 -0.998166 0.0483873 0.0363686 -0.99522 0.0780673 0.0586778 0.00380188 0.799371 0.600826 -0.00363768 -0.999869 -0.0157862 0.994992 -0.0999413 -0.00157776 -7.57465e-07 -0.999876 -0.0157794 0.998058 -0.0622894 -0.000982661 0.998058 -0.0622894 -0.000982454 0.994994 -0.099922 -0.00157781 0.00382552 -0.999868 -0.0157754 -0.995163 -0.0982238 -0.00154886 -0.998166 -0.0605231 -0.000956383 -0.998167 -0.0605061 -0.000956457 -0.995173 -0.0981261 -0.00155023 </float_array>
          <technique_common>
            <accessor count="44" offset="0" source="#meshId76-bitangents-array" stride="3">
              <param name="X" type="float" />
              <param name="Y" type="float" />
              <param name="Z" type="float" />
            </accessor>
          </technique_common>
        </source>
        <source id="meshId76-tex0" name="meshId76-tex0">
          <float_array id="meshId76-tex0-array" count="88"> 0.253176 0.574714 0.257021 0.574714 0.257024 0.617244 0.253179 0.617244 0.260866 0.574714 0.260869 0.617243 0.264711 0.574714 0.264714 0.617243 0.268556 0.574713 0.268559 0.617243 0.272401 0.574713 0.272404 0.617242 0.276246 0.574713 0.276249 0.617242 0.280091 0.574713 0.280094 0.617242 0.283936 0.574712 0.283939 0.617242 0.287781 0.574712 0.287784 0.617241 0.291626 0.574712 0.291629 0.617241 0.603082 0.222483 0.606193 0.224743 0.601217 0.228476 0.599237 0.222484 0.596126 0.224745 0.594939 0.228402 0.596128 0.232058 0.599239 0.234318 0.603084 0.234317 0.606194 0.232056 0.607382 0.228399 0.592824 0.228532 0.591636 0.232189 0.586604 0.228438 0.588526 0.23445 0.584681 0.23445 0.58157 0.232191 0.580381 0.228534 0.581568 0.224877 0.584679 0.222617 0.588524 0.222616 0.591635 0.224875 </float_array>
          <technique_common>
            <accessor count="44" offset="0" source="#meshId76-tex0-array" stride="2">
              <param name="S" type="float" />
              <param name="T" type="float" />
            </accessor>
          </technique_common>
        </source>
        <vertices id="meshId76-vertices">
          <input semantic="POSITION" source="#meshId76-positions" />
        </vertices>
        <polylist count="40" material="defaultMaterial">
          <input offset="0" semantic="VERTEX" source="#meshId76-vertices" />
          <input offset="0" semantic="NORMAL" source="#meshId76-normals" />
          <input offset="0" semantic="TANGENT" source="#meshId76-tangents" />
          <input offset="0" semantic="BINORMAL" source="#meshId76-bitangents" />
          <input offset="0" semantic="TEXCOORD" source="#meshId76-tex0" set="0" />
          <vcount>3 3 3 3 3 3 3 3 3 3 3 3 3 3 3 3 3 3 3 3 3 3 3 3 3 3 3 3 3 3 3 3 3 3 3 3 3 3 3 3 </vcount>
          <p>3 0 1 1 2 3 2 1 4 4 5 2 5 4 6 6 7 5 7 6 8 8 9 7 9 8 10 10 11 9 11 10 12 12 13 11 13 12 14 14 15 13 15 14 16 16 17 15 17 16 18 18 19 17 19 18 20 20 21 19 22 23 24 25 22 24 26 25 24 27 26 24 28 27 24 29 28 24 30 29 24 31 30 24 32 31 24 23 32 24 33 34 35 34 36 35 36 37 35 37 38 35 38 39 35 39 40 35 40 41 35 41 42 35 42 43 35 43 33 35 </p>
        </polylist>
      </mesh>
    </geometry>
    <geometry id="meshId77" name="meshId77_name" >
      <mesh>
        <source id="meshId77-positions" name="meshId77-positions">
          <float_array id="meshId77-positions-array" count="132"> -0.613413 -0.442282 -0.326005 -0.613413 -0.455059 -0.322078 -0.76126 -0.455059 -0.322078 -0.76126 -0.442282 -0.326005 -0.613413 -0.463088 -0.311391 -0.76126 -0.463088 -0.311391 -0.613413 -0.463302 -0.298026 -0.76126 -0.463302 -0.298026 -0.613413 -0.455619 -0.287088 -0.76126 -0.455619 -0.287088 -0.613413 -0.442974 -0.282754 -0.76126 -0.442974 -0.282754 -0.613413 -0.430197 -0.286681 -0.76126 -0.430197 -0.286681 -0.613413 -0.422168 -0.297368 -0.76126 -0.422168 -0.297368 -0.613413 -0.421955 -0.310733 -0.76126 -0.421955 -0.310733 -0.613413 -0.429637 -0.321671 -0.76126 -0.429637 -0.321671 -0.613413 -0.442282 -0.326005 -0.76126 -0.442282 -0.326005 -0.613413 -0.455059 -0.322078 -0.613413 -0.442282 -0.326005 -0.613413 -0.442298 -0.304379 -0.613413 -0.463088 -0.311391 -0.613413 -0.463302 -0.298026 -0.613413 -0.455619 -0.287088 -0.613413 -0.442974 -0.282754 -0.613413 -0.430197 -0.286681 -0.613413 -0.422168 -0.297368 -0.613413 -0.421955 -0.310733 -0.613413 -0.429637 -0.321671 -0.76126 -0.442282 -0.326005 -0.76126 -0.455059 -0.322078 -0.76126 -0.442298 -0.304379 -0.76126 -0.463088 -0.311391 -0.76126 -0.463302 -0.298026 -0.76126 -0.455619 -0.287088 -0.76126 -0.442974 -0.282754 -0.76126 -0.430197 -0.286681 -0.76126 -0.422168 -0.297368 -0.76126 -0.421955 -0.310733 -0.76126 -0.429637 -0.321671 </float_array>
          <technique_common>
            <accessor count="44" offset="0" source="#meshId77-positions-array" stride="3">
              <param name="X" type="float" />
              <param name="Y" type="float" />
              <param name="Z" type="float" />
            </accessor>
          </technique_common>
        </source>
        <source id="meshId77-normals" name="meshId77-normals">
          <float_array id="meshId77-normals-array" count="132"> 0.0584036 0.015972 -0.998165 0.0589271 -0.573768 -0.816896 -0.0589271 -0.573768 -0.816896 -0.0584037 0.0159718 -0.998165 0.0592547 -0.944329 -0.323624 -0.0592547 -0.944329 -0.323624 0.0592635 -0.954199 0.293245 -0.0592635 -0.954199 0.293245 0.05895 -0.599609 0.798119 -0.05895 -0.599609 0.798119 0.0584319 -0.0159718 0.998164 -0.0584319 -0.0159718 0.998164 0.0579063 0.573802 0.816944 -0.0579064 0.573802 0.816944 0.0575745 0.944421 0.323656 -0.0575744 0.944421 0.323656 0.0575657 0.954294 -0.293274 -0.0575656 0.954294 -0.293274 0.0578831 0.599647 -0.798169 -0.0578831 0.599646 -0.798169 0.0584036 0.015972 -0.998165 -0.0584037 0.0159718 -0.998165 0.0589271 -0.573768 -0.816896 0.0584036 0.015972 -0.998165 1 2.56259e-07 2.39362e-07 0.0592547 -0.944329 -0.323624 0.0592635 -0.954199 0.293245 0.05895 -0.599609 0.798119 0.0584319 -0.0159718 0.998164 0.0579063 0.573802 0.816944 0.0575745 0.944421 0.323656 0.0575657 0.954294 -0.293274 0.0578831 0.599647 -0.798169 -0.0584037 0.0159718 -0.998165 -0.0589271 -0.573768 -0.816896 -1 1.52982e-06 1.05795e-07 -0.0592547 -0.944329 -0.323624 -0.0592635 -0.954199 0.293245 -0.05895 -0.599609 0.798119 -0.0584319 -0.0159718 0.998164 -0.0579064 0.573802 0.816944 -0.0575744 0.944421 0.323656 -0.0575656 0.954294 -0.293274 -0.0578831 0.599646 -0.798169 </float_array>
          <technique_common>
            <accessor count="44" offset="0" source="#meshId77-normals-array" stride="3">
              <param name="X" type="float" />
              <param name="Y" type="float" />
              <param name="Z" type="float" />
            </accessor>
          </technique_common>
        </source>
        <source id="meshId77-tangents" name="meshId77-tangents">
          <float_array id="meshId77-tangents-array" count="132"> -0.998293 0.00100117 -0.0583951 -0.998262 -0.0338153 -0.048259 -0.998262 0.0339223 0.0481838 -0.998293 -0.00086892 0.0583972 -0.998243 -0.0560334 -0.0192712 -0.998243 0.0560752 0.0191494 -0.998242 -0.0566675 0.017348 -0.998242 0.0566299 -0.0174705 -0.998261 -0.0354597 0.0470926 -0.998261 0.0353564 -0.0471703 -0.998291 -0.00100027 0.0584234 -0.998291 0.000868741 -0.0584254 -0.998322 0.0332285 0.0474237 -0.998322 -0.0333356 -0.0473486 -0.998341 0.0544439 0.0187265 -0.998341 -0.0544858 -0.0186041 -0.998342 0.0550449 -0.0168486 -0.998342 -0.0550068 0.0169724 -0.998323 0.0348194 -0.0462393 -0.998323 -0.0347165 0.0463165 -0.998293 0.000998337 -0.0583951 -0.998293 -0.000870329 0.0583972 -0.019096 0.81752 -0.575584 -0.0799517 0.996735 0.011271 3.73727e-08 0.600828 -0.799378 0.0192293 0.325213 -0.945445 0.0811932 -0.28818 -0.954128 0.998255 0.0382486 -0.0449971 0.079996 0.996732 0.0112659 0.0187686 0.817547 -0.575556 -0.0186869 0.325157 -0.945476 -0.078891 -0.288494 -0.954226 -0.998316 0.0377785 -0.0440127 0.998287 -0.0024634 -0.0584504 0.0807364 0.812898 -0.576783 -8.16433e-08 0.0157789 -0.999875 0.0192302 0.323054 -0.946185 -0.0192034 -0.292617 -0.956037 -0.0806937 -0.794031 -0.602498 -0.998284 -0.00288888 -0.058484 -0.079355 0.813083 -0.576714 -0.0186864 0.323118 -0.946174 0.0186573 -0.292681 -0.956028 0.0792531 -0.794226 -0.602432 </float_array>
          <technique_common>
            <accessor count="44" offset="0" source="#meshId77-tangents-array" stride="3">
              <param name="X" type="float" />
              <param name="Y" type="float" />
              <param name="Z" type="float" />
            </accessor>
          </technique_common>
        </source>
        <source id="meshId77-bitangents" name="meshId77-bitangents">
          <float_array id="meshId77-bitangents-array" count="132"> 6.66452e-05 0.999872 0.0160032 6.59432e-05 0.81832 -0.574763 6.46822e-05 0.818315 -0.57477 6.53857e-05 0.999872 0.0159953 6.46096e-05 0.324197 -0.94599 6.398e-05 0.32419 -0.945992 6.39781e-05 -0.293758 -0.95588 6.38999e-05 -0.293765 -0.955878 6.38906e-05 -0.799507 -0.600657 6.51497e-05 -0.799512 -0.600651 6.53051e-05 -0.999872 -0.016003 6.60139e-05 -0.999872 -0.0159953 6.59395e-05 -0.81832 0.574763 6.46804e-05 -0.818315 0.574769 6.46077e-05 -0.324197 0.945989 6.46096e-05 -0.324191 0.945992 6.46822e-05 0.293757 0.95588 6.4604e-05 0.293765 0.955878 6.45202e-05 0.799507 0.600657 6.38887e-05 0.799512 0.600651 6.38211e-05 0.999872 0.016003 6.39784e-05 0.999872 0.0159954 0.99808 0.0495169 0.0372174 0.995086 0.0791467 0.0594899 -3.48663e-07 0.799378 0.600828 0.998058 0.049799 0.0374292 0.994935 0.0803544 0.0603959 -0.00354626 0.799378 0.600818 -0.995081 0.0791908 0.0595186 -0.998146 0.0486612 0.0365716 -0.998166 0.0483871 0.036369 -0.99522 0.0780674 0.0586778 0.00376151 0.799373 0.600824 -0.00339244 -0.999869 -0.0158006 0.994992 -0.0999414 -0.00157773 -1.5313e-06 -0.999875 -0.0157789 0.998058 -0.0622893 -0.000982828 0.998058 -0.0622893 -0.000982326 0.994994 -0.0999205 -0.0015766 0.00381767 -0.999868 -0.0157756 -0.995163 -0.0982241 -0.0015486 -0.998166 -0.0605234 -0.000955526 -0.998167 -0.0605061 -0.000956181 -0.995173 -0.0981279 -0.00155158 </float_array>
          <technique_common>
            <accessor count="44" offset="0" source="#meshId77-bitangents-array" stride="3">
              <param name="X" type="float" />
              <param name="Y" type="float" />
              <param name="Z" type="float" />
            </accessor>
          </technique_common>
        </source>
        <source id="meshId77-tex0" name="meshId77-tex0">
          <float_array id="meshId77-tex0-array" count="88"> 0.630582 0.135849 0.630581 0.132004 0.673111 0.132001 0.673111 0.135846 0.630581 0.128159 0.673111 0.128156 0.630581 0.124314 0.67311 0.124311 0.630581 0.120469 0.67311 0.120466 0.63058 0.116624 0.67311 0.116621 0.63058 0.112778 0.67311 0.112776 0.63058 0.108933 0.673109 0.108931 0.63058 0.105088 0.673109 0.105085 0.630579 0.101243 0.673109 0.10124 0.630579 0.0973982 0.673109 0.0973954 0.603082 0.222483 0.606193 0.224742 0.601217 0.228476 0.599236 0.222484 0.596126 0.224745 0.594939 0.228402 0.596128 0.232058 0.599239 0.234318 0.603084 0.234317 0.606194 0.232056 0.607382 0.228399 0.592824 0.228532 0.591636 0.232189 0.586604 0.228438 0.588526 0.23445 0.584681 0.23445 0.58157 0.232191 0.580381 0.228534 0.581568 0.224877 0.584679 0.222617 0.588524 0.222616 0.591635 0.224875 </float_array>
          <technique_common>
            <accessor count="44" offset="0" source="#meshId77-tex0-array" stride="2">
              <param name="S" type="float" />
              <param name="T" type="float" />
            </accessor>
          </technique_common>
        </source>
        <vertices id="meshId77-vertices">
          <input semantic="POSITION" source="#meshId77-positions" />
        </vertices>
        <polylist count="40" material="defaultMaterial">
          <input offset="0" semantic="VERTEX" source="#meshId77-vertices" />
          <input offset="0" semantic="NORMAL" source="#meshId77-normals" />
          <input offset="0" semantic="TANGENT" source="#meshId77-tangents" />
          <input offset="0" semantic="BINORMAL" source="#meshId77-bitangents" />
          <input offset="0" semantic="TEXCOORD" source="#meshId77-tex0" set="0" />
          <vcount>3 3 3 3 3 3 3 3 3 3 3 3 3 3 3 3 3 3 3 3 3 3 3 3 3 3 3 3 3 3 3 3 3 3 3 3 3 3 3 3 </vcount>
          <p>3 0 1 1 2 3 2 1 4 4 5 2 5 4 6 6 7 5 7 6 8 8 9 7 9 8 10 10 11 9 11 10 12 12 13 11 13 12 14 14 15 13 15 14 16 16 17 15 17 16 18 18 19 17 19 18 20 20 21 19 22 23 24 25 22 24 26 25 24 27 26 24 28 27 24 29 28 24 30 29 24 31 30 24 32 31 24 23 32 24 33 34 35 34 36 35 36 37 35 37 38 35 38 39 35 39 40 35 40 41 35 41 42 35 42 43 35 43 33 35 </p>
        </polylist>
      </mesh>
    </geometry>
    <geometry id="meshId78" name="meshId78_name" >
      <mesh>
        <source id="meshId78-positions" name="meshId78-positions">
          <float_array id="meshId78-positions-array" count="132"> -0.613413 -0.407034 -0.260367 -0.613413 -0.419811 -0.25644 -0.76126 -0.419811 -0.25644 -0.76126 -0.407034 -0.260367 -0.613413 -0.42784 -0.245754 -0.76126 -0.42784 -0.245754 -0.613413 -0.428054 -0.232389 -0.76126 -0.428054 -0.232389 -0.613413 -0.420371 -0.22145 -0.76126 -0.420371 -0.22145 -0.613413 -0.407727 -0.217117 -0.76126 -0.407727 -0.217117 -0.613413 -0.39495 -0.221043 -0.76126 -0.39495 -0.221043 -0.613413 -0.386921 -0.23173 -0.76126 -0.386921 -0.23173 -0.613413 -0.386707 -0.245095 -0.76126 -0.386707 -0.245095 -0.613413 -0.39439 -0.256034 -0.76126 -0.39439 -0.256034 -0.613413 -0.407034 -0.260367 -0.76126 -0.407034 -0.260367 -0.613413 -0.419811 -0.25644 -0.613413 -0.407034 -0.260367 -0.613413 -0.407051 -0.238742 -0.613413 -0.42784 -0.245754 -0.613413 -0.428054 -0.232389 -0.613413 -0.420371 -0.22145 -0.613413 -0.407727 -0.217117 -0.613413 -0.39495 -0.221043 -0.613413 -0.386921 -0.23173 -0.613413 -0.386707 -0.245095 -0.613413 -0.39439 -0.256034 -0.76126 -0.407034 -0.260367 -0.76126 -0.419811 -0.25644 -0.76126 -0.407051 -0.238742 -0.76126 -0.42784 -0.245754 -0.76126 -0.428054 -0.232389 -0.76126 -0.420371 -0.22145 -0.76126 -0.407727 -0.217117 -0.76126 -0.39495 -0.221043 -0.76126 -0.386921 -0.23173 -0.76126 -0.386707 -0.245095 -0.76126 -0.39439 -0.256034 </float_array>
          <technique_common>
            <accessor count="44" offset="0" source="#meshId78-positions-array" stride="3">
              <param name="X" type="float" />
              <param name="Y" type="float" />
              <param name="Z" type="float" />
            </accessor>
          </technique_common>
        </source>
        <source id="meshId78-normals" name="meshId78-normals">
          <float_array id="meshId78-normals-array" count="132"> 0.0584036 0.015972 -0.998165 0.0589271 -0.573768 -0.816896 -0.0589271 -0.573768 -0.816896 -0.0584037 0.0159719 -0.998165 0.0592548 -0.944329 -0.323624 -0.0592548 -0.944329 -0.323624 0.0592635 -0.954199 0.293245 -0.0592635 -0.954199 0.293245 0.05895 -0.59961 0.798118 -0.0589501 -0.59961 0.798118 0.0584319 -0.015972 0.998164 -0.0584319 -0.015972 0.998164 0.0579062 0.573802 0.816944 -0.0579064 0.573802 0.816944 0.0575745 0.944421 0.323656 -0.0575744 0.944421 0.323656 0.0575656 0.954294 -0.293274 -0.0575656 0.954294 -0.293274 0.0578831 0.599647 -0.798169 -0.057883 0.599647 -0.798169 0.0584036 0.015972 -0.998165 -0.0584037 0.0159719 -0.998165 0.0589271 -0.573768 -0.816896 0.0584036 0.015972 -0.998165 1 2.61412e-07 2.39362e-07 0.0592548 -0.944329 -0.323624 0.0592635 -0.954199 0.293245 0.05895 -0.59961 0.798118 0.0584319 -0.015972 0.998164 0.0579062 0.573802 0.816944 0.0575745 0.944421 0.323656 0.0575656 0.954294 -0.293274 0.0578831 0.599647 -0.798169 -0.0584037 0.0159719 -0.998165 -0.0589271 -0.573768 -0.816896 -1 1.78504e-06 1.05796e-07 -0.0592548 -0.944329 -0.323624 -0.0592635 -0.954199 0.293245 -0.0589501 -0.59961 0.798118 -0.0584319 -0.015972 0.998164 -0.0579064 0.573802 0.816944 -0.0575744 0.944421 0.323656 -0.0575656 0.954294 -0.293274 -0.057883 0.599647 -0.798169 </float_array>
          <technique_common>
            <accessor count="44" offset="0" source="#meshId78-normals-array" stride="3">
              <param name="X" type="float" />
              <param name="Y" type="float" />
              <param name="Z" type="float" />
            </accessor>
          </technique_common>
        </source>
        <source id="meshId78-tangents" name="meshId78-tangents">
          <float_array id="meshId78-tangents-array" count="132"> 0.0189081 -0.99971 -0.0148904 -6.57072e-05 -0.81832 0.574763 -5.01607e-05 -0.818316 0.574769 -0.0190033 -0.999709 -0.0148847 -7.93517e-05 -0.324198 0.945989 -6.43018e-05 -0.32419 0.945992 -6.60503e-05 0.293757 0.95588 -8.15401e-05 0.293766 0.955877 -8.36831e-05 0.799506 0.600658 -6.37544e-05 0.799511 0.600651 -7.9914e-05 0.999872 0.016004 -7.99837e-05 0.999872 0.0159947 -4.74168e-05 0.818319 -0.574764 -8.03851e-05 0.818315 -0.57477 -6.60079e-05 0.324198 -0.945989 -6.34751e-05 0.324191 -0.945992 -8.07115e-05 -0.293757 -0.95588 -6.51483e-05 -0.293765 -0.955878 -6.52117e-05 -0.799507 -0.600657 -6.72578e-05 -0.799512 -0.60065 -0.0190061 -0.999673 -0.0171083 0.0188713 -0.999676 -0.0171003 -0.0190959 0.81752 -0.575584 -0.0799553 0.996735 0.0112708 3.42773e-08 0.600827 -0.799379 0.0192301 0.325213 -0.945445 0.0811938 -0.28818 -0.954128 0.998254 0.0384015 -0.044882 0.0799956 0.996732 0.0112661 0.0187689 0.817547 -0.575556 -0.0186866 0.325157 -0.945476 -0.0788895 -0.288494 -0.954226 -0.998317 0.0377209 -0.0440581 0.998285 -0.00304339 -0.0584594 0.0807388 0.812897 -0.576783 -7.76094e-08 0.0157829 -0.999875 0.0192299 0.323053 -0.946185 -0.019205 -0.292617 -0.956037 -0.0806993 -0.79403 -0.602498 -0.998285 -0.00254362 -0.0584786 -0.0793501 0.813083 -0.576714 -0.0186852 0.323118 -0.946174 0.0186565 -0.292682 -0.956028 0.0792484 -0.794226 -0.602432 </float_array>
          <technique_common>
            <accessor count="44" offset="0" source="#meshId78-tangents-array" stride="3">
              <param name="X" type="float" />
              <param name="Y" type="float" />
              <param name="Z" type="float" />
            </accessor>
          </technique_common>
        </source>
        <source id="meshId78-bitangents" name="meshId78-bitangents">
          <float_array id="meshId78-bitangents-array" count="132"> -0.998114 -0.0180037 -0.0586887 -0.998262 -0.0338155 -0.0482589 -0.998262 0.0339104 0.0481922 -0.998112 0.0180991 0.0586902 -0.998243 -0.0560288 -0.0192852 -0.998243 0.0560753 0.0191491 -0.998242 -0.0566681 0.0173461 -0.998242 0.0566247 -0.0174874 -0.998261 -0.0354756 0.0470807 -0.998261 0.0353576 -0.0471695 -0.998291 -0.00101491 0.0584232 -0.998291 0.000854761 -0.0584257 -0.998322 0.0332437 0.047413 -0.998322 -0.0333485 -0.0473395 -0.998341 0.0544435 0.0187278 -0.998341 -0.0544855 -0.0186051 -0.998342 0.0550495 -0.0168333 -0.998342 -0.0550066 0.0169729 -0.998323 0.0348199 -0.0462388 -0.998323 -0.0347138 0.0463185 -0.998112 0.0199704 -0.0580809 -0.998115 -0.0198354 0.0580833 0.99808 0.0495168 0.0372175 0.995086 0.0791503 0.0594899 -3.52782e-07 0.799379 0.600827 0.998058 0.0497989 0.03743 0.994935 0.0803546 0.0603965 -0.00373722 0.799371 0.600827 -0.995081 0.0791904 0.0595186 -0.998146 0.0486614 0.0365714 -0.998166 0.0483872 0.0363688 -0.99522 0.0780668 0.0586764 0.00368837 0.799375 0.600821 -0.00397151 -0.999868 -0.0157668 0.994992 -0.0999433 -0.00157636 -1.78648e-06 -0.999875 -0.0157829 0.998058 -0.0622892 -0.000983113 0.998058 -0.0622899 -0.000983855 0.994994 -0.0999249 -0.00157995 0.00347297 -0.999869 -0.015796 -0.995164 -0.0982201 -0.00155143 -0.998166 -0.060523 -0.000956668 -0.998167 -0.0605058 -0.000955392 -0.995173 -0.0981242 -0.00154882 </float_array>
          <technique_common>
            <accessor count="44" offset="0" source="#meshId78-bitangents-array" stride="3">
              <param name="X" type="float" />
              <param name="Y" type="float" />
              <param name="Z" type="float" />
            </accessor>
          </technique_common>
        </source>
        <source id="meshId78-tex0" name="meshId78-tex0">
          <float_array id="meshId78-tex0-array" count="88"> 0.253176 0.574714 0.257021 0.574714 0.257024 0.617244 0.253179 0.617244 0.260866 0.574714 0.260869 0.617243 0.264711 0.574714 0.264714 0.617243 0.268556 0.574713 0.268559 0.617243 0.272401 0.574713 0.272404 0.617243 0.276246 0.574713 0.276249 0.617242 0.280091 0.574713 0.280094 0.617242 0.283936 0.574712 0.283939 0.617242 0.287781 0.574712 0.287784 0.617242 0.291626 0.574712 0.291629 0.617241 0.603082 0.222483 0.606193 0.224743 0.601217 0.228476 0.599236 0.222484 0.596126 0.224745 0.594939 0.228402 0.596128 0.232058 0.599239 0.234318 0.603084 0.234317 0.606194 0.232056 0.607382 0.228399 0.592824 0.228532 0.591636 0.232189 0.586604 0.228438 0.588526 0.23445 0.584681 0.23445 0.58157 0.232191 0.580381 0.228534 0.581568 0.224877 0.584678 0.222617 0.588524 0.222616 0.591635 0.224875 </float_array>
          <technique_common>
            <accessor count="44" offset="0" source="#meshId78-tex0-array" stride="2">
              <param name="S" type="float" />
              <param name="T" type="float" />
            </accessor>
          </technique_common>
        </source>
        <vertices id="meshId78-vertices">
          <input semantic="POSITION" source="#meshId78-positions" />
        </vertices>
        <polylist count="40" material="defaultMaterial">
          <input offset="0" semantic="VERTEX" source="#meshId78-vertices" />
          <input offset="0" semantic="NORMAL" source="#meshId78-normals" />
          <input offset="0" semantic="TANGENT" source="#meshId78-tangents" />
          <input offset="0" semantic="BINORMAL" source="#meshId78-bitangents" />
          <input offset="0" semantic="TEXCOORD" source="#meshId78-tex0" set="0" />
          <vcount>3 3 3 3 3 3 3 3 3 3 3 3 3 3 3 3 3 3 3 3 3 3 3 3 3 3 3 3 3 3 3 3 3 3 3 3 3 3 3 3 </vcount>
          <p>3 0 1 1 2 3 2 1 4 4 5 2 5 4 6 6 7 5 7 6 8 8 9 7 9 8 10 10 11 9 11 10 12 12 13 11 13 12 14 14 15 13 15 14 16 16 17 15 17 16 18 18 19 17 19 18 20 20 21 19 22 23 24 25 22 24 26 25 24 27 26 24 28 27 24 29 28 24 30 29 24 31 30 24 32 31 24 23 32 24 33 34 35 34 36 35 36 37 35 37 38 35 38 39 35 39 40 35 40 41 35 41 42 35 42 43 35 43 33 35 </p>
        </polylist>
      </mesh>
    </geometry>
    <geometry id="meshId79" name="meshId79_name" >
      <mesh>
        <source id="meshId79-positions" name="meshId79-positions">
          <float_array id="meshId79-positions-array" count="132"> -0.613413 -0.407034 -0.304054 -0.613413 -0.419811 -0.300127 -0.76126 -0.419811 -0.300127 -0.76126 -0.407034 -0.304054 -0.613413 -0.42784 -0.289441 -0.76126 -0.42784 -0.289441 -0.613413 -0.428054 -0.276076 -0.76126 -0.428054 -0.276076 -0.613413 -0.420371 -0.265137 -0.76126 -0.420371 -0.265137 -0.613413 -0.407727 -0.260804 -0.76126 -0.407727 -0.260804 -0.613413 -0.39495 -0.26473 -0.76126 -0.39495 -0.26473 -0.613413 -0.386921 -0.275417 -0.76126 -0.386921 -0.275417 -0.613413 -0.386707 -0.288782 -0.76126 -0.386707 -0.288782 -0.613413 -0.39439 -0.299721 -0.76126 -0.39439 -0.299721 -0.613413 -0.407034 -0.304054 -0.76126 -0.407034 -0.304054 -0.613413 -0.419811 -0.300127 -0.613413 -0.407034 -0.304054 -0.613413 -0.407051 -0.282429 -0.613413 -0.42784 -0.289441 -0.613413 -0.428054 -0.276076 -0.613413 -0.420371 -0.265137 -0.613413 -0.407727 -0.260804 -0.613413 -0.39495 -0.26473 -0.613413 -0.386921 -0.275417 -0.613413 -0.386707 -0.288782 -0.613413 -0.39439 -0.299721 -0.76126 -0.407034 -0.304054 -0.76126 -0.419811 -0.300127 -0.76126 -0.407051 -0.282429 -0.76126 -0.42784 -0.289441 -0.76126 -0.428054 -0.276076 -0.76126 -0.420371 -0.265137 -0.76126 -0.407727 -0.260804 -0.76126 -0.39495 -0.26473 -0.76126 -0.386921 -0.275417 -0.76126 -0.386707 -0.288782 -0.76126 -0.39439 -0.299721 </float_array>
          <technique_common>
            <accessor count="44" offset="0" source="#meshId79-positions-array" stride="3">
              <param name="X" type="float" />
              <param name="Y" type="float" />
              <param name="Z" type="float" />
            </accessor>
          </technique_common>
        </source>
        <source id="meshId79-normals" name="meshId79-normals">
          <float_array id="meshId79-normals-array" count="132"> 0.0584036 0.015972 -0.998165 0.0589271 -0.573768 -0.816896 -0.0589271 -0.573768 -0.816896 -0.0584037 0.0159718 -0.998165 0.0592548 -0.944329 -0.323624 -0.0592547 -0.944329 -0.323624 0.0592635 -0.954199 0.293245 -0.0592635 -0.954199 0.293245 0.05895 -0.59961 0.798119 -0.0589501 -0.59961 0.798119 0.058432 -0.0159719 0.998164 -0.0584319 -0.0159718 0.998164 0.0579062 0.573802 0.816944 -0.0579064 0.573802 0.816945 0.0575744 0.944421 0.323656 -0.0575744 0.944421 0.323656 0.0575656 0.954294 -0.293274 -0.0575656 0.954294 -0.293274 0.0578831 0.599647 -0.798169 -0.0578831 0.599647 -0.798169 0.0584036 0.015972 -0.998165 -0.0584037 0.0159718 -0.998165 0.0589271 -0.573768 -0.816896 0.0584036 0.015972 -0.998165 1 -2.47769e-07 2.39362e-07 0.0592548 -0.944329 -0.323624 0.0592635 -0.954199 0.293245 0.05895 -0.59961 0.798119 0.058432 -0.0159719 0.998164 0.0579062 0.573802 0.816944 0.0575744 0.944421 0.323656 0.0575656 0.954294 -0.293274 0.0578831 0.599647 -0.798169 -0.0584037 0.0159718 -0.998165 -0.0589271 -0.573768 -0.816896 -1 7.55888e-07 1.05796e-07 -0.0592547 -0.944329 -0.323624 -0.0592635 -0.954199 0.293245 -0.0589501 -0.59961 0.798119 -0.0584319 -0.0159718 0.998164 -0.0579064 0.573802 0.816945 -0.0575744 0.944421 0.323656 -0.0575656 0.954294 -0.293274 -0.0578831 0.599647 -0.798169 </float_array>
          <technique_common>
            <accessor count="44" offset="0" source="#meshId79-normals-array" stride="3">
              <param name="X" type="float" />
              <param name="Y" type="float" />
              <param name="Z" type="float" />
            </accessor>
          </technique_common>
        </source>
        <source id="meshId79-tangents" name="meshId79-tangents">
          <float_array id="meshId79-tangents-array" count="132"> 0.0188763 -0.999711 -0.0148923 -6.44055e-05 -0.81832 0.574763 -6.4303e-05 -0.818315 0.574769 -0.019005 -0.999709 -0.0148844 -6.43375e-05 -0.324197 0.94599 -7.97659e-05 -0.324189 0.945992 -6.51816e-05 0.293757 0.95588 -6.52705e-05 0.293765 0.955878 -8.24188e-05 0.799506 0.600658 -4.697e-05 0.799511 0.600652 -7.99193e-05 0.999872 0.0160039 -7.99609e-05 0.999872 0.0159945 -6.32461e-05 0.81832 -0.574763 -8.13086e-05 0.818315 -0.57477 -6.47193e-05 0.324197 -0.945989 -6.25844e-05 0.324191 -0.945992 -6.52867e-05 -0.293758 -0.95588 -8.05702e-05 -0.293766 -0.955877 -6.60883e-05 -0.799507 -0.600657 -6.81374e-05 -0.799512 -0.60065 -0.0190044 -0.999673 -0.0171082 0.0189039 -0.999675 -0.017102 -0.019096 0.81752 -0.575584 -0.0799546 0.996735 0.0112708 3.40207e-07 0.600829 -0.799378 0.0192304 0.325213 -0.945445 0.0811956 -0.28818 -0.954128 0.998253 0.0385037 -0.0448056 0.0799949 0.996732 0.0112661 0.018769 0.817547 -0.575556 -0.0186861 0.325157 -0.945476 -0.0788892 -0.288494 -0.954226 -0.998316 0.0378153 -0.0439869 0.998286 -0.00271031 -0.0584544 0.0807362 0.812898 -0.576783 -9.38509e-08 0.0157847 -0.999875 0.0192292 0.323053 -0.946185 -0.0192044 -0.292617 -0.956037 -0.0806962 -0.79403 -0.602498 -0.998285 -0.00270495 -0.0584812 -0.0793517 0.813083 -0.576714 -0.0186852 0.323118 -0.946174 0.0186569 -0.292682 -0.956028 0.0792506 -0.794226 -0.602432 </float_array>
          <technique_common>
            <accessor count="44" offset="0" source="#meshId79-tangents-array" stride="3">
              <param name="X" type="float" />
              <param name="Y" type="float" />
              <param name="Z" type="float" />
            </accessor>
          </technique_common>
        </source>
        <source id="meshId79-bitangents" name="meshId79-bitangents">
          <float_array id="meshId79-bitangents-array" count="132"> -0.998115 -0.0179719 -0.0586882 -0.998262 -0.0338165 -0.0482582 -0.998262 0.033922 0.048184 -0.998112 0.0181009 0.0586902 -0.998243 -0.0560336 -0.019271 -0.998243 0.0560803 0.0191344 -0.998242 -0.0566679 0.0173469 -0.998242 0.0566295 -0.0174718 -0.998261 -0.0354746 0.0470815 -0.998261 0.035371 -0.0471594 -0.998291 -0.00101491 0.0584232 -0.998291 0.000854772 -0.0584257 -0.998322 0.0332307 0.0474221 -0.998322 -0.0333493 -0.047339 -0.998341 0.0544439 0.0187266 -0.998341 -0.0544851 -0.018606 -0.998342 0.055045 -0.016848 -0.998342 -0.055002 0.0169877 -0.998323 0.0348206 -0.0462383 -0.998324 -0.0347131 0.046319 -0.998112 0.0199687 -0.058081 -0.998114 -0.019868 0.0580828 0.99808 0.0495169 0.0372174 0.995086 0.0791497 0.0594899 5.42458e-08 0.799378 0.600829 0.998058 0.0497987 0.0374303 0.994935 0.0803551 0.0603982 -0.00386465 0.799366 0.600832 -0.995081 0.0791897 0.0595187 -0.998146 0.0486615 0.0365714 -0.998166 0.0483873 0.0363683 -0.99522 0.0780668 0.0586761 0.00380643 0.799371 0.600826 -0.00363896 -0.999869 -0.0157861 0.994992 -0.0999412 -0.00157788 -7.57464e-07 -0.999875 -0.0157847 0.998058 -0.062289 -0.000983739 0.998058 -0.0622897 -0.000983359 0.994994 -0.0999224 -0.00157807 0.00363403 -0.999869 -0.0157863 -0.995163 -0.0982214 -0.00155053 -0.998166 -0.060523 -0.000956601 -0.998167 -0.0605059 -0.000955751 -0.995173 -0.0981259 -0.00155009 </float_array>
          <technique_common>
            <accessor count="44" offset="0" source="#meshId79-bitangents-array" stride="3">
              <param name="X" type="float" />
              <param name="Y" type="float" />
              <param name="Z" type="float" />
            </accessor>
          </technique_common>
        </source>
        <source id="meshId79-tex0" name="meshId79-tex0">
          <float_array id="meshId79-tex0-array" count="88"> 0.253176 0.574714 0.257021 0.574714 0.257024 0.617244 0.253179 0.617244 0.260866 0.574714 0.260869 0.617243 0.264711 0.574714 0.264714 0.617243 0.268556 0.574713 0.268559 0.617243 0.272401 0.574713 0.272404 0.617243 0.276246 0.574713 0.276249 0.617242 0.280091 0.574713 0.280094 0.617242 0.283936 0.574712 0.283939 0.617242 0.287781 0.574712 0.287784 0.617241 0.291626 0.574712 0.291629 0.617241 0.603082 0.222483 0.606193 0.224742 0.601217 0.228476 0.599236 0.222484 0.596126 0.224745 0.594939 0.228402 0.596128 0.232058 0.599239 0.234318 0.603084 0.234317 0.606194 0.232056 0.607382 0.228399 0.592824 0.228532 0.591636 0.232189 0.586604 0.228438 0.588526 0.23445 0.584681 0.23445 0.58157 0.232191 0.580381 0.228534 0.581568 0.224877 0.584679 0.222617 0.588524 0.222616 0.591635 0.224875 </float_array>
          <technique_common>
            <accessor count="44" offset="0" source="#meshId79-tex0-array" stride="2">
              <param name="S" type="float" />
              <param name="T" type="float" />
            </accessor>
          </technique_common>
        </source>
        <vertices id="meshId79-vertices">
          <input semantic="POSITION" source="#meshId79-positions" />
        </vertices>
        <polylist count="40" material="defaultMaterial">
          <input offset="0" semantic="VERTEX" source="#meshId79-vertices" />
          <input offset="0" semantic="NORMAL" source="#meshId79-normals" />
          <input offset="0" semantic="TANGENT" source="#meshId79-tangents" />
          <input offset="0" semantic="BINORMAL" source="#meshId79-bitangents" />
          <input offset="0" semantic="TEXCOORD" source="#meshId79-tex0" set="0" />
          <vcount>3 3 3 3 3 3 3 3 3 3 3 3 3 3 3 3 3 3 3 3 3 3 3 3 3 3 3 3 3 3 3 3 3 3 3 3 3 3 3 3 </vcount>
          <p>3 0 1 1 2 3 2 1 4 4 5 2 5 4 6 6 7 5 7 6 8 8 9 7 9 8 10 10 11 9 11 10 12 12 13 11 13 12 14 14 15 13 15 14 16 16 17 15 17 16 18 18 19 17 19 18 20 20 21 19 22 23 24 25 22 24 26 25 24 27 26 24 28 27 24 29 28 24 30 29 24 31 30 24 32 31 24 23 32 24 33 34 35 34 36 35 36 37 35 37 38 35 38 39 35 39 40 35 40 41 35 41 42 35 42 43 35 43 33 35 </p>
        </polylist>
      </mesh>
    </geometry>
    <geometry id="meshId80" name="meshId80_name" >
      <mesh>
        <source id="meshId80-positions" name="meshId80-positions">
          <float_array id="meshId80-positions-array" count="132"> -0.746199 -0.546494 -0.0906181 -0.750226 -0.552319 -0.101955 -0.654334 -0.351957 -0.238973 -0.650307 -0.346132 -0.227636 -0.760398 -0.55334 -0.110567 -0.664506 -0.352979 -0.247585 -0.772828 -0.549168 -0.113165 -0.676936 -0.348806 -0.250183 -0.782769 -0.541395 -0.108756 -0.686877 -0.341034 -0.245774 -0.786424 -0.532992 -0.099025 -0.690532 -0.33263 -0.236043 -0.782396 -0.527167 -0.0876884 -0.686504 -0.326805 -0.224706 -0.772225 -0.526145 -0.0790764 -0.676332 -0.325784 -0.216094 -0.759794 -0.530318 -0.0764785 -0.663902 -0.329956 -0.213497 -0.749853 -0.53809 -0.0808871 -0.653961 -0.337729 -0.217905 -0.746199 -0.546494 -0.0906181 -0.650307 -0.346132 -0.227636 -0.750226 -0.552319 -0.101955 -0.746199 -0.546494 -0.0906181 -0.766302 -0.53956 -0.0945471 -0.760398 -0.55334 -0.110567 -0.772828 -0.549168 -0.113165 -0.782769 -0.541395 -0.108756 -0.786424 -0.532992 -0.099025 -0.782396 -0.527167 -0.0876884 -0.772225 -0.526145 -0.0790764 -0.759794 -0.530318 -0.0764785 -0.749853 -0.53809 -0.0808871 -0.650307 -0.346132 -0.227636 -0.654334 -0.351957 -0.238973 -0.670409 -0.339198 -0.231565 -0.664506 -0.352979 -0.247585 -0.676936 -0.348806 -0.250183 -0.686877 -0.341034 -0.245774 -0.690532 -0.33263 -0.236043 -0.686504 -0.326805 -0.224706 -0.676332 -0.325784 -0.216094 -0.663902 -0.329956 -0.213497 -0.653961 -0.337729 -0.217905 </float_array>
          <technique_common>
            <accessor count="44" offset="0" source="#meshId80-positions-array" stride="3">
              <param name="X" type="float" />
              <param name="Y" type="float" />
              <param name="Z" type="float" />
            </accessor>
          </technique_common>
        </source>
        <source id="meshId80-normals" name="meshId80-normals">
          <float_array id="meshId80-normals-array" count="132"> 0.917258 -0.337415 0.211634 0.731014 -0.606813 -0.312083 0.755574 -0.555498 -0.347175 0.941599 -0.286556 0.176854 0.260906 -0.654144 -0.709946 0.285603 -0.602543 -0.745234 -0.313505 -0.461334 -0.829992 -0.288805 -0.409725 -0.865285 -0.772822 -0.102025 -0.626368 -0.748253 -0.0506899 -0.661474 -0.941604 0.286542 -0.176848 -0.917252 0.337425 -0.211644 -0.755375 0.555954 0.346877 -0.731242 0.606379 0.312394 -0.28526 0.603296 0.744755 -0.261266 0.653431 0.71047 0.289169 0.410479 0.864806 0.313159 0.460606 0.830526 0.748491 0.051157 0.661168 0.772615 0.101561 0.626699 0.917258 -0.337415 0.211634 0.941599 -0.286556 0.176854 0.731014 -0.606813 -0.312083 0.917258 -0.337415 0.211634 -0.367422 -0.767708 0.525 0.260906 -0.654144 -0.709946 -0.313505 -0.461334 -0.829992 -0.772822 -0.102025 -0.626368 -0.941604 0.286542 -0.176848 -0.755375 0.555954 0.346877 -0.28526 0.603296 0.744755 0.289169 0.410479 0.864806 0.748491 0.051157 0.661168 0.941599 -0.286556 0.176854 0.755574 -0.555498 -0.347175 0.367422 0.767708 -0.525 0.285603 -0.602543 -0.745234 -0.288805 -0.409725 -0.865285 -0.748253 -0.0506899 -0.661474 -0.917252 0.337425 -0.211644 -0.731242 0.606379 0.312394 -0.261266 0.653431 0.71047 0.313159 0.460606 0.830526 0.772615 0.101561 0.626699 </float_array>
          <technique_common>
            <accessor count="44" offset="0" source="#meshId80-normals-array" stride="3">
              <param name="X" type="float" />
              <param name="Y" type="float" />
              <param name="Z" type="float" />
            </accessor>
          </technique_common>
        </source>
        <source id="meshId80-tangents" name="meshId80-tangents">
          <float_array id="meshId80-tangents-array" count="132"> 0.0191472 0.568093 0.822742 0.558665 0.269624 0.784345 0.558641 0.269642 0.784356 0.0112178 0.551602 0.834032 0.889142 -0.123581 0.440629 0.889131 -0.123565 0.440656 0.880061 -0.46945 -0.0714831 0.880072 -0.469433 -0.0714571 0.534894 -0.635861 -0.556389 0.534919 -0.635858 -0.556369 -0.0145146 -0.559256 -0.828868 -0.0144854 -0.559266 -0.828861 -0.558315 -0.268893 -0.784844 -0.558291 -0.268911 -0.784855 -0.888787 0.124322 -0.441137 -0.888778 0.124304 -0.441161 -0.879707 0.47019 0.0709761 -0.879715 0.470178 0.0709486 -0.534541 0.636599 0.555884 -0.534565 0.636597 0.555864 0.0105829 0.551811 0.833902 0.0184591 0.568335 0.82259 -0.515211 -0.190959 -0.835519 -0.00506916 -0.541199 -0.84088 0.535772 -0.636123 -0.555243 0.922834 -0.0468772 0.382336 0.88832 -0.451353 -0.0846614 0.534714 -0.636264 -0.556101 -0.0227913 -0.578236 -0.815551 -0.590254 -0.347341 -0.728666 0.84888 -0.201746 0.48857 0.870727 -0.488161 -0.0594434 0.534747 -0.636195 -0.556148 0.0228534 0.57837 0.815455 0.591079 0.34969 0.726872 -0.538573 0.635834 0.55286 -0.848181 0.203063 -0.489239 -0.870518 0.488562 0.0592103 -0.534797 0.636097 0.556212 0.00498745 0.541047 0.840977 0.515479 0.191308 0.835274 -0.921634 0.0499259 -0.384836 -0.888031 0.452016 0.0841567 -0.534673 0.636356 0.556036 </float_array>
          <technique_common>
            <accessor count="44" offset="0" source="#meshId80-tangents-array" stride="3">
              <param name="X" type="float" />
              <param name="Y" type="float" />
              <param name="Z" type="float" />
            </accessor>
          </technique_common>
        </source>
        <source id="meshId80-bitangents" name="meshId80-bitangents">
          <float_array id="meshId80-bitangents-array" count="132"> -0.397833 -0.750614 0.527548 -0.391806 -0.747717 0.536104 -0.342095 -0.786584 0.514058 -0.33655 -0.78334 0.522602 -0.375971 -0.746206 0.549384 -0.357599 -0.788463 0.500449 -0.356662 -0.752853 0.553176 -0.376915 -0.78215 0.496162 -0.341517 -0.765031 0.54598 -0.392401 -0.77014 0.502898 -0.336408 -0.777898 0.530757 -0.398044 -0.757209 0.517876 -0.343065 -0.786518 0.513513 -0.391913 -0.748326 0.535175 -0.358725 -0.787768 0.500738 -0.376583 -0.74671 0.548278 -0.377489 -0.781299 0.497065 -0.357815 -0.752845 0.552443 -0.392462 -0.769496 0.503834 -0.3425 -0.76448 0.546135 -0.398153 -0.762663 0.509724 -0.336231 -0.771285 0.540433 0.447409 0.771565 -0.452231 0.398262 0.770231 -0.498129 0.76023 0.0772721 0.645042 -0.283383 -0.754916 0.591436 -0.335562 -0.76384 0.551313 -0.341799 -0.764695 0.546273 -0.335949 -0.763896 0.551 -0.28462 -0.755162 0.590527 0.445004 0.771578 -0.454576 0.397765 0.770199 -0.498576 0.392181 0.76983 -0.503543 -0.335961 -0.763789 0.551141 -0.282372 -0.754413 0.59256 0.758248 0.0796182 0.647086 0.446117 0.771821 -0.45307 0.398485 0.770346 -0.497772 0.392567 0.769942 -0.503071 0.398276 0.770333 -0.497959 0.446729 0.77182 -0.452468 -0.286935 -0.755338 0.58918 -0.336648 -0.763888 0.550585 -0.342332 -0.764681 0.54596 </float_array>
          <technique_common>
            <accessor count="44" offset="0" source="#meshId80-bitangents-array" stride="3">
              <param name="X" type="float" />
              <param name="Y" type="float" />
              <param name="Z" type="float" />
            </accessor>
          </technique_common>
        </source>
        <source id="meshId80-tex0" name="meshId80-tex0">
          <float_array id="meshId80-tex0-array" count="88"> 0.998038 0.380311 0.994193 0.38031 0.994227 0.305235 0.998073 0.305237 0.990348 0.380308 0.990382 0.305233 0.986503 0.380306 0.986537 0.305231 0.982658 0.380304 0.982692 0.30523 0.978813 0.380303 0.978847 0.305228 0.974968 0.380301 0.975002 0.305226 0.971123 0.380299 0.971157 0.305224 0.967278 0.380297 0.967312 0.305223 0.963433 0.380295 0.963467 0.305221 0.959588 0.380294 0.959622 0.305219 0.539524 0.579678 0.537268 0.582791 0.533529 0.57782 0.539519 0.575833 0.537254 0.572725 0.533596 0.571542 0.529941 0.572735 0.527685 0.575849 0.52769 0.579694 0.529954 0.582801 0.533613 0.583985 0.530483 0.595679 0.528239 0.592557 0.534241 0.590721 0.528259 0.588712 0.530534 0.585612 0.534197 0.584443 0.537848 0.585649 0.540092 0.588771 0.540073 0.592616 0.537797 0.595716 0.534134 0.596885 </float_array>
          <technique_common>
            <accessor count="44" offset="0" source="#meshId80-tex0-array" stride="2">
              <param name="S" type="float" />
              <param name="T" type="float" />
            </accessor>
          </technique_common>
        </source>
        <vertices id="meshId80-vertices">
          <input semantic="POSITION" source="#meshId80-positions" />
        </vertices>
        <polylist count="40" material="defaultMaterial">
          <input offset="0" semantic="VERTEX" source="#meshId80-vertices" />
          <input offset="0" semantic="NORMAL" source="#meshId80-normals" />
          <input offset="0" semantic="TANGENT" source="#meshId80-tangents" />
          <input offset="0" semantic="BINORMAL" source="#meshId80-bitangents" />
          <input offset="0" semantic="TEXCOORD" source="#meshId80-tex0" set="0" />
          <vcount>3 3 3 3 3 3 3 3 3 3 3 3 3 3 3 3 3 3 3 3 3 3 3 3 3 3 3 3 3 3 3 3 3 3 3 3 3 3 3 3 </vcount>
          <p>3 0 1 1 2 3 2 1 4 4 5 2 5 4 6 6 7 5 7 6 8 8 9 7 9 8 10 10 11 9 11 10 12 12 13 11 13 12 14 14 15 13 15 14 16 16 17 15 17 16 18 18 19 17 19 18 20 20 21 19 22 23 24 25 22 24 26 25 24 27 26 24 28 27 24 29 28 24 30 29 24 31 30 24 32 31 24 23 32 24 33 34 35 34 36 35 36 37 35 37 38 35 38 39 35 39 40 35 40 41 35 41 42 35 42 43 35 43 33 35 </p>
        </polylist>
      </mesh>
    </geometry>
    <geometry id="meshId81" name="meshId81_name" >
      <mesh>
        <source id="meshId81-positions" name="meshId81-positions">
          <float_array id="meshId81-positions-array" count="132"> -0.626612 -0.535767 -0.0966028 -0.627337 -0.533 -0.10966 -0.579731 -0.378155 -0.0794963 -0.579005 -0.380922 -0.0664391 -0.635433 -0.528623 -0.119353 -0.587827 -0.373778 -0.0891895 -0.647808 -0.524306 -0.12198 -0.600202 -0.369461 -0.0918161 -0.659735 -0.5217 -0.116537 -0.612129 -0.366855 -0.086373 -0.666658 -0.521799 -0.105103 -0.619052 -0.366954 -0.0749391 -0.665933 -0.524565 -0.0920457 -0.618327 -0.36972 -0.0618819 -0.657837 -0.528943 -0.0823525 -0.61023 -0.374098 -0.0521887 -0.645462 -0.533259 -0.0797258 -0.597855 -0.378414 -0.0495621 -0.633535 -0.535865 -0.0851689 -0.585928 -0.381021 -0.0550052 -0.626612 -0.535767 -0.0966028 -0.579005 -0.380922 -0.0664391 -0.627337 -0.533 -0.10966 -0.626612 -0.535767 -0.0966028 -0.646711 -0.528821 -0.100534 -0.635433 -0.528623 -0.119353 -0.647808 -0.524306 -0.12198 -0.659735 -0.5217 -0.116537 -0.666658 -0.521799 -0.105103 -0.665933 -0.524565 -0.0920457 -0.657837 -0.528943 -0.0823525 -0.645462 -0.533259 -0.0797258 -0.633535 -0.535865 -0.0851689 -0.579005 -0.380922 -0.0664391 -0.579731 -0.378155 -0.0794963 -0.599104 -0.373977 -0.0703703 -0.587827 -0.373778 -0.0891895 -0.600202 -0.369461 -0.0918161 -0.612129 -0.366855 -0.086373 -0.619052 -0.366954 -0.0749391 -0.618327 -0.36972 -0.0618819 -0.61023 -0.374098 -0.0521887 -0.597855 -0.378414 -0.0495621 -0.585928 -0.381021 -0.0550052 </float_array>
          <technique_common>
            <accessor count="44" offset="0" source="#meshId81-positions-array" stride="3">
              <param name="X" type="float" />
              <param name="Y" type="float" />
              <param name="Z" type="float" />
            </accessor>
          </technique_common>
        </source>
        <source id="meshId81-normals" name="meshId81-normals">
          <float_array id="meshId81-normals-array" count="132"> 0.909386 -0.371728 0.186642 0.875744 -0.244427 -0.416326 0.906304 -0.145028 -0.396963 0.939674 -0.273213 0.205832 0.501826 -0.0425894 -0.863919 0.532556 0.0573627 -0.844449 -0.069543 0.156693 -0.985196 -0.0388087 0.256659 -0.965722 -0.620146 0.277308 -0.733839 -0.589575 0.376745 -0.714468 -0.939681 0.273188 -0.205837 -0.909378 0.371751 -0.186637 -0.906082 0.145899 0.397151 -0.876052 0.243575 0.416178 -0.532162 -0.0559452 0.844792 -0.502304 0.0411707 0.86371 0.0392549 -0.255243 0.96608 0.0691081 -0.158142 0.984995 0.589882 -0.375862 0.71468 0.6199 -0.278225 0.7337 0.909386 -0.371728 0.186642 0.939674 -0.273213 0.205832 0.875744 -0.244427 -0.416326 0.909386 -0.371728 0.186642 -0.288905 -0.939694 -0.183052 0.501826 -0.0425894 -0.863919 -0.069543 0.156693 -0.985196 -0.620146 0.277308 -0.733839 -0.939681 0.273188 -0.205837 -0.906082 0.145899 0.397151 -0.532162 -0.0559452 0.844792 0.0392549 -0.255243 0.96608 0.589882 -0.375862 0.71468 0.939674 -0.273213 0.205832 0.906304 -0.145028 -0.396963 0.288905 0.939694 0.183052 0.532556 0.0573627 -0.844449 -0.0388087 0.256659 -0.965722 -0.589575 0.376745 -0.714468 -0.909378 0.371751 -0.186637 -0.876052 0.243575 0.416178 -0.502304 0.0411707 0.86371 0.0691081 -0.158142 0.984995 0.6199 -0.278225 0.7337 </float_array>
          <technique_common>
            <accessor count="44" offset="0" source="#meshId81-normals-array" stride="3">
              <param name="X" type="float" />
              <param name="Y" type="float" />
              <param name="Z" type="float" />
            </accessor>
          </technique_common>
        </source>
        <source id="meshId81-tangents" name="meshId81-tangents">
          <float_array id="meshId81-tangents-array" count="132"> -0.238954 -0.0995971 0.96591 0.346009 -0.28361 0.89434 0.346279 -0.283659 0.89422 -0.248482 -0.131637 0.95965 0.804265 -0.344594 0.484162 0.80442 -0.344593 0.483904 0.955012 -0.274952 -0.111143 0.954984 -0.274928 -0.111444 0.740658 -0.101324 -0.664198 0.740469 -0.10125 -0.66442 0.243087 0.109995 -0.963748 0.24282 0.110114 -0.963801 -0.347642 0.278311 -0.89537 -0.347897 0.278385 -0.895249 -0.8059 0.33928 -0.485195 -0.806051 0.33928 -0.484944 -0.956646 0.269638 0.110111 -0.956626 0.269589 0.110401 -0.742288 0.0960173 0.663166 -0.742105 0.0959404 0.663382 -0.250409 -0.130967 0.959241 -0.240328 -0.0990977 0.96562 0.352653 -0.265064 0.897428 -0.218955 -0.046289 0.974636 0.604694 -0.32735 0.726076 0.799557 -0.358177 0.482098 0.93234 -0.34107 -0.120058 -0.275658 -0.952815 -0.127106 -0.260363 -0.180988 0.948396 0.342844 -0.296879 0.891247 0.809463 -0.326065 0.488314 0.974121 -0.205598 -0.0939015 0.300392 0.923686 0.237842 -0.260235 -0.180435 0.948536 0.342838 -0.296957 0.891223 0.601949 -0.326982 0.728519 0.809626 -0.325396 0.488491 0.974716 -0.203107 -0.0931494 0.248502 0.926257 0.283364 -0.219135 -0.046768 0.974573 0.352472 -0.265537 0.897359 0.799661 -0.357919 0.482117 0.932877 -0.339626 -0.119979 -0.327669 -0.941388 -0.0801369 </float_array>
          <technique_common>
            <accessor count="44" offset="0" source="#meshId81-tangents-array" stride="3">
              <param name="X" type="float" />
              <param name="Y" type="float" />
              <param name="Z" type="float" />
            </accessor>
          </technique_common>
        </source>
        <source id="meshId81-bitangents" name="meshId81-bitangents">
          <float_array id="meshId81-bitangents-array" count="132"> -0.340467 -0.922984 -0.179398 -0.336675 -0.927265 -0.163796 -0.242289 -0.947895 -0.206861 -0.235093 -0.952904 -0.191585 -0.318322 -0.937785 -0.138673 -0.263233 -0.936998 -0.229659 -0.288297 -0.948604 -0.130522 -0.294107 -0.926575 -0.234436 -0.258543 -0.955423 -0.142554 -0.322657 -0.920767 -0.219274 -0.240644 -0.955651 -0.169769 -0.337743 -0.921779 -0.190404 -0.241165 -0.949345 -0.201452 -0.333918 -0.929071 -0.15914 -0.259477 -0.93902 -0.225639 -0.313005 -0.939784 -0.137236 -0.288597 -0.928518 -0.233592 -0.283003 -0.949901 -0.132652 -0.31788 -0.921688 -0.222359 -0.254961 -0.955713 -0.146999 -0.332133 -0.919057 -0.212184 -0.243422 -0.956836 -0.15878 -0.329709 -0.932736 -0.14593 -0.35366 -0.927187 -0.123486 -0.742212 0.0990768 0.662801 -0.329968 -0.932682 -0.14569 -0.354833 -0.926887 -0.122372 -0.73446 0.123464 0.667327 0.221837 0.944781 0.241199 0.247938 0.943704 0.218976 0.248138 0.943691 0.218805 0.222592 0.944765 0.240567 -0.749536 0.0743856 0.657771 -0.222013 -0.94488 -0.24065 -0.247133 -0.943813 -0.219413 0.74444 -0.100285 -0.660115 -0.246759 -0.943836 -0.219734 -0.220053 -0.94492 -0.242288 0.768537 -0.0104823 -0.639719 0.35357 0.927153 0.123994 0.329085 0.932824 0.146771 0.328987 0.932845 0.146861 0.353504 0.92717 0.124056 0.712992 -0.190734 -0.674732 </float_array>
          <technique_common>
            <accessor count="44" offset="0" source="#meshId81-bitangents-array" stride="3">
              <param name="X" type="float" />
              <param name="Y" type="float" />
              <param name="Z" type="float" />
            </accessor>
          </technique_common>
        </source>
        <source id="meshId81-tex0" name="meshId81-tex0">
          <float_array id="meshId81-tex0-array" count="88"> 0.423891 0.929945 0.419925 0.929955 0.419916 0.883996 0.423882 0.883986 0.41596 0.929966 0.415951 0.884007 0.411994 0.929976 0.411985 0.884017 0.408029 0.929986 0.408019 0.884027 0.404063 0.929996 0.404054 0.884037 0.400097 0.930006 0.400088 0.884047 0.396132 0.930016 0.396122 0.884057 0.392166 0.930026 0.392157 0.884067 0.3882 0.930036 0.388191 0.884077 0.384235 0.930046 0.384226 0.884087 0.491225 0.369721 0.494339 0.371977 0.489368 0.375717 0.48738 0.369727 0.484272 0.371991 0.483089 0.375649 0.484282 0.379305 0.487396 0.38156 0.491241 0.381555 0.494349 0.379291 0.495532 0.375632 0.370057 0.401247 0.366935 0.403491 0.365099 0.397489 0.36309 0.403472 0.35999 0.401196 0.358821 0.397533 0.360027 0.393882 0.363149 0.391638 0.366994 0.391658 0.370094 0.393933 0.371263 0.397596 </float_array>
          <technique_common>
            <accessor count="44" offset="0" source="#meshId81-tex0-array" stride="2">
              <param name="S" type="float" />
              <param name="T" type="float" />
            </accessor>
          </technique_common>
        </source>
        <vertices id="meshId81-vertices">
          <input semantic="POSITION" source="#meshId81-positions" />
        </vertices>
        <polylist count="40" material="defaultMaterial">
          <input offset="0" semantic="VERTEX" source="#meshId81-vertices" />
          <input offset="0" semantic="NORMAL" source="#meshId81-normals" />
          <input offset="0" semantic="TANGENT" source="#meshId81-tangents" />
          <input offset="0" semantic="BINORMAL" source="#meshId81-bitangents" />
          <input offset="0" semantic="TEXCOORD" source="#meshId81-tex0" set="0" />
          <vcount>3 3 3 3 3 3 3 3 3 3 3 3 3 3 3 3 3 3 3 3 3 3 3 3 3 3 3 3 3 3 3 3 3 3 3 3 3 3 3 3 </vcount>
          <p>3 0 1 1 2 3 2 1 4 4 5 2 5 4 6 6 7 5 7 6 8 8 9 7 9 8 10 10 11 9 11 10 12 12 13 11 13 12 14 14 15 13 15 14 16 16 17 15 17 16 18 18 19 17 19 18 20 20 21 19 22 23 24 25 22 24 26 25 24 27 26 24 28 27 24 29 28 24 30 29 24 31 30 24 32 31 24 23 32 24 33 34 35 34 36 35 36 37 35 37 38 35 38 39 35 39 40 35 40 41 35 41 42 35 42 43 35 43 33 35 </p>
        </polylist>
      </mesh>
    </geometry>
    <geometry id="meshId82" name="meshId82_name" >
      <mesh>
        <source id="meshId82-positions" name="meshId82-positions">
          <float_array id="meshId82-positions-array" count="96"> -0.712587 -0.535372 0.201197 -0.708551 -0.53707 0.188568 -0.712005 -0.402679 0.169397 -0.716041 -0.400981 0.182027 -0.712773 -0.538967 0.176028 -0.716227 -0.404576 0.156858 -0.747569 -0.536217 0.201576 -0.736702 -0.534845 0.209237 -0.740155 -0.400454 0.190067 -0.751023 -0.401826 0.182406 -0.723339 -0.534522 0.209092 -0.726793 -0.400131 0.189922 -0.708551 -0.53707 0.188568 -0.712587 -0.535372 0.201197 -0.730359 -0.537558 0.189072 -0.712773 -0.538967 0.176028 -0.736702 -0.534845 0.209237 -0.747569 -0.536217 0.201576 -0.723339 -0.534522 0.209092 -0.716041 -0.400981 0.182027 -0.712005 -0.402679 0.169397 -0.733812 -0.403167 0.169901 -0.716227 -0.404576 0.156858 -0.751023 -0.401826 0.182406 -0.740155 -0.400454 0.190067 -0.726793 -0.400131 0.189922 -0.712773 -0.538967 0.176028 -0.730359 -0.537558 0.189072 -0.733812 -0.403167 0.169901 -0.716227 -0.404576 0.156858 -0.747569 -0.536217 0.201576 -0.751023 -0.401826 0.182406 </float_array>
          <technique_common>
            <accessor count="32" offset="0" source="#meshId82-positions-array" stride="3">
              <param name="X" type="float" />
              <param name="Y" type="float" />
              <param name="Z" type="float" />
            </accessor>
          </technique_common>
        </source>
        <source id="meshId82-normals" name="meshId82-normals">
          <float_array id="meshId82-normals-array" count="96"> 0.813012 0.0395255 0.580903 0.999223 -0.0393797 -0.00176879 0.99596 0.0875656 -0.0198771 0.809779 0.165344 0.562956 -0.01873 -0.17862 -0.98374 -0.0206328 -0.104551 -0.994305 -0.952741 -0.102862 -0.285838 -0.299757 0.0647591 0.951815 -0.302944 0.188773 0.934125 -0.954634 -0.0292009 -0.296345 0.316855 0.0793055 0.945153 0.313651 0.204003 0.927365 0.999223 -0.0393797 -0.00176879 0.813012 0.0395255 0.580903 -0.591668 -0.1747 -0.787025 -0.01873 -0.17862 -0.98374 -0.299757 0.0647591 0.951815 -0.952741 -0.102862 -0.285838 0.316855 0.0793055 0.945153 0.809779 0.165344 0.562956 0.99596 0.0875656 -0.0198771 -0.594046 -0.0821853 -0.800222 -0.0206328 -0.104551 -0.994305 -0.954634 -0.0292009 -0.296345 -0.302944 0.188773 0.934125 0.313651 0.204003 0.927365 -0.01873 -0.17862 -0.98374 -0.591668 -0.1747 -0.787025 -0.594046 -0.0821853 -0.800222 -0.0206328 -0.104551 -0.994305 -0.952741 -0.102862 -0.285838 -0.954634 -0.0292009 -0.296345 </float_array>
          <technique_common>
            <accessor count="32" offset="0" source="#meshId82-normals-array" stride="3">
              <param name="X" type="float" />
              <param name="Y" type="float" />
              <param name="Z" type="float" />
            </accessor>
          </technique_common>
        </source>
        <source id="meshId82-tangents" name="meshId82-tangents">
          <float_array id="meshId82-tangents-array" count="96"> 0.0263008 0.994182 -0.104455 0.0387329 0.989169 -0.141575 -0.089494 0.986073 -0.140184 -0.0770637 0.981133 -0.177314 -0.0261526 0.983663 -0.178108 -0.0246777 0.994267 -0.104035 -0.060932 0.986514 -0.151912 -0.044301 0.995672 -0.0816948 -0.0064642 0.979756 -0.200091 0.0101014 0.991432 -0.130233 -0.00548136 0.996635 -0.0817876 -0.0452829 0.978751 -0.199992 -0.00389009 -0.0538531 -0.998541 0.582071 -0.0796456 -0.809228 0.804428 -0.0635867 -0.590637 0.99844 0.0484252 -0.0278027 0.95327 -0.0191188 0.301515 0.299161 -0.154195 -0.941661 0.948372 -0.0411208 -0.314484 -0.556021 -0.0901047 0.826269 0.0114836 0.0953349 0.995379 0.00427709 0.994431 -0.105307 0.996786 0.0748422 -0.0285539 -0.296715 0.177395 0.938345 0.952295 0.022041 0.304382 0.939746 -0.20659 -0.272393 0.0261914 -0.983662 0.178108 0.0531872 -0.98257 0.178121 -0.00229431 -0.99459 0.103851 0.0247212 -0.994267 0.104034 0.0609442 -0.986519 0.151873 -0.0100892 -0.991437 0.130194 </float_array>
          <technique_common>
            <accessor count="32" offset="0" source="#meshId82-tangents-array" stride="3">
              <param name="X" type="float" />
              <param name="Y" type="float" />
              <param name="Z" type="float" />
            </accessor>
          </technique_common>
        </source>
        <source id="meshId82-bitangents" name="meshId82-bitangents">
          <float_array id="meshId82-bitangents-array" count="96"> -0.581652 0.100202 0.807243 0.00732482 0.141397 0.989926 0.00732494 0.141396 0.989926 -0.581652 0.100202 0.807243 0.999482 0.0223914 -0.0230954 0.999483 0.0223906 -0.0230946 0.297609 -0.127317 -0.94616 -0.952987 -0.0666549 -0.295591 -0.952987 -0.0666547 -0.29559 0.297609 -0.127318 -0.94616 -0.948458 0.0207341 0.316224 -0.948458 0.0207337 0.316224 0.039227 0.997772 -0.0539644 0.0142813 0.996039 -0.0877596 0.0531401 -0.982566 0.178156 0.0526039 -0.982726 0.177435 0.0377235 0.997718 -0.0560019 0.0527863 -0.982671 0.17768 0.0139252 0.996002 -0.0882404 0.187344 -0.982111 0.0189699 0.0890559 -0.991586 0.0939442 0.80442 -0.0659799 -0.590386 0.0774014 -0.991699 0.102671 0.0251697 0.983706 -0.178012 0.0368702 0.981773 -0.186445 0.136016 0.956924 -0.256508 -0.999481 -0.0224296 0.0231023 -0.804425 0.0635291 0.590647 -0.804428 0.063528 0.590644 -0.999481 -0.0224339 0.0230992 -0.297607 0.127276 0.946167 -0.29761 0.127278 0.946165 </float_array>
          <technique_common>
            <accessor count="32" offset="0" source="#meshId82-bitangents-array" stride="3">
              <param name="X" type="float" />
              <param name="Y" type="float" />
              <param name="Z" type="float" />
            </accessor>
          </technique_common>
        </source>
        <source id="meshId82-tex0" name="meshId82-tex0">
          <float_array id="meshId82-tex0-array" count="64"> 0.320827 0.323054 0.320827 0.319218 0.359977 0.319218 0.359977 0.323054 0.320827 0.315382 0.359977 0.315382 0.320827 0.334564 0.320827 0.330727 0.359977 0.330727 0.359977 0.334564 0.320827 0.326891 0.359977 0.326891 0.485001 0.361338 0.48189 0.363598 0.479878 0.357713 0.486188 0.357682 0.474935 0.361339 0.473746 0.357683 0.478045 0.363599 0.427356 0.37459 0.425096 0.377701 0.42147 0.372578 0.42144 0.378889 0.421438 0.366446 0.425095 0.367634 0.427356 0.370745 0.652903 0.655031 0.6529 0.661346 0.613862 0.661344 0.613865 0.655029 0.652897 0.667481 0.613859 0.667479 </float_array>
          <technique_common>
            <accessor count="32" offset="0" source="#meshId82-tex0-array" stride="2">
              <param name="S" type="float" />
              <param name="T" type="float" />
            </accessor>
          </technique_common>
        </source>
        <vertices id="meshId82-vertices">
          <input semantic="POSITION" source="#meshId82-positions" />
        </vertices>
        <polylist count="24" material="defaultMaterial">
          <input offset="0" semantic="VERTEX" source="#meshId82-vertices" />
          <input offset="0" semantic="NORMAL" source="#meshId82-normals" />
          <input offset="0" semantic="TANGENT" source="#meshId82-tangents" />
          <input offset="0" semantic="BINORMAL" source="#meshId82-bitangents" />
          <input offset="0" semantic="TEXCOORD" source="#meshId82-tex0" set="0" />
          <vcount>3 3 3 3 3 3 3 3 3 3 3 3 3 3 3 3 3 3 3 3 3 3 3 3 </vcount>
          <p>3 0 1 1 2 3 2 1 4 4 5 2 9 6 7 7 8 9 8 7 10 10 11 8 11 10 0 0 3 11 12 13 14 15 12 14 16 17 14 18 16 14 13 18 14 19 20 21 20 22 21 23 24 21 24 25 21 25 19 21 29 26 27 27 28 29 28 27 30 30 31 28 </p>
        </polylist>
      </mesh>
    </geometry>
    <geometry id="meshId83" name="meshId83_name" >
      <mesh>
        <source id="meshId83-positions" name="meshId83-positions">
          <float_array id="meshId83-positions-array" count="96"> -0.777925 -0.418751 -0.0189013 -0.764732 -0.41867 -0.0167528 -0.786553 -0.419692 0.117274 -0.799745 -0.419773 0.115126 -0.754116 -0.410747 -0.0149641 -0.775936 -0.411769 0.119063 -0.788839 -0.385537 -0.0204247 -0.792824 -0.398274 -0.0211707 -0.814644 -0.399296 0.112856 -0.810659 -0.386559 0.113602 -0.788655 -0.410961 -0.0205887 -0.810475 -0.411983 0.113438 -0.764732 -0.41867 -0.0167528 -0.777925 -0.418751 -0.0189013 -0.771789 -0.398047 -0.0177445 -0.754116 -0.410747 -0.0149641 -0.792824 -0.398274 -0.0211707 -0.788839 -0.385537 -0.0204247 -0.788655 -0.410961 -0.0205887 -0.799745 -0.419773 0.115126 -0.786553 -0.419692 0.117274 -0.793609 -0.399069 0.116282 -0.775936 -0.411769 0.119063 -0.810659 -0.386559 0.113602 -0.814644 -0.399296 0.112856 -0.810475 -0.411983 0.113438 -0.754116 -0.410747 -0.0149641 -0.771789 -0.398047 -0.0177445 -0.793609 -0.399069 0.116282 -0.775936 -0.411769 0.119063 -0.788839 -0.385537 -0.0204247 -0.810659 -0.386559 0.113602 </float_array>
          <technique_common>
            <accessor count="32" offset="0" source="#meshId83-positions-array" stride="3">
              <param name="X" type="float" />
              <param name="Y" type="float" />
              <param name="Z" type="float" />
            </accessor>
          </technique_common>
        </source>
        <source id="meshId83-normals" name="meshId83-normals">
          <float_array id="meshId83-normals-array" count="96"> -0.287306 -0.95049 -0.118428 0.321525 -0.946693 -0.0198558 0.300914 -0.947658 0.106746 -0.307734 -0.951446 0.00705005 0.937869 0.326574 0.117263 0.925844 0.326009 0.191132 -0.00571819 0.999503 -0.031016 -0.974973 -0.00560576 -0.222253 -0.995108 -0.00654952 -0.0985746 -0.0176778 0.998942 0.0424455 -0.782535 -0.591038 -0.195738 -0.802781 -0.591987 -0.0713777 0.321525 -0.946693 -0.0198558 -0.287306 -0.95049 -0.118428 0.581173 0.812023 0.0534508 0.937869 0.326574 0.117263 -0.974973 -0.00560576 -0.222253 -0.00571819 0.999503 -0.031016 -0.782535 -0.591038 -0.195738 -0.307734 -0.951446 0.00705005 0.300914 -0.947658 0.106746 0.566152 0.81132 0.145715 0.925844 0.326009 0.191132 -0.0176778 0.998942 0.0424455 -0.995108 -0.00654952 -0.0985746 -0.802781 -0.591987 -0.0713777 0.937869 0.326574 0.117263 0.581173 0.812023 0.0534508 0.566152 0.81132 0.145715 0.925844 0.326009 0.191132 -0.00571819 0.999503 -0.031016 -0.0176778 0.998942 0.0424455 </float_array>
          <technique_common>
            <accessor count="32" offset="0" source="#meshId83-normals-array" stride="3">
              <param name="X" type="float" />
              <param name="Y" type="float" />
              <param name="Z" type="float" />
            </accessor>
          </technique_common>
        </source>
        <source id="meshId83-tangents" name="meshId83-tangents">
          <float_array id="meshId83-tangents-array" count="96"> 0.940906 -0.303207 0.15087 0.936442 0.314796 0.154856 0.936442 0.314796 0.154855 0.940906 -0.303207 0.150871 -0.336118 0.938964 0.0732812 -0.297783 0.940759 -0.162164 -0.962672 -0.0138957 -0.270315 0.00721955 -0.999953 -0.00644924 0.00721999 -0.999953 -0.00644653 -0.998666 -0.0155809 -0.0492254 0.585978 -0.805396 0.0892577 0.585978 -0.805396 0.0892611 0.920469 0.307562 0.241127 0.937001 -0.304549 0.171111 0.802729 -0.58283 0.126237 0.31999 -0.944704 0.0716973 0.0262809 -0.995579 -0.0901776 0.990964 0.00982048 0.13377 0.59016 -0.80431 0.0692586 0.896231 -0.287371 0.337917 0.92703 0.316939 0.200412 0.185363 0.0469427 -0.981548 -0.312658 0.944885 -0.097146 0.993784 0.012888 0.110575 -0.011692 0.998595 0.0516821 -0.596266 0.796358 0.101397 0.125687 -0.00473592 -0.992059 0.133705 -0.0304916 -0.990552 0.187392 0.0454674 -0.981232 0.19548 0.0196998 -0.98051 0.161048 -0.0296912 -0.9865 0.160177 0.0447333 -0.986074 </float_array>
          <technique_common>
            <accessor count="32" offset="0" source="#meshId83-tangents-array" stride="3">
              <param name="X" type="float" />
              <param name="Y" type="float" />
              <param name="Z" type="float" />
            </accessor>
          </technique_common>
        </source>
        <source id="meshId83-bitangents" name="meshId83-bitangents">
          <float_array id="meshId83-bitangents-array" count="96"> -0.179308 -0.0680836 0.981434 -0.14035 -0.0683839 0.987738 -0.180353 0.0533636 0.982153 -0.141408 0.0530617 0.988528 -0.0861739 -0.108142 0.990394 -0.232676 0.0932224 0.968076 -0.270611 0.0283126 0.962272 -0.222206 -0.0078924 0.974968 -0.0985277 -0.00712671 0.995109 -0.048512 -0.0432591 0.997885 -0.210401 -0.0448508 0.976586 -0.110329 0.0298313 0.993448 -0.222166 -0.0958051 0.97029 -0.198706 -0.0618058 0.978108 0.13366 -0.0304589 -0.990559 0.134193 -0.0297198 -0.990509 -0.220765 -0.0937617 0.97081 0.134008 -0.0299709 -0.990527 -0.198368 -0.0613194 0.978208 -0.319484 0.110307 0.941149 -0.223754 0.0386502 0.973879 -0.80319 0.582715 -0.123812 -0.212268 0.0301831 0.976745 0.109911 0.0441364 -0.992961 0.0980976 0.0525818 -0.993787 -0.00318355 0.12396 -0.992282 -0.323425 0.94516 -0.0454879 -0.802721 0.582828 -0.126292 -0.802718 0.582832 -0.126293 -0.32342 0.945161 -0.0454893 -0.98693 -0.0106361 -0.160798 -0.98693 -0.0106329 -0.160798 </float_array>
          <technique_common>
            <accessor count="32" offset="0" source="#meshId83-bitangents-array" stride="3">
              <param name="X" type="float" />
              <param name="Y" type="float" />
              <param name="Z" type="float" />
            </accessor>
          </technique_common>
        </source>
        <source id="meshId83-tex0" name="meshId83-tex0">
          <float_array id="meshId83-tex0-array" count="64"> 0.45115 0.581945 0.454986 0.581945 0.454986 0.621096 0.45115 0.621096 0.458822 0.581945 0.458822 0.621096 0.439641 0.581945 0.443477 0.581945 0.443477 0.621096 0.439641 0.621096 0.447313 0.581945 0.447313 0.621096 0.498162 0.361519 0.495051 0.36378 0.493038 0.357894 0.49935 0.357862 0.488095 0.36152 0.486907 0.357863 0.491206 0.36378 0.415163 0.370776 0.417423 0.367665 0.42105 0.372788 0.42108 0.366476 0.421081 0.378919 0.417424 0.377732 0.415164 0.374621 0.654648 0.639279 0.654645 0.645595 0.615606 0.645593 0.61561 0.639278 0.654642 0.65173 0.615604 0.651728 </float_array>
          <technique_common>
            <accessor count="32" offset="0" source="#meshId83-tex0-array" stride="2">
              <param name="S" type="float" />
              <param name="T" type="float" />
            </accessor>
          </technique_common>
        </source>
        <vertices id="meshId83-vertices">
          <input semantic="POSITION" source="#meshId83-positions" />
        </vertices>
        <polylist count="24" material="defaultMaterial">
          <input offset="0" semantic="VERTEX" source="#meshId83-vertices" />
          <input offset="0" semantic="NORMAL" source="#meshId83-normals" />
          <input offset="0" semantic="TANGENT" source="#meshId83-tangents" />
          <input offset="0" semantic="BINORMAL" source="#meshId83-bitangents" />
          <input offset="0" semantic="TEXCOORD" source="#meshId83-tex0" set="0" />
          <vcount>3 3 3 3 3 3 3 3 3 3 3 3 3 3 3 3 3 3 3 3 3 3 3 3 </vcount>
          <p>3 0 1 1 2 3 2 1 4 4 5 2 9 6 7 7 8 9 8 7 10 10 11 8 11 10 0 0 3 11 12 13 14 15 12 14 16 17 14 18 16 14 13 18 14 19 20 21 20 22 21 23 24 21 24 25 21 25 19 21 29 26 27 27 28 29 28 27 30 30 31 28 </p>
        </polylist>
      </mesh>
    </geometry>
    <geometry id="meshId84" name="meshId84_name" >
      <mesh>
        <source id="meshId84-positions" name="meshId84-positions">
          <float_array id="meshId84-positions-array" count="240"> -0.869837 -0.42581 0.165174 -0.890114 -0.427671 0.144666 -0.88121 -0.43416 0.13565 -0.859489 -0.433352 0.154696 -0.905054 -0.43452 0.129384 -0.900474 -0.437859 0.124746 -0.844271 -0.385798 0.135496 -0.854619 -0.378256 0.145974 -0.847466 -0.377802 0.152711 -0.837118 -0.385344 0.142233 -0.852254 -0.432893 0.16151 -0.862602 -0.42535 0.171989 -0.91686 -0.442241 0.116592 -0.917579 -0.441717 0.11732 -0.896682 -0.376065 0.0907033 -0.887457 -0.379191 0.106968 -0.882852 -0.382547 0.102305 -0.895962 -0.376589 0.0899749 -0.866072 -0.386613 0.116369 -0.874981 -0.38012 0.125391 -0.849566 -0.384399 0.155386 -0.854323 -0.399343 0.161445 -0.843975 -0.406885 0.150966 -0.839218 -0.391941 0.144907 -0.859087 -0.414308 0.167512 -0.848739 -0.42185 0.157034 -0.915493 -0.420488 0.1041 -0.911928 -0.405573 0.0968858 -0.911209 -0.406097 0.0961574 -0.914774 -0.421012 0.103372 -0.905405 -0.390554 0.0925169 -0.904686 -0.391078 0.0917885 -0.867944 -0.392599 0.118762 -0.872679 -0.407547 0.124797 -0.890415 -0.406594 0.111957 -0.885838 -0.391512 0.10608 -0.877457 -0.422504 0.130878 -0.895336 -0.421428 0.118183 -0.886431 -0.415963 0.139966 -0.88168 -0.400987 0.133911 -0.895169 -0.403129 0.116771 -0.899767 -0.418198 0.122669 -0.876907 -0.386067 0.127837 -0.890229 -0.388312 0.110526 -0.837118 -0.385344 0.142233 -0.847466 -0.377802 0.152711 -0.896682 -0.376065 0.0907033 -0.895962 -0.376589 0.0899749 -0.862602 -0.42535 0.171989 -0.852254 -0.432893 0.16151 -0.91686 -0.442241 0.116592 -0.917579 -0.441717 0.11732 -0.854619 -0.378256 0.145974 -0.856602 -0.38465 0.148473 -0.846364 -0.392108 0.138117 -0.844271 -0.385798 0.135496 -0.837118 -0.385344 0.142233 -0.839218 -0.391941 0.144907 -0.866709 -0.414589 0.160026 -0.869837 -0.42581 0.165174 -0.859489 -0.433352 0.154696 -0.856483 -0.422038 0.149682 -0.848739 -0.42185 0.157034 -0.852254 -0.432893 0.16151 -0.900474 -0.437859 0.124746 -0.882852 -0.382547 0.102305 -0.905405 -0.390554 0.0925169 -0.887457 -0.379191 0.106968 -0.896682 -0.376065 0.0907033 -0.917579 -0.441717 0.11732 -0.905054 -0.43452 0.129384 -0.915493 -0.420488 0.1041 -0.88121 -0.43416 0.13565 -0.866072 -0.386613 0.116369 -0.874981 -0.38012 0.125391 -0.890114 -0.427671 0.144666 -0.843975 -0.406885 0.150966 -0.851423 -0.407073 0.143899 -0.861655 -0.399619 0.154249 -0.911928 -0.405573 0.0968858 </float_array>
          <technique_common>
            <accessor count="80" offset="0" source="#meshId84-positions-array" stride="3">
              <param name="X" type="float" />
              <param name="Y" type="float" />
              <param name="Z" type="float" />
            </accessor>
          </technique_common>
        </source>
        <source id="meshId84-normals" name="meshId84-normals">
          <float_array id="meshId84-normals-array" count="240"> -0.628409 -0.399278 0.667593 -0.678581 -0.245395 0.692321 0.260794 -0.930028 -0.258909 0.164422 -0.977075 -0.13524 -0.722818 0.0927749 0.684782 0.438006 -0.753259 -0.490664 0.508296 0.618855 -0.598877 -0.0107947 0.997256 -0.0732379 0.41793 0.847028 0.328447 0.834076 0.54377 -0.0929077 0.627131 -0.667685 0.401126 0.0734802 -0.264142 0.961681 0.44125 -0.638159 -0.630913 -0.767598 0.242866 0.593136 -0.570292 0.71198 0.409698 -0.369638 0.871786 0.321491 0.671276 0.113078 -0.732531 0.60635 -0.145658 -0.781744 0.563845 0.523157 -0.639051 -0.0851451 0.996204 0.0181289 0.295807 0.275578 0.914634 0.285305 0.280706 0.916409 0.94805 -0.202238 0.245561 0.94601 -0.198239 0.256451 0.279964 0.283724 0.917126 0.949189 -0.203964 0.239663 -0.756941 0.415109 0.504703 -0.740077 0.443661 0.505422 0.492253 -0.4545 -0.742372 0.471729 -0.480374 -0.7394 -0.738424 0.469214 0.484322 0.490458 -0.426455 -0.759991 0.556225 -0.456724 -0.694274 0.557951 -0.45774 -0.692217 0.517334 -0.456687 -0.723742 0.517693 -0.446105 -0.730057 0.554322 -0.459409 -0.694025 0.51041 -0.467059 -0.722037 -0.691033 0.448264 0.567038 -0.687855 0.450275 0.569305 -0.721081 0.445931 0.530272 -0.727155 0.434923 0.531119 -0.689278 0.451085 0.566938 -0.719964 0.455987 0.52319 0.834076 0.54377 -0.0929077 0.41793 0.847028 0.328447 -0.570292 0.71198 0.409698 0.60635 -0.145658 -0.781744 0.0734802 -0.264142 0.961681 0.627131 -0.667685 0.401126 0.44125 -0.638159 -0.630913 -0.767598 0.242866 0.593136 -0.0107947 0.997256 -0.0732379 -0.645896 0.45377 0.613931 0.604438 -0.457542 -0.652158 0.508296 0.618855 -0.598877 0.834076 0.54377 -0.0929077 0.94601 -0.198239 0.256451 -0.645957 0.454757 0.613136 -0.628409 -0.399278 0.667593 0.164422 -0.977075 -0.13524 0.60436 -0.456535 -0.652936 0.949189 -0.203964 0.239663 0.627131 -0.667685 0.401126 0.438006 -0.753259 -0.490664 0.671276 0.113078 -0.732531 -0.738424 0.469214 0.484322 -0.369638 0.871786 0.321491 -0.570292 0.71198 0.409698 -0.767598 0.242866 0.593136 -0.722818 0.0927749 0.684782 -0.756941 0.415109 0.504703 0.260794 -0.930028 -0.258909 0.563845 0.523157 -0.639051 -0.0851451 0.996204 0.0181289 -0.678581 -0.245395 0.692321 0.94805 -0.202238 0.245561 0.604853 -0.456684 -0.652375 -0.645486 0.454631 0.613725 -0.740077 0.443661 0.505422 </float_array>
          <technique_common>
            <accessor count="80" offset="0" source="#meshId84-normals-array" stride="3">
              <param name="X" type="float" />
              <param name="Y" type="float" />
              <param name="Z" type="float" />
            </accessor>
          </technique_common>
        </source>
        <source id="meshId84-tangents" name="meshId84-tangents">
          <float_array id="meshId84-tangents-array" count="240"> 0.293948 -0.916471 -0.271433 0.175639 -0.969409 -0.171456 0.650797 0.367456 -0.664409 0.674154 0.2114 -0.707691 -0.121388 -0.992585 0.0063455 0.588172 0.652896 -0.477264 0.455433 -0.783379 -0.422963 0.682365 -0.0461916 -0.729551 0.810618 -0.18446 -0.555763 0.368958 -0.675088 -0.638847 0.388088 -0.178665 -0.904139 0.733904 -0.638595 -0.231477 0.774258 0.626168 -0.0918561 -0.452938 -0.860313 -0.233898 0.261446 0.630141 -0.731142 0.57289 0.486233 -0.659829 0.120213 -0.991819 -0.0429418 0.16149 -0.94004 0.30041 0.389261 -0.850786 -0.353042 0.679801 0.0713853 -0.729914 0.912535 -0.364633 -0.185265 0.915798 -0.36186 -0.174273 0.145449 -0.410941 -0.899985 0.156741 -0.412755 -0.897255 0.917388 -0.360564 -0.1685 0.139414 -0.41022 -0.901268 -0.596258 -0.754784 -0.273456 -0.57095 -0.0173466 -0.820802 0.836586 0.0114484 0.547716 0.723283 -0.268807 0.636085 -0.0512678 0.677078 -0.734123 0.871464 0.238663 0.428475 0.781473 0.00327498 0.62393 0.779989 0.00441593 0.625778 0.806256 -0.0234342 0.591102 0.806063 -0.0317306 0.590979 0.782488 0.00350623 0.622656 0.81151 -0.0161652 0.584115 0.665591 0.0886828 0.741029 0.66834 0.0869288 0.738759 0.632116 0.110059 0.767018 0.628901 0.111909 0.769389 0.666566 0.0882275 0.740206 0.629501 0.111671 0.768933 0.368953 -0.675082 -0.638857 0.871884 -0.475543 0.116949 0.476079 0.692925 -0.541483 0.744749 -0.240562 0.622478 0.985009 -0.131682 -0.111431 0.388026 -0.178731 -0.904152 0.823167 0.00787351 0.567745 -0.25 -0.965578 0.0718317 0.714809 0.0589124 0.696834 0.709275 0.0592108 0.70244 0.744684 0.0336759 0.666567 0.741949 0.038352 0.669359 0.308012 -0.31933 0.896191 -0.1563 0.414134 0.896696 0.708931 0.0594778 0.702765 0.711059 0.053164 0.70112 0.739628 0.0314115 0.672282 0.744848 0.0329137 0.666421 -0.139536 0.409836 0.901423 0.406623 0.719876 0.562527 0.785793 0.055683 0.615978 0.740016 -0.0462146 0.671 0.60055 0.130916 0.788797 0.664746 0.00636412 0.747042 0.651282 0.0879551 0.753721 0.62984 0.114406 0.768253 0.691013 0.10551 0.715101 0.59808 0.128846 0.791011 0.776487 0.0427204 0.628684 0.761896 -0.0308674 0.646963 0.66581 0.0433515 0.744861 0.690904 0.106736 0.715024 -0.145352 0.411246 0.899861 0.744546 0.033698 0.666721 0.709405 0.0591311 0.702316 0.609207 0.12392 0.783269 </float_array>
          <technique_common>
            <accessor count="80" offset="0" source="#meshId84-tangents-array" stride="3">
              <param name="X" type="float" />
              <param name="Y" type="float" />
              <param name="Z" type="float" />
            </accessor>
          </technique_common>
        </source>
        <source id="meshId84-bitangents" name="meshId84-bitangents">
          <float_array id="meshId84-bitangents-array" count="240"> 0.720206 0.0256668 0.693285 0.713217 0.00525212 0.700924 0.713057 0.00477684 0.70109 0.720057 0.0251872 0.693457 0.680293 -0.0785377 0.72872 0.679856 -0.0795499 0.729018 -0.7309 -0.0577585 -0.680036 -0.730932 -0.0578503 -0.679994 -0.410162 0.498515 -0.763708 -0.410107 0.498568 -0.763703 0.675347 0.722686 0.147074 0.675267 0.72279 0.146931 0.453676 -0.447958 0.770397 0.453477 -0.448193 0.770377 -0.778726 -0.30985 -0.545509 -0.73155 -0.0597189 -0.679168 -0.731394 -0.0592344 -0.679377 -0.778628 -0.308397 -0.546471 -0.728392 -0.0496968 -0.683356 -0.728437 -0.0498245 -0.683299 0.28245 0.889438 -0.359336 0.282692 0.888967 -0.36031 0.282922 0.888947 -0.360177 0.283722 0.889008 -0.359398 0.282875 0.888535 -0.36123 0.282141 0.888886 -0.360941 0.267428 -0.507923 0.818839 -0.35539 -0.896027 0.266146 -0.240438 -0.890673 0.385864 -0.504314 -0.834856 0.220642 -0.672385 -0.566924 -0.475915 -0.00134358 -0.872454 0.488695 -0.28269 -0.889602 0.358739 -0.283387 -0.889075 0.359496 -0.286909 -0.889319 0.356084 -0.286804 -0.894418 0.343162 -0.283621 -0.888218 0.361426 -0.284488 -0.884079 0.370772 0.28189 0.889492 -0.359643 0.283156 0.888648 -0.360731 0.283676 0.888275 -0.361242 0.275188 0.893487 -0.354898 0.283876 0.88811 -0.361491 0.292198 0.882953 -0.367444 -0.410111 0.498576 -0.763695 0.25525 0.237491 -0.937254 -0.669415 -0.113754 -0.734128 -0.278726 -0.959643 -0.0373858 0.15607 0.955452 0.250506 0.675383 0.72267 0.146991 -0.357344 -0.769864 0.528785 0.590164 -0.0931464 0.801892 0.699236 -0.044829 -0.713484 0.282395 0.889149 -0.360092 -0.28302 -0.88855 0.361079 0.437204 -0.784569 -0.439664 0.457653 -0.776108 -0.433833 -0.283965 -0.888366 0.36079 0.283119 0.888628 -0.360811 -0.315434 0.915287 0.250501 -0.652622 -0.210565 0.727837 -0.282754 -0.889096 0.359941 -0.282081 -0.889063 0.360552 -0.664352 -0.189672 0.722953 -0.43667 -0.655363 0.616295 0.0420215 -0.992511 -0.114702 0.306709 0.873326 -0.378458 0.649215 0.489846 -0.581869 0.500599 0.69667 -0.513859 0.118724 0.96329 -0.240784 -0.00590768 0.990081 -0.140373 0.263327 0.900601 -0.345797 -0.573633 -0.364996 0.733296 0.318737 -0.851677 -0.415995 0.741248 0.0754917 -0.666973 -0.249359 0.963529 0.0971157 -0.282972 -0.888806 0.360486 -0.282497 -0.888991 0.360404 0.283004 0.888715 -0.360686 0.284874 0.887586 -0.361992 </float_array>
          <technique_common>
            <accessor count="80" offset="0" source="#meshId84-bitangents-array" stride="3">
              <param name="X" type="float" />
              <param name="Y" type="float" />
              <param name="Z" type="float" />
            </accessor>
          </technique_common>
        </source>
        <source id="meshId84-tex0" name="meshId84-tex0">
          <float_array id="meshId84-tex0-array" count="160"> 0.615894 0.150541 0.616224 0.142235 0.620319 0.142234 0.620654 0.15054 0.617216 0.135856 0.619323 0.135856 0.620611 0.109182 0.615851 0.109183 0.615851 0.106353 0.62061 0.106353 0.620655 0.153402 0.615895 0.153404 0.618434 0.130515 0.618103 0.130515 0.618068 0.12923 0.617174 0.123851 0.619292 0.12385 0.618399 0.12923 0.620281 0.117522 0.616183 0.117522 0.34538 0.405712 0.345379 0.400876 0.350138 0.400875 0.350139 0.405711 0.345378 0.396033 0.350138 0.396032 0.293384 0.404429 0.292942 0.399637 0.293272 0.399643 0.293711 0.40438 0.293557 0.394861 0.293882 0.394923 0.307 0.39494 0.307033 0.399801 0.300766 0.399676 0.300667 0.39482 0.307016 0.404673 0.300722 0.404534 0.334205 0.396242 0.334206 0.401085 0.327902 0.401218 0.327891 0.396378 0.334206 0.405917 0.327892 0.406057 0.35014 0.407846 0.34538 0.407847 0.294951 0.390206 0.295272 0.390291 0.345378 0.39246 0.350137 0.392459 0.295342 0.411337 0.295018 0.411405 0.342551 0.407848 0.342543 0.405793 0.31535 0.395075 0.315349 0.393016 0.318181 0.393015 0.318186 0.395153 0.342305 0.396117 0.342516 0.39246 0.315313 0.408451 0.315115 0.404789 0.318186 0.404875 0.318176 0.408455 0.300591 0.409831 0.300577 0.391892 0.321087 0.406116 0.327902 0.408984 0.322734 0.410722 0.32273 0.389468 0.327898 0.391078 0.320861 0.39644 0.306982 0.408471 0.306979 0.393003 0.334206 0.407848 0.334203 0.392462 0.318194 0.400011 0.315242 0.399932 0.342424 0.400955 0.320389 0.401292 </float_array>
          <technique_common>
            <accessor count="80" offset="0" source="#meshId84-tex0-array" stride="2">
              <param name="S" type="float" />
              <param name="T" type="float" />
            </accessor>
          </technique_common>
        </source>
        <vertices id="meshId84-vertices">
          <input semantic="POSITION" source="#meshId84-positions" />
        </vertices>
        <polylist count="96" material="defaultMaterial">
          <input offset="0" semantic="VERTEX" source="#meshId84-vertices" />
          <input offset="0" semantic="NORMAL" source="#meshId84-normals" />
          <input offset="0" semantic="TANGENT" source="#meshId84-tangents" />
          <input offset="0" semantic="BINORMAL" source="#meshId84-bitangents" />
          <input offset="0" semantic="TEXCOORD" source="#meshId84-tex0" set="0" />
          <vcount>3 3 3 3 3 3 3 3 3 3 3 3 3 3 3 3 3 3 3 3 3 3 3 3 3 3 3 3 3 3 3 3 3 3 3 3 3 3 3 3 3 3 3 3 3 3 3 3 3 3 3 3 3 3 3 3 3 3 3 3 3 3 3 3 3 3 3 3 3 3 3 3 3 3 3 3 3 3 3 3 3 3 3 3 3 3 3 3 3 3 3 3 3 3 3 3 </vcount>
          <p>3 0 1 1 2 3 2 1 4 4 5 2 9 6 7 7 8 9 11 0 3 3 10 11 13 12 5 5 4 13 17 14 15 15 16 17 7 6 18 18 19 7 19 18 16 16 15 19 23 20 21 21 22 23 22 21 24 24 25 22 29 26 27 27 28 29 28 27 30 30 31 28 35 32 33 33 34 35 34 33 36 36 37 34 41 38 39 39 40 41 40 39 42 42 43 40 45 20 23 23 44 45 47 31 30 30 46 47 24 48 49 49 25 24 29 50 51 51 26 29 45 52 53 53 20 45 57 54 55 55 56 57 24 58 59 59 48 24 63 60 61 61 62 63 50 29 37 37 64 50 31 47 65 65 35 31 68 66 43 43 67 68 71 69 70 70 41 71 61 60 72 72 36 61 36 72 64 64 37 36 55 54 32 32 73 55 73 32 35 35 65 73 53 52 74 74 42 53 42 74 67 67 43 42 41 70 75 75 38 41 38 75 59 59 58 38 54 57 76 76 77 54 77 76 62 62 61 77 32 54 77 77 33 32 33 77 61 61 36 33 37 29 28 28 34 37 34 28 31 31 35 34 58 24 21 21 78 58 78 21 20 20 53 78 38 58 78 78 39 38 39 78 53 53 42 39 43 66 79 79 40 43 40 79 71 71 41 40 </p>
        </polylist>
      </mesh>
    </geometry>
    <geometry id="meshId85" name="meshId85_name" >
      <mesh>
        <source id="meshId85-positions" name="meshId85-positions">
          <float_array id="meshId85-positions-array" count="270"> -0.896969 -0.48706 0.180125 -0.897403 -0.489076 0.174774 -0.901581 -0.508816 0.184856 -0.900995 -0.506082 0.189841 -0.8887 -0.467786 0.174418 -0.888822 -0.469075 0.168852 -0.883211 -0.457613 0.172516 -0.883364 -0.45896 0.166961 -0.884118 -0.466056 0.177698 -0.878947 -0.468448 0.178152 -0.87349 -0.458333 0.176261 -0.878692 -0.456 0.175818 -0.89301 -0.486784 0.183836 -0.887528 -0.488449 0.184075 -0.897341 -0.507241 0.194284 -0.891706 -0.508188 0.194156 -0.90269 -0.520296 0.192024 -0.90211 -0.51762 0.197044 -0.898445 -0.518665 0.201416 -0.892815 -0.519669 0.201324 -0.875503 -0.470957 0.174665 -0.875625 -0.472246 0.169098 -0.870199 -0.46219 0.167218 -0.870046 -0.460843 0.172774 -0.884084 -0.490959 0.180587 -0.884517 -0.492974 0.175236 -0.888262 -0.510698 0.190669 -0.888848 -0.513432 0.185684 -0.889372 -0.522179 0.197837 -0.889952 -0.524855 0.192816 -0.880207 -0.473976 0.165818 -0.885378 -0.471585 0.165364 -0.879921 -0.46147 0.163473 -0.874718 -0.463804 0.163916 -0.888476 -0.49325 0.171525 -0.893959 -0.491586 0.171287 -0.892502 -0.512272 0.181241 -0.898137 -0.511326 0.181369 -0.893617 -0.52381 0.188444 -0.899246 -0.522806 0.188536 -0.875148 -0.438551 0.160384 -0.874752 -0.436601 0.165745 -0.871126 -0.423071 0.159588 -0.871542 -0.425098 0.154262 -0.870718 -0.436193 0.169436 -0.865274 -0.437923 0.169684 -0.861668 -0.42447 0.163562 -0.867133 -0.422817 0.163349 -0.86626 -0.442791 0.157145 -0.871704 -0.441061 0.156897 -0.868099 -0.427608 0.150774 -0.862633 -0.429261 0.150988 -0.86183 -0.440433 0.166197 -0.862226 -0.442383 0.160836 -0.85864 -0.429007 0.154749 -0.858224 -0.42698 0.160075 -0.90624 -0.534901 0.205404 -0.906677 -0.536978 0.200094 -0.90988 -0.545536 0.203091 -0.909462 -0.543509 0.208419 -0.903234 -0.539489 0.196607 -0.897747 -0.541091 0.196804 -0.900969 -0.549699 0.199819 -0.906436 -0.548046 0.199604 -0.896802 -0.536351 0.209394 -0.902288 -0.534749 0.209197 -0.905472 -0.543255 0.212176 -0.900005 -0.544908 0.212391 -0.893796 -0.540939 0.200598 -0.893359 -0.538861 0.205907 -0.896561 -0.547418 0.208904 -0.896979 -0.549445 0.203576 -0.893959 -0.491586 0.171287 -0.898137 -0.511326 0.181369 -0.885378 -0.471585 0.165364 -0.871704 -0.441061 0.156897 -0.879921 -0.46147 0.163473 -0.868099 -0.427608 0.150774 -0.899246 -0.522806 0.188536 -0.903234 -0.539489 0.196607 -0.906436 -0.548046 0.199604 -0.900005 -0.544908 0.212391 -0.905472 -0.543255 0.212176 -0.90322 -0.546477 0.205998 -0.909462 -0.543509 0.208419 -0.90988 -0.545536 0.203091 -0.896561 -0.547418 0.208904 -0.896979 -0.549445 0.203576 -0.900969 -0.549699 0.199819 -0.906436 -0.548046 0.199604 </float_array>
          <technique_common>
            <accessor count="90" offset="0" source="#meshId85-positions-array" stride="3">
              <param name="X" type="float" />
              <param name="Y" type="float" />
              <param name="Z" type="float" />
            </accessor>
          </technique_common>
        </source>
        <source id="meshId85-normals" name="meshId85-normals">
          <float_array id="meshId85-normals-array" count="270"> -0.870532 0.396743 0.29115 -0.908399 0.131867 -0.396766 -0.947324 -0.0165599 -0.319849 -0.876669 0.337573 0.342778 -0.834126 0.465759 0.295469 -0.851703 0.282833 -0.441143 -0.842529 0.456518 0.285895 -0.866183 0.271404 -0.419603 -0.30111 0.368804 0.879384 0.35949 0.0740549 0.930206 0.382974 0.0834647 0.919981 -0.312237 0.381073 0.870225 -0.315598 0.439915 0.840757 0.408518 0.225074 0.884565 -0.264609 0.500098 0.824551 0.454173 0.370452 0.810242 -0.950601 0.00437298 -0.310386 -0.875058 0.343269 0.341232 -0.266371 0.495751 0.826606 0.468311 0.353641 0.809705 0.857352 -0.288813 0.426069 0.841337 -0.463868 -0.277448 0.838659 -0.45775 -0.295155 0.859737 -0.26402 0.437202 0.917974 -0.146242 0.368696 0.848133 -0.408269 -0.337621 0.951933 0.00765633 0.306211 0.880704 -0.334672 -0.335193 0.945002 0.00619917 0.327005 0.879471 -0.339401 -0.333674 0.318027 -0.373989 -0.871201 -0.373606 -0.0656268 -0.925263 -0.366218 -0.0929954 -0.92587 0.303336 -0.378651 -0.87442 0.267334 -0.43259 -0.861045 -0.43687 -0.211807 -0.874233 0.273156 -0.500475 -0.821529 -0.469046 -0.365151 -0.804152 0.275526 -0.495337 -0.823849 -0.45033 -0.36025 -0.816959 -0.906005 0.171374 -0.387021 -0.847576 0.418478 0.32633 -0.872441 0.375948 0.312266 -0.926801 0.0815827 -0.366586 -0.279694 0.421381 0.862675 0.423208 0.185067 0.88693 0.43659 0.27308 0.857215 -0.298967 0.460493 0.835802 0.312584 -0.427109 -0.848451 -0.406116 -0.192974 -0.893214 -0.445657 -0.269102 -0.8538 0.271779 -0.458019 -0.846378 0.900243 -0.162621 0.403876 0.862744 -0.41128 -0.294144 0.859558 -0.383905 -0.337309 0.929794 -0.0864053 0.357796 -0.85634 0.391401 0.336878 -0.926955 0.105977 -0.359895 -0.95179 -0.066295 -0.299501 -0.909591 0.162388 0.382458 -0.426473 -0.258802 -0.866685 0.303601 -0.45402 -0.837671 0.197518 -0.644542 -0.738615 -0.482264 -0.408513 -0.774944 0.444557 0.250262 0.86008 -0.271013 0.450039 0.850892 -0.377407 0.155749 0.912856 0.304564 -0.0804217 0.949091 0.871637 -0.382781 -0.306149 0.920789 -0.0968426 0.377848 0.772275 -0.421304 0.475494 0.729755 -0.651221 -0.208252 -0.43687 -0.211807 -0.874233 -0.469046 -0.365151 -0.804152 -0.373606 -0.0656268 -0.925263 -0.406116 -0.192974 -0.893214 -0.366218 -0.0929954 -0.92587 -0.445657 -0.269102 -0.8538 -0.45033 -0.36025 -0.816959 -0.426473 -0.258802 -0.866685 -0.482264 -0.408513 -0.774944 0.304564 -0.0804217 0.949091 -0.377407 0.155749 0.912856 -0.282935 -0.888864 0.360372 -0.909591 0.162388 0.382458 -0.95179 -0.066295 -0.299501 0.772275 -0.421304 0.475494 0.729755 -0.651221 -0.208252 0.197518 -0.644542 -0.738615 -0.482264 -0.408513 -0.774944 </float_array>
          <technique_common>
            <accessor count="90" offset="0" source="#meshId85-normals-array" stride="3">
              <param name="X" type="float" />
              <param name="Y" type="float" />
              <param name="Z" type="float" />
            </accessor>
          </technique_common>
        </source>
        <source id="meshId85-tangents" name="meshId85-tangents">
          <float_array id="meshId85-tangents-array" count="270"> -0.285993 -0.88934 0.356767 -0.285478 -0.888946 0.358158 -0.139893 -0.876967 0.459738 -0.15451 -0.87231 0.463898 -0.406087 -0.881079 0.242472 -0.418318 -0.87399 0.24729 -0.402252 -0.88624 0.22972 -0.397508 -0.883055 0.249402 -0.421445 -0.8787 0.22421 -0.417305 -0.878854 0.23124 -0.402603 -0.881266 0.24755 -0.401415 -0.883153 0.242706 -0.287571 -0.888713 0.35706 -0.285837 -0.888827 0.358166 -0.139289 -0.865882 0.480465 -0.144865 -0.86664 0.47744 -0.154768 -0.873434 0.461693 -0.152927 -0.864966 0.477962 -0.164647 -0.868389 0.467753 -0.155674 -0.869048 0.469597 -0.412776 -0.880288 0.233898 -0.411186 -0.88245 0.228491 -0.396388 -0.884615 0.245627 -0.39553 -0.885752 0.242898 -0.285567 -0.888795 0.358463 -0.28477 -0.88871 0.359306 -0.146066 -0.867357 0.47577 -0.146764 -0.865638 0.478676 -0.157033 -0.868441 0.470268 -0.15957 -0.870751 0.465113 -0.390162 -0.889118 0.239254 -0.384126 -0.896998 0.218726 -0.385451 -0.890456 0.241899 -0.407638 -0.881013 0.240097 -0.283366 -0.88935 0.358832 -0.285525 -0.88897 0.35806 -0.171558 -0.865661 0.470318 -0.172875 -0.854951 0.489053 -0.154714 -0.868698 0.470561 -0.165512 -0.865449 0.472867 -0.306586 -0.896115 0.320909 -0.313742 -0.891109 0.327858 -0.248466 -0.891412 0.379011 -0.227605 -0.898448 0.375482 -0.308719 -0.89029 0.334778 -0.309303 -0.890597 0.333419 -0.233889 -0.885605 0.401247 -0.25075 -0.882992 0.396799 -0.322205 -0.887929 0.328276 -0.33062 -0.880205 0.340486 -0.279404 -0.864292 0.418249 -0.277462 -0.879428 0.386809 -0.310888 -0.889525 0.334803 -0.311091 -0.890338 0.332445 -0.252915 -0.893116 0.371993 -0.230185 -0.895023 0.382033 -0.250049 -0.885039 0.39266 -0.257721 -0.876989 0.40555 -0.0835245 -0.883465 0.460991 -0.0623852 -0.963406 0.260684 -0.216079 -0.901297 0.375464 -0.228958 -0.888171 0.39841 -0.335771 -0.752365 0.56675 -0.134586 -0.839561 0.526331 -0.258527 -0.883471 0.390695 -0.260893 -0.885229 0.385104 -0.200187 -0.976169 0.0837869 -0.422422 -0.904483 0.0589136 -0.24684 -0.882416 0.400515 -0.253991 -0.88404 0.39238 -0.567095 -0.794536 0.217063 -0.530177 -0.731319 0.429052 -0.285095 -0.889175 0.357894 -0.115216 -0.877445 0.465635 -0.443545 -0.863427 0.240337 -0.286938 -0.901084 0.325136 -0.417767 -0.872649 0.252893 -0.208974 -0.896126 0.39152 -0.138462 -0.875743 0.462496 -0.286553 -0.870176 0.40085 -0.250935 -0.783125 0.568987 -0.914638 0.253423 0.314982 -0.885724 0.227005 -0.404921 -0.959126 0.264139 -0.101525 -0.336246 0.253064 -0.907137 -0.20627 0.860983 0.464931 -0.606138 -0.264523 0.750083 -0.643681 -0.551696 -0.530382 -0.941869 0.0841205 -0.325278 -0.832356 0.489497 0.259954 </float_array>
          <technique_common>
            <accessor count="90" offset="0" source="#meshId85-tangents-array" stride="3">
              <param name="X" type="float" />
              <param name="Y" type="float" />
              <param name="Z" type="float" />
            </accessor>
          </technique_common>
        </source>
        <source id="meshId85-bitangents" name="meshId85-bitangents">
          <float_array id="meshId85-bitangents-array" count="270"> 0.400477 0.22731 0.887665 -0.305474 0.438619 0.845162 -0.28811 0.480266 0.828455 0.455608 0.353722 0.816885 0.373265 0.0822662 0.92407 -0.315613 0.395156 0.862694 0.358243 0.0785437 0.930319 -0.302844 0.382824 0.872772 0.855405 -0.3031 0.420016 0.83464 -0.471308 -0.285036 0.83141 -0.465192 -0.303899 0.861031 -0.273539 0.428722 0.904268 -0.12909 0.406983 0.866839 -0.399159 -0.298767 0.954243 0.012285 0.298778 0.879057 -0.334216 -0.339939 -0.269083 0.486923 0.830963 0.459224 0.366061 0.80939 0.949704 -0.0115025 0.312937 0.869742 -0.345968 -0.351931 0.307511 -0.376404 -0.873932 -0.350824 -0.0781548 -0.933174 -0.373534 -0.0890013 -0.923337 0.323123 -0.381755 -0.865942 0.275272 -0.434347 -0.857653 -0.446741 -0.208595 -0.870006 0.269237 -0.497628 -0.824547 -0.450356 -0.372378 -0.811489 0.286899 -0.495755 -0.819705 -0.448407 -0.355809 -0.819958 -0.864079 0.26382 -0.42868 -0.844314 0.437135 0.309915 -0.846943 0.445465 0.290256 -0.861289 0.283617 -0.421596 -0.920998 0.148063 -0.360334 -0.853007 0.406041 0.327888 -0.946548 0.0124698 -0.322322 -0.866089 0.368406 0.337886 -0.948762 -0.00219086 -0.315984 -0.877387 0.348163 0.330112 -0.29182 0.4094 0.864426 0.427997 0.175501 0.886576 0.420846 0.253077 0.871115 -0.298725 0.431434 0.851251 0.9091 -0.172689 0.379098 0.851603 -0.415436 -0.319666 0.868726 -0.375673 -0.322776 0.92073 -0.0909474 0.379454 -0.893575 0.170761 -0.415169 -0.851916 0.433591 0.293664 -0.850484 0.424951 0.30999 -0.921494 0.129711 -0.366093 0.304812 -0.426964 -0.851346 -0.398616 -0.19531 -0.89608 -0.444066 -0.234439 -0.86478 0.287226 -0.437571 -0.852076 0.451838 0.252015 0.855763 -0.272644 0.468679 0.840241 -0.29516 0.463783 0.835336 0.410794 0.213257 0.886437 -0.878311 0.347398 0.328458 -0.924881 0.0708333 -0.373601 -0.921002 0.136062 -0.365024 -0.865626 0.358127 0.34991 0.857632 -0.396041 -0.328054 0.926546 -0.117624 0.357321 0.904151 -0.15112 0.399592 0.853698 -0.418859 -0.309445 -0.42346 -0.273534 -0.863632 0.296033 -0.457269 -0.838612 0.286348 -0.437283 -0.852519 -0.431706 -0.202692 -0.878946 -0.85315 0.405593 0.328069 -0.875626 0.311056 0.369491 -0.814669 0.500187 0.293473 -0.867604 0.38834 0.310574 -0.831478 0.479412 0.280729 -0.870471 0.352906 0.34313 -0.882061 0.321394 0.344493 -0.857909 0.419303 0.296946 -0.839317 0.468863 0.275163 -0.265853 -0.964007 0.00362676 -0.270289 -0.961359 0.0522773 -0.00494693 -0.374367 -0.927267 -0.244095 -0.953724 -0.175583 0.227042 0.504295 -0.83315 -0.190234 -0.867485 -0.459653 0.230504 0.521097 -0.821782 0.271788 0.759928 -0.590459 0.273138 0.770396 -0.576095 </float_array>
          <technique_common>
            <accessor count="90" offset="0" source="#meshId85-bitangents-array" stride="3">
              <param name="X" type="float" />
              <param name="Y" type="float" />
              <param name="Z" type="float" />
            </accessor>
          </technique_common>
        </source>
        <source id="meshId85-tex0" name="meshId85-tex0">
          <float_array id="meshId85-tex0-array" count="180"> 0.417457 0.739247 0.417454 0.737576 0.42369 0.737705 0.423583 0.73935 0.411329 0.739341 0.411215 0.737699 0.407985 0.73949 0.407889 0.737853 0.41064 0.740875 0.410725 0.742544 0.40738 0.742565 0.407327 0.74098 0.417445 0.740849 0.417446 0.742563 0.424252 0.740888 0.424173 0.742558 0.427566 0.737876 0.427478 0.739518 0.428111 0.741003 0.428059 0.742596 0.410718 0.744168 0.410631 0.745839 0.40733 0.745686 0.407386 0.744091 0.417436 0.744217 0.417433 0.74593 0.424165 0.744181 0.424244 0.74585 0.428064 0.744118 0.428106 0.745698 0.411306 0.747384 0.411167 0.749027 0.407872 0.748812 0.407977 0.747175 0.417443 0.747529 0.417438 0.749193 0.423581 0.747395 0.423706 0.749038 0.427467 0.74718 0.427555 0.748813 0.401117 0.737776 0.401079 0.739411 0.396641 0.739266 0.396658 0.737622 0.400962 0.740962 0.400944 0.742573 0.396634 0.742551 0.39664 0.740862 0.401091 0.747267 0.401138 0.748901 0.396698 0.749135 0.396663 0.747486 0.400944 0.744114 0.400967 0.745714 0.396655 0.745885 0.396648 0.744194 0.433225 0.739451 0.433163 0.737821 0.435975 0.73766 0.436024 0.73929 0.433114 0.748942 0.433199 0.747306 0.435992 0.747539 0.435905 0.749189 0.433371 0.742603 0.433339 0.741007 0.436067 0.74088 0.43611 0.742575 0.433327 0.745753 0.433374 0.744143 0.436092 0.744231 0.436048 0.745935 0.41745 0.735986 0.423768 0.736116 0.41113 0.736119 0.401139 0.73619 0.407832 0.736269 0.396721 0.736042 0.427628 0.736286 0.43313 0.736239 0.43589 0.736092 0.552608 0.118679 0.554248 0.118566 0.553562 0.120558 0.555439 0.119601 0.555556 0.121241 0.551569 0.119874 0.551686 0.121514 0.552877 0.12255 0.554517 0.122437 </float_array>
          <technique_common>
            <accessor count="90" offset="0" source="#meshId85-tex0-array" stride="2">
              <param name="S" type="float" />
              <param name="T" type="float" />
            </accessor>
          </technique_common>
        </source>
        <vertices id="meshId85-vertices">
          <input semantic="POSITION" source="#meshId85-positions" />
        </vertices>
        <polylist count="136" material="defaultMaterial">
          <input offset="0" semantic="VERTEX" source="#meshId85-vertices" />
          <input offset="0" semantic="NORMAL" source="#meshId85-normals" />
          <input offset="0" semantic="TANGENT" source="#meshId85-tangents" />
          <input offset="0" semantic="BINORMAL" source="#meshId85-bitangents" />
          <input offset="0" semantic="TEXCOORD" source="#meshId85-tex0" set="0" />
          <vcount>3 3 3 3 3 3 3 3 3 3 3 3 3 3 3 3 3 3 3 3 3 3 3 3 3 3 3 3 3 3 3 3 3 3 3 3 3 3 3 3 3 3 3 3 3 3 3 3 3 3 3 3 3 3 3 3 3 3 3 3 3 3 3 3 3 3 3 3 3 3 3 3 3 3 3 3 3 3 3 3 3 3 3 3 3 3 3 3 3 3 3 3 3 3 3 3 3 3 3 3 3 3 3 3 3 3 3 3 3 3 3 3 3 3 3 3 3 3 3 3 3 3 3 3 3 3 3 3 3 3 3 3 3 3 3 3 </vcount>
          <p>3 0 1 1 2 3 5 1 0 0 4 5 7 5 4 4 6 7 11 8 9 9 10 11 13 9 8 8 12 13 15 13 12 12 14 15 17 3 2 2 16 17 19 15 14 14 18 19 23 20 21 21 22 23 25 21 20 20 24 25 27 25 24 24 26 27 29 27 26 26 28 29 33 30 31 31 32 33 35 31 30 30 34 35 37 35 34 34 36 37 39 37 36 36 38 39 43 40 41 41 42 43 6 41 40 40 7 6 47 44 45 45 46 47 10 45 44 44 11 10 51 48 49 49 50 51 32 49 48 48 33 32 55 52 53 53 54 55 22 53 52 52 23 22 59 56 57 57 58 59 16 57 56 56 17 16 63 60 61 61 62 63 38 61 60 60 39 38 67 64 65 65 66 67 18 65 64 64 19 18 71 68 69 69 70 71 28 69 68 68 29 28 8 4 0 0 12 8 12 0 3 3 14 12 20 9 13 13 24 20 24 13 15 15 26 24 30 21 25 25 34 30 34 25 27 27 36 34 73 2 1 1 72 73 72 1 5 5 74 72 44 41 6 6 11 44 76 7 40 40 75 76 22 33 48 48 53 22 52 45 10 10 23 52 42 41 44 44 47 42 53 48 51 51 54 53 46 45 52 52 55 46 77 75 40 40 43 77 11 6 4 4 8 11 23 10 9 9 20 23 33 22 21 21 30 33 74 5 7 7 76 74 79 57 16 16 78 79 18 17 56 56 65 18 68 61 38 38 29 68 28 19 64 64 69 28 65 56 59 59 66 65 69 64 67 67 70 69 62 61 68 68 71 62 57 79 80 80 58 57 14 3 17 17 18 14 26 15 19 19 28 26 36 27 29 29 38 36 78 16 2 2 73 78 81 82 83 82 84 83 84 85 83 86 81 83 87 86 83 88 87 83 85 89 83 89 88 83 </p>
        </polylist>
      </mesh>
    </geometry>
    <geometry id="meshId86" name="meshId86_name" >
      <mesh>
        <source id="meshId86-positions" name="meshId86-positions">
          <float_array id="meshId86-positions-array" count="105"> -0.0354644 0.149695 -0.67477 -0.0350259 0.12611 -0.502944 0.0708194 0.0460219 -0.502951 0.0703809 0.0696074 -0.67478 -0.0345838 0.11851 -0.329677 0.0712615 0.0384208 -0.329683 -0.0341417 0.12696 -0.156457 0.0717035 0.0468697 -0.156464 -0.0337035 0.151388 0.0152362 0.0721417 0.0712968 0.0152259 -0.114165 0.256959 0.0152782 -0.194521 0.398824 0.0153066 -0.194142 0.426977 0.163597 -0.113786 0.285118 0.163597 0.0725203 0.0994658 0.163597 0.211385 0.0214499 0.163597 0.167494 0.0209257 0.0152259 -0.196659 0.42446 -0.82277 -0.196282 0.397104 -0.674699 -0.115926 0.25525 -0.674728 -0.116303 0.282601 -0.82277 0.0700033 0.0969485 -0.82277 0.165733 0.0209256 -0.67478 0.208868 0.0189327 -0.82277 -0.0333249 0.179555 0.163597 -0.0358421 0.177038 -0.82277 -0.115487 0.231669 -0.502916 -0.195843 0.373525 -0.502897 -0.115045 0.224073 -0.329656 -0.195401 0.365932 -0.329642 -0.114603 0.232527 -0.156429 -0.194959 0.37439 -0.156411 0.167056 0.0209254 -0.156464 0.166614 0.0209253 -0.329683 0.166171 0.0209254 -0.502951 </float_array>
          <technique_common>
            <accessor count="35" offset="0" source="#meshId86-positions-array" stride="3">
              <param name="X" type="float" />
              <param name="Y" type="float" />
              <param name="Z" type="float" />
            </accessor>
          </technique_common>
        </source>
        <source id="meshId86-normals" name="meshId86-normals">
          <float_array id="meshId86-normals-array" count="105"> 0.701078 0.704488 0.110395 0.702508 0.708945 0.06228 0.474537 0.87829 0.0584833 0.51882 0.846915 0.116453 0.703853 0.710337 -0.00352979 0.448558 0.893749 -0.00280265 0.702191 0.708606 -0.0693263 0.477205 0.876453 -0.0640773 0.700495 0.703925 -0.117457 0.521433 0.844218 -0.124113 0.834735 0.543027 -0.0913168 0.867031 0.491128 -0.0839639 0.866138 0.490624 -0.0953579 0.837424 0.536566 -0.104007 0.540728 0.82713 -0.153196 0.474895 0.866353 -0.15462 0.431133 0.89466 -0.117083 0.86669 0.490936 0.0884895 0.867515 0.491405 0.0770616 0.835252 0.543361 0.0843431 0.837995 0.536976 0.0970686 0.539487 0.829609 0.143883 0.424207 0.899043 0.108485 0.470929 0.870572 0.142588 0.707278 0.694196 -0.133602 0.707966 0.694814 0.126561 0.836625 0.545745 0.0471209 0.869282 0.492407 0.0434023 0.837545 0.546358 -0.00348673 0.870098 0.492867 -0.00346009 0.836336 0.545543 -0.0540867 0.869002 0.492243 -0.0503153 0.299028 0.953124 -0.0462236 0.220038 0.97549 -0.00179126 0.291153 0.955736 0.0424073 </float_array>
          <technique_common>
            <accessor count="35" offset="0" source="#meshId86-normals-array" stride="3">
              <param name="X" type="float" />
              <param name="Y" type="float" />
              <param name="Z" type="float" />
            </accessor>
          </technique_common>
        </source>
        <source id="meshId86-tangents" name="meshId86-tangents">
          <float_array id="meshId86-tangents-array" count="105"> 0.0784342 0.0776897 -0.993888 0.0419535 0.0461055 -0.998055 0.0371845 0.0463792 -0.998232 0.0785057 0.0884453 -0.992983 -0.00468661 -0.000325291 -0.999989 -0.00663213 0.000192788 -0.999978 -0.0513188 -0.0467446 -0.997588 -0.0497533 -0.0458529 -0.997708 -0.0839604 -0.0821536 -0.993077 -0.0863904 -0.0924747 -0.99196 -0.0694237 -0.0607282 -0.995737 -0.0678889 -0.050498 -0.996414 -0.0802017 -0.0518852 -0.995427 -0.0824724 -0.0640628 -0.994532 -0.105765 -0.113822 -0.987855 -0.0967295 -0.123245 -0.987651 -0.0722182 -0.0951308 -0.992842 0.0724976 0.0515461 -0.996036 0.0612858 0.0481493 -0.996958 0.0638531 0.0565049 -0.996358 0.0735037 0.0651859 -0.995162 0.0958774 0.109245 -0.98938 0.0637669 0.0898448 -0.993912 0.089745 0.113516 -0.989475 -0.0988958 -0.0899681 -0.991022 0.0869907 0.0920468 -0.991948 0.034129 0.0339227 -0.998842 0.0336016 0.0287374 -0.999022 -0.00435281 0.000290972 -0.999991 -0.00430676 0.000582812 -0.999991 -0.0428405 -0.0333208 -0.998526 -0.0424751 -0.0271014 -0.99873 -0.035769 -0.0372103 -0.998667 -0.01215 0.000904512 -0.999926 0.0153891 0.039643 -0.999095 </float_array>
          <technique_common>
            <accessor count="35" offset="0" source="#meshId86-tangents-array" stride="3">
              <param name="X" type="float" />
              <param name="Y" type="float" />
              <param name="Z" type="float" />
            </accessor>
          </technique_common>
        </source>
        <source id="meshId86-bitangents" name="meshId86-bitangents">
          <float_array id="meshId86-bitangents-array" count="105"> -0.708758 0.705451 -0.000789396 -0.710438 0.703755 0.00264675 -0.87945 0.475873 -0.0106501 -0.851271 0.524322 -0.0206004 -0.71033 0.703862 0.00310011 -0.893729 0.448566 0.00601393 -0.710137 0.704054 0.00354118 -0.877382 0.479299 0.0217252 -0.708701 0.705507 0.00155364 -0.848908 0.527963 0.024713 -0.546258 0.837516 -0.012993 -0.493607 0.869623 -0.0104413 -0.493328 0.869826 -0.00559089 -0.540296 0.841423 -0.00939579 -0.834522 0.550364 0.025935 -0.87471 0.483987 0.0252734 -0.899394 0.436502 0.0235967 -0.493551 0.869669 0.00908278 -0.493621 0.869599 0.0116541 -0.546148 0.837595 0.0125005 -0.540705 0.841076 0.0151557 -0.836517 0.547553 -0.0206047 -0.903317 0.428543 -0.0192164 -0.877594 0.478768 -0.0246714 -0.699984 0.714141 0.00502064 -0.700869 0.713275 0.00472365 -0.546712 0.837264 0.00975486 -0.493173 0.869891 0.00843527 -0.546352 0.837552 0.00262189 -0.49286 0.870105 0.00262976 -0.546541 0.83742 -0.00449608 -0.492982 0.870036 -0.00264313 -0.953574 0.300283 0.0229654 -0.975416 0.220043 0.0120512 -0.956553 0.291542 -0.00316576 </float_array>
          <technique_common>
            <accessor count="35" offset="0" source="#meshId86-bitangents-array" stride="3">
              <param name="X" type="float" />
              <param name="Y" type="float" />
              <param name="Z" type="float" />
            </accessor>
          </technique_common>
        </source>
        <source id="meshId86-tex0" name="meshId86-tex0">
          <float_array id="meshId86-tex0-array" count="70"> 0.945531 0.467137 0.895683 0.462376 0.896296 0.424778 0.946579 0.429266 0.846432 0.460881 0.846623 0.423371 0.797376 0.462612 0.797149 0.425009 0.74812 0.467613 0.747468 0.429732 0.747605 0.505676 0.746237 0.553109 0.701337 0.560028 0.703706 0.511971 0.703575 0.43527 0.701106 0.38908 0.746362 0.399056 0.995451 0.559244 0.94993 0.552579 0.946824 0.505178 0.991297 0.511231 0.991009 0.434574 0.948674 0.398908 0.994712 0.388396 0.704616 0.473476 0.989571 0.472765 0.896517 0.500059 0.89848 0.546946 0.846819 0.49845 0.847674 0.545172 0.797317 0.500307 0.797071 0.547209 0.796693 0.399019 0.847479 0.398982 0.898285 0.398945 </float_array>
          <technique_common>
            <accessor count="35" offset="0" source="#meshId86-tex0-array" stride="2">
              <param name="S" type="float" />
              <param name="T" type="float" />
            </accessor>
          </technique_common>
        </source>
        <vertices id="meshId86-vertices">
          <input semantic="POSITION" source="#meshId86-positions" />
        </vertices>
        <polylist count="48" material="defaultMaterial">
          <input offset="0" semantic="VERTEX" source="#meshId86-vertices" />
          <input offset="0" semantic="NORMAL" source="#meshId86-normals" />
          <input offset="0" semantic="TANGENT" source="#meshId86-tangents" />
          <input offset="0" semantic="BINORMAL" source="#meshId86-bitangents" />
          <input offset="0" semantic="TEXCOORD" source="#meshId86-tex0" set="0" />
          <vcount>3 3 3 3 3 3 3 3 3 3 3 3 3 3 3 3 3 3 3 3 3 3 3 3 3 3 3 3 3 3 3 3 3 3 3 3 3 3 3 3 3 3 3 3 3 3 3 3 </vcount>
          <p>3 0 1 1 2 3 2 1 4 4 5 2 5 4 6 6 7 5 7 6 8 8 9 7 13 10 11 11 12 13 16 9 14 14 15 16 20 17 18 18 19 20 23 21 3 3 22 23 10 13 24 24 8 10 8 24 14 14 9 8 20 19 0 0 25 20 25 0 3 3 21 25 27 26 19 19 18 27 29 28 26 26 27 29 11 10 30 30 31 11 31 30 28 28 29 31 0 19 26 26 1 0 1 26 28 28 4 1 4 28 30 30 6 4 6 30 10 10 8 6 32 7 9 9 16 32 33 5 7 7 32 33 22 3 2 2 34 22 34 2 5 5 33 34 </p>
        </polylist>
      </mesh>
    </geometry>
    <geometry id="meshId87" name="meshId87_name" >
      <mesh>
        <source id="meshId87-positions" name="meshId87-positions">
          <float_array id="meshId87-positions-array" count="132"> 0.239075 0.0491394 0.163597 0.239075 0.0491394 0.24113 0.18873 -0.00120512 0.24113 0.18873 -0.00120512 0.163597 -0.136441 0.262463 0.163597 -0.0559799 0.1569 0.163597 -0.0559799 0.1569 0.24113 -0.136441 0.262463 0.24113 0.0498653 0.0768108 0.163597 0.0498655 0.0768107 0.24113 -0.216797 0.404322 0.163597 -0.216797 0.404322 0.24113 0.18873 -0.00120512 0.163597 0.18873 -0.00120512 0.24113 -0.169027 0.454667 0.24113 -0.216797 0.404322 0.24113 -0.136441 0.262463 0.24113 -0.0860967 0.312808 0.24113 0.10021 0.127155 0.24113 0.0498655 0.0768107 0.24113 0.18873 -0.00120512 0.24113 0.239075 0.0491394 0.24113 -0.0860967 0.312808 0.24113 -0.0860968 0.312808 0.163597 -0.169027 0.454667 0.163597 -0.169027 0.454667 0.24113 0.10021 0.127155 0.163597 0.10021 0.127155 0.24113 0.239075 0.0491394 0.24113 0.239075 0.0491394 0.163597 -0.216797 0.404322 0.163597 -0.169027 0.454667 0.163597 -0.0860968 0.312808 0.163597 -0.136441 0.262463 0.163597 0.10021 0.127155 0.163597 0.239075 0.0491394 0.163597 0.18873 -0.00120512 0.163597 0.0498653 0.0768108 0.163597 -0.0559799 0.1569 0.24113 -0.00563546 0.207245 0.24113 -0.00563546 0.207245 0.24113 -0.00563544 0.207245 0.163597 -0.00563544 0.207245 0.163597 -0.0559799 0.1569 0.163597 </float_array>
          <technique_common>
            <accessor count="44" offset="0" source="#meshId87-positions-array" stride="3">
              <param name="X" type="float" />
              <param name="Y" type="float" />
              <param name="Z" type="float" />
            </accessor>
          </technique_common>
        </source>
        <source id="meshId87-normals" name="meshId87-normals">
          <float_array id="meshId87-normals-array" count="132"> 0.659876 0.455065 -0.597896 0.659876 0.455066 0.597896 -0.109461 -0.748463 0.654081 -0.109461 -0.748463 -0.654081 -0.64045 -0.416274 -0.645399 -0.540788 -0.542694 -0.642675 -0.540788 -0.542694 0.642675 -0.64045 -0.416274 0.645399 -0.413506 -0.64001 -0.647611 -0.413506 -0.64001 0.647611 -0.60282 -0.341467 -0.721116 -0.602819 -0.341467 0.721117 -0.109461 -0.748463 -0.654081 -0.109461 -0.748463 0.654081 0.703082 0.411021 0.580291 -0.602819 -0.341467 0.721117 -0.64045 -0.416274 0.645399 0.610231 0.402983 0.682072 0.394301 0.610285 0.68708 -0.413506 -0.64001 0.647611 -0.109461 -0.748463 0.654081 0.659876 0.455066 0.597896 0.610231 0.402983 0.682072 0.610231 0.402983 -0.682072 0.703082 0.411021 -0.580291 0.703082 0.411021 0.580291 0.394301 0.610285 -0.68708 0.394301 0.610285 0.68708 0.659876 0.455066 0.597896 0.659876 0.455065 -0.597896 -0.60282 -0.341467 -0.721116 0.703082 0.411021 -0.580291 0.610231 0.402983 -0.682072 -0.64045 -0.416274 -0.645399 0.394301 0.610285 -0.68708 0.659876 0.455065 -0.597896 -0.109461 -0.748463 -0.654081 -0.413506 -0.64001 -0.647611 -0.540788 -0.542694 0.642675 0.499687 0.501448 0.706302 0.499687 0.501448 0.706302 0.499688 0.501449 -0.706301 0.499688 0.501449 -0.706301 -0.540788 -0.542694 -0.642675 </float_array>
          <technique_common>
            <accessor count="44" offset="0" source="#meshId87-normals-array" stride="3">
              <param name="X" type="float" />
              <param name="Y" type="float" />
              <param name="Z" type="float" />
            </accessor>
          </technique_common>
        </source>
        <source id="meshId87-tangents" name="meshId87-tangents">
          <float_array id="meshId87-tangents-array" count="132"> 0.492194 0.339447 0.801574 -0.492212 -0.339421 0.801574 0.0947072 0.647188 0.756425 -0.0945955 -0.647204 0.756425 -0.547477 0.836813 0.00354419 -0.708351 0.70586 2.82315e-06 -0.708348 0.705864 2.89869e-06 -0.547471 0.836817 -0.00353668 -0.838484 0.544918 -0.00314215 -0.838482 0.544921 0.003147 -0.492872 0.870102 2.52932e-06 -0.492867 0.870104 2.46049e-06 -0.936609 0.298009 -0.184268 -0.936606 0.298013 0.184274 -0.575073 0.808651 0.123991 -0.607341 0.782509 -0.137171 -0.614286 0.782044 -0.105167 -0.625471 0.773471 0.102609 -0.777501 0.620119 -0.104617 -0.7844 0.611554 0.10353 -0.849389 0.412224 0.329561 -0.618864 0.780438 0.0890166 -0.569076 -0.375998 0.731285 0.569254 0.375729 0.731285 0.501043 0.292735 0.814409 -0.500891 -0.292994 0.814409 0.372999 0.577018 0.726582 -0.372728 -0.577194 0.726582 -0.492128 -0.339543 0.801574 0.492278 0.339326 0.801574 0.602462 -0.787357 -0.130797 0.571873 -0.811831 0.117861 0.621189 -0.777726 0.0962628 0.610431 -0.785875 -0.0988705 0.773136 -0.624456 -0.110974 0.615577 -0.783704 0.082904 0.843998 -0.41758 0.336592 0.780508 -0.615422 0.109837 -0.708739 0.705471 -0.00065776 -0.70882 0.705389 0.000668072 -0.498433 -0.500427 0.707911 0.49867 0.50019 0.707912 0.70437 -0.709811 -0.00561864 0.705055 -0.709131 0.00553322 </float_array>
          <technique_common>
            <accessor count="44" offset="0" source="#meshId87-tangents-array" stride="3">
              <param name="X" type="float" />
              <param name="Y" type="float" />
              <param name="Z" type="float" />
            </accessor>
          </technique_common>
        </source>
        <source id="meshId87-bitangents" name="meshId87-bitangents">
          <float_array id="meshId87-bitangents-array" count="132"> 0.567723 -0.82322 1.25617e-05 0.567707 -0.823231 1.29491e-05 -0.989469 0.144745 4.31016e-05 -0.98948 0.144672 4.2282e-05 0.538603 0.355611 -0.763837 0.453637 0.455241 -0.766139 -0.453642 -0.455236 -0.766139 -0.538609 -0.355603 -0.763837 0.354905 0.541712 -0.761965 -0.354911 -0.541708 -0.761965 0.627444 0.355419 -0.692814 -0.627448 -0.355413 -0.692814 0.33284 0.592448 -0.733637 -0.332847 -0.592445 -0.733636 -0.41829 -0.420886 0.804915 -0.517441 -0.520653 -0.679099 -0.460952 -0.463814 -0.756571 -0.486213 -0.489232 0.72405 -0.489917 -0.492955 0.719011 -0.462309 -0.465176 -0.754905 -0.516291 -0.519495 -0.680858 -0.426112 -0.428756 0.796616 0.551153 -0.834404 -0.00011763 0.550969 -0.834525 -0.000118479 0.504611 -0.863347 -0.000122905 0.504761 -0.863259 -0.000121683 0.83988 -0.542772 -0.000117272 0.84 -0.542586 -0.0001176 0.56778 -0.82318 -0.000105634 0.56765 -0.82327 -0.000105619 -0.523113 -0.513292 0.680355 -0.422655 -0.414719 -0.805836 -0.491673 -0.482438 -0.724921 -0.466046 -0.457293 0.75742 -0.496777 -0.487449 -0.718057 -0.430846 -0.422757 -0.797275 -0.525057 -0.5152 0.67741 -0.46885 -0.460047 0.754013 -0.453031 -0.455844 -0.766139 -0.497883 -0.500974 0.707911 0.708433 -0.705778 -0.000118643 0.708266 -0.705946 -0.000118613 -0.504157 -0.49469 -0.707889 -0.458744 -0.450128 0.766119 </float_array>
          <technique_common>
            <accessor count="44" offset="0" source="#meshId87-bitangents-array" stride="3">
              <param name="X" type="float" />
              <param name="Y" type="float" />
              <param name="Z" type="float" />
            </accessor>
          </technique_common>
        </source>
        <source id="meshId87-tex0" name="meshId87-tex0">
          <float_array id="meshId87-tex0-array" count="88"> 0.297621 0.314758 0.319924 0.31476 0.319922 0.33524 0.297619 0.335239 0.84055 0.664868 0.802369 0.664868 0.802369 0.642565 0.84055 0.642565 0.764187 0.664868 0.764187 0.642565 0.88745 0.664869 0.88745 0.642565 0.718369 0.664868 0.718369 0.642564 0.705853 0.338449 0.705622 0.348429 0.683042 0.354753 0.68301 0.344513 0.645181 0.344564 0.645213 0.354804 0.623137 0.348684 0.623105 0.338443 0.98823 0.125975 0.965927 0.125978 0.965922 0.0787096 0.988225 0.0787068 0.965937 0.20234 0.98824 0.202337 0.988245 0.248155 0.965942 0.248158 0.553512 0.368746 0.553156 0.358771 0.576073 0.364547 0.57617 0.374787 0.6139 0.364122 0.635897 0.357725 0.635994 0.367965 0.613997 0.374362 0.664131 0.357365 0.664099 0.347125 0.988235 0.164156 0.965932 0.164159 0.595016 0.366921 0.595113 0.37716 </float_array>
          <technique_common>
            <accessor count="44" offset="0" source="#meshId87-tex0-array" stride="2">
              <param name="S" type="float" />
              <param name="T" type="float" />
            </accessor>
          </technique_common>
        </source>
        <vertices id="meshId87-vertices">
          <input semantic="POSITION" source="#meshId87-positions" />
        </vertices>
        <polylist count="34" material="defaultMaterial">
          <input offset="0" semantic="VERTEX" source="#meshId87-vertices" />
          <input offset="0" semantic="NORMAL" source="#meshId87-normals" />
          <input offset="0" semantic="TANGENT" source="#meshId87-tangents" />
          <input offset="0" semantic="BINORMAL" source="#meshId87-bitangents" />
          <input offset="0" semantic="TEXCOORD" source="#meshId87-tex0" set="0" />
          <vcount>3 3 3 3 3 3 3 3 3 3 3 3 3 3 3 3 3 3 3 3 3 3 3 3 3 3 3 3 3 3 3 3 3 3 </vcount>
          <p>3 0 1 1 2 3 7 4 5 5 6 7 6 5 8 8 9 6 11 10 4 4 7 11 13 9 8 8 12 13 17 14 15 15 16 17 21 18 19 19 20 21 25 22 23 23 24 25 29 26 27 27 28 29 33 30 31 31 32 33 37 34 35 35 36 37 17 16 38 38 39 17 39 38 19 19 18 39 23 22 40 40 41 23 41 40 27 27 26 41 33 32 42 42 43 33 43 42 34 34 37 43 </p>
        </polylist>
      </mesh>
    </geometry>
    <geometry id="meshId88" name="meshId88_name" >
      <mesh>
        <source id="meshId88-positions" name="meshId88-positions">
          <float_array id="meshId88-positions-array" count="228"> -0.209844 0.559116 -0.772923 -0.109711 0.458983 -0.772923 -0.095028 0.486531 -0.963228 -0.209844 0.601347 -0.963228 -0.110051 0.458989 0.114634 -0.209844 0.558782 0.114634 -0.209844 0.600857 0.304897 -0.0955182 0.486531 0.304897 -0.109711 0.458983 -0.772923 -0.209844 0.358852 -0.77295 -0.209844 0.371714 -0.963228 -0.095028 0.486531 -0.963228 -0.209844 0.359195 0.114606 -0.110051 0.458989 0.114634 -0.0955182 0.486531 0.304897 -0.209844 0.372205 0.304897 -0.209844 0.527865 -0.0613548 -0.120794 0.438604 -0.0620354 -0.209844 0.512374 -0.239633 -0.126145 0.428386 -0.239974 -0.209844 0.512441 -0.418676 -0.126076 0.428385 -0.418335 -0.209844 0.528067 -0.596949 -0.12059 0.4386 -0.596267 -0.120794 0.438604 -0.0620354 -0.209844 0.349486 -0.0627549 -0.126145 0.428386 -0.239974 -0.209844 0.344595 -0.240339 -0.126076 0.428385 -0.418335 -0.209844 0.344527 -0.417999 -0.12059 0.4386 -0.596267 -0.209844 0.34928 -0.595585 -0.209844 0.371714 -0.963228 -0.209844 0.601347 -0.963228 -0.095028 0.486531 -0.963228 -0.209844 0.372205 0.304897 -0.0955182 0.486531 0.304897 -0.209844 0.600857 0.304897 -0.209844 0.559116 -0.772923 -0.209844 0.601347 -0.963228 -0.324661 0.486531 -0.963228 -0.309977 0.458983 -0.772923 -0.309637 0.458989 0.114634 -0.32417 0.486531 0.304897 -0.209844 0.600857 0.304897 -0.209844 0.558782 0.114634 -0.309977 0.458983 -0.772923 -0.324661 0.486531 -0.963228 -0.209844 0.371714 -0.963228 -0.209844 0.358852 -0.77295 -0.209844 0.359195 0.114606 -0.209844 0.372205 0.304897 -0.32417 0.486531 0.304897 -0.309637 0.458989 0.114634 -0.209844 0.527865 -0.0613548 -0.298894 0.438604 -0.0620354 -0.209844 0.512374 -0.239633 -0.293544 0.428386 -0.239974 -0.209844 0.512441 -0.418676 -0.293612 0.428385 -0.418335 -0.299099 0.4386 -0.596267 -0.209844 0.528067 -0.596949 -0.298894 0.438604 -0.0620354 -0.209844 0.349486 -0.0627549 -0.293544 0.428386 -0.239974 -0.209844 0.344595 -0.240339 -0.293612 0.428385 -0.418335 -0.209844 0.344527 -0.417999 -0.209844 0.34928 -0.595585 -0.299099 0.4386 -0.596267 -0.209844 0.371714 -0.963228 -0.324661 0.486531 -0.963228 -0.209844 0.601347 -0.963228 -0.209844 0.372205 0.304897 -0.209844 0.600857 0.304897 -0.32417 0.486531 0.304897 </float_array>
          <technique_common>
            <accessor count="76" offset="0" source="#meshId88-positions-array" stride="3">
              <param name="X" type="float" />
              <param name="Y" type="float" />
              <param name="Z" type="float" />
            </accessor>
          </technique_common>
        </source>
        <source id="meshId88-normals" name="meshId88-normals">
          <float_array id="meshId88-normals-array" count="228"> 4.63831e-08 0.979909 0.199446 0.997628 -0.0129363 0.0676135 0.968797 0.0647585 -0.239248 1.03022e-07 0.990966 -0.134115 0.99768 -0.0129399 -0.0668383 0 0.98006 -0.198701 -1.24146e-07 0.991091 0.13319 0.968991 0.0646858 0.238479 0.997628 -0.0129363 0.0676135 -4.83263e-08 -0.99813 -0.0611198 5.62495e-09 -0.934662 -0.355537 0.968797 0.0647585 -0.239248 -7.27409e-08 -0.998084 0.061881 0.99768 -0.0129399 -0.0668383 0.968991 0.0646858 0.238479 -1.82284e-07 -0.934901 0.354909 1.35528e-08 0.990874 -0.134789 0.998939 -0.0149661 -0.0435599 1.44533e-08 0.998991 -0.0449019 0.999832 -0.0115247 -0.0142748 -2.88823e-08 0.998955 0.0457036 0.99982 -0.0115411 0.0150564 2.70418e-08 0.990768 0.135571 0.998904 -0.0150131 0.0443369 0.998939 -0.0149661 -0.0435599 0 -0.999147 0.041284 0.999832 -0.0115247 -0.0142748 -2.97832e-08 -0.999902 0.0139986 0.99982 -0.0115411 0.0150564 0 -0.999912 -0.0132401 0.998904 -0.0150131 0.0443369 0 -0.999178 -0.0405281 5.62495e-09 -0.934662 -0.355537 1.03022e-07 0.990966 -0.134115 0.968797 0.0647585 -0.239248 -1.82284e-07 -0.934901 0.354909 0.968991 0.0646858 0.238479 -1.24146e-07 0.991091 0.13319 4.63831e-08 0.979909 0.199446 1.03022e-07 0.990966 -0.134115 -0.968797 0.0647583 -0.239248 -0.997628 -0.0129364 0.0676134 -0.99768 -0.01294 -0.066838 -0.968991 0.0646856 0.23848 -1.24146e-07 0.991091 0.13319 0 0.98006 -0.198701 -0.997628 -0.0129364 0.0676134 -0.968797 0.0647583 -0.239248 5.62495e-09 -0.934662 -0.355537 -4.83263e-08 -0.99813 -0.0611198 -7.27409e-08 -0.998084 0.061881 -1.82284e-07 -0.934901 0.354909 -0.968991 0.0646856 0.23848 -0.99768 -0.01294 -0.066838 1.35528e-08 0.990874 -0.134789 -0.998939 -0.0149662 -0.0435598 1.44533e-08 0.998991 -0.0449019 -0.999832 -0.0115248 -0.0142748 -2.88823e-08 0.998955 0.0457036 -0.99982 -0.0115411 0.0150564 -0.998904 -0.0150131 0.0443368 2.70418e-08 0.990768 0.135571 -0.998939 -0.0149662 -0.0435598 0 -0.999147 0.041284 -0.999832 -0.0115248 -0.0142748 -2.97832e-08 -0.999902 0.0139986 -0.99982 -0.0115411 0.0150564 0 -0.999912 -0.0132401 0 -0.999178 -0.0405281 -0.998904 -0.0150131 0.0443368 5.62495e-09 -0.934662 -0.355537 -0.968797 0.0647583 -0.239248 1.03022e-07 0.990966 -0.134115 -1.82284e-07 -0.934901 0.354909 -1.24146e-07 0.991091 0.13319 -0.968991 0.0646856 0.23848 </float_array>
          <technique_common>
            <accessor count="76" offset="0" source="#meshId88-normals-array" stride="3">
              <param name="X" type="float" />
              <param name="Y" type="float" />
              <param name="Z" type="float" />
            </accessor>
          </technique_common>
        </source>
        <source id="meshId88-tangents" name="meshId88-tangents">
          <float_array id="meshId88-tangents-array" count="228"> -0.101349 -0.198419 0.974863 -0.0685571 -0.0977673 0.992845 0.244521 -0.0918715 0.965282 -0.113823 0.133243 0.984526 0.0677938 0.0990169 0.992774 0.0994628 0.197716 0.9752 0.111852 -0.132354 0.984871 -0.243803 0.0932362 0.965333 -0.0679852 -0.030853 0.997209 0.0289929 -0.0610941 0.997711 0.0343753 -0.355327 0.93411 0.241072 -0.0218865 0.97026 -0.0318699 0.0618495 0.997577 0.0671877 0.0287702 0.997325 -0.240191 0.0200071 0.970519 -0.0373997 0.354661 0.934247 0.0667627 0.134488 0.988664 0.044454 0.0657721 0.996844 0.0215013 0.0448915 0.99876 0.0145278 0.022172 0.999649 -0.0235681 -0.0456909 0.998677 -0.015298 -0.0211405 0.999659 -0.068725 -0.135251 0.988425 -0.0452182 -0.0645954 0.996886 0.0438395 0.0188885 0.99886 -0.0215559 0.0412744 0.998915 0.0143404 0.0056289 0.999881 -0.00809355 0.0139981 0.999869 -0.0151466 -0.0077672 0.999855 0.00529034 -0.0132399 0.999898 -0.0446471 -0.0209966 0.998782 0.0187041 -0.040521 0.999004 0.999999 -0.000528268 0.00138877 1 -7.52715e-05 -0.000555411 0.247824 -0.268729 0.930789 0.942407 0.118706 0.312695 -0.00168195 0.966831 -0.255412 0.991247 0.0175843 -0.130848 0.101349 -0.198419 0.974863 0.113823 0.133243 0.984526 -0.244521 -0.0918716 0.965282 0.068557 -0.0977673 0.992845 -0.0677935 0.0990169 0.992774 0.243803 0.0932363 0.965332 -0.111852 -0.132354 0.984871 -0.0994628 0.197716 0.9752 0.0679851 -0.030853 0.997209 -0.241072 -0.0218866 0.97026 -0.0343753 -0.355327 0.93411 -0.0289929 -0.0610941 0.997711 0.0318699 0.0618495 0.997577 0.0373998 0.354661 0.934247 0.240192 0.0200071 0.970519 -0.0671874 0.0287702 0.997325 -0.0667627 0.134488 0.988664 -0.0444539 0.0657721 0.996844 -0.0215013 0.0448915 0.99876 -0.0145277 0.022172 0.999649 0.0235681 -0.0456909 0.998678 0.015298 -0.0211405 0.999659 0.0452181 -0.0645954 0.996887 0.068725 -0.135251 0.988425 -0.0438394 0.0188885 0.99886 0.0215558 0.0412744 0.998915 -0.0143404 0.00562889 0.999881 0.00809356 0.0139981 0.999869 0.0151466 -0.00776721 0.999855 -0.00529034 -0.0132399 0.999898 -0.0187041 -0.040521 0.999004 0.044647 -0.0209966 0.998782 -0.999999 -0.000528279 0.00138876 -0.247824 -0.268729 0.930789 -1 -7.50676e-05 -0.000555439 -0.942407 0.118706 0.312695 -0.991247 0.0175842 -0.130848 0.00168133 0.966831 -0.255412 </float_array>
          <technique_common>
            <accessor count="76" offset="0" source="#meshId88-tangents-array" stride="3">
              <param name="X" type="float" />
              <param name="Y" type="float" />
              <param name="Z" type="float" />
            </accessor>
          </technique_common>
        </source>
        <source id="meshId88-bitangents" name="meshId88-bitangents">
          <float_array id="meshId88-bitangents-array" count="228"> 0.994851 -0.0202136 0.0993125 -0.00623333 -0.995125 -0.0984223 0.0405302 -0.993663 -0.10484 0.993501 0.0152653 0.112795 -0.00622825 -0.995002 0.0996645 0.995041 -0.0197634 -0.0974795 0.993725 0.0148976 -0.110855 0.0402084 -0.993541 0.106116 -0.0108141 -0.99944 -0.0316593 -0.99958 -0.00177199 0.0289387 -0.999409 -0.0122217 0.0321293 0.0575963 -0.997661 -0.0368151 -0.999492 -0.00197207 -0.0318088 -0.0109823 -0.999502 0.0295728 0.0580075 -0.997705 0.0349236 -0.9993 -0.0132733 -0.034965 0.997769 -0.00899889 -0.0661534 -0.0120539 -0.997723 0.0663676 0.999769 -0.000965465 -0.0214796 -0.0112042 -0.999688 0.0223357 0.999722 -0.00107712 0.0235435 -0.0112189 -0.99971 -0.0213133 0.997636 -0.00931717 0.0680905 -0.0121024 -0.997799 -0.0652034 -0.0141263 -0.99971 0.0195246 -0.999768 -0.000889912 -0.0215375 -0.011443 -0.999918 0.00579322 -0.999967 -0.000113268 -0.00809276 -0.0114225 -0.999903 -0.00794061 -0.999986 -7.00445e-05 0.00528987 -0.0140639 -0.999667 -0.0216439 -0.999825 -0.000758041 0.0186887 -0.00148585 -0.355536 0.934661 -0.000560488 -0.134115 -0.990966 -0.00401633 -0.961036 -0.276393 -0.334469 0.334469 0.881057 -0.247091 0.247091 0.936959 -0.132024 0.132024 -0.982415 -0.994851 -0.0202135 0.0993125 -0.993501 0.0152655 0.112795 -0.04053 -0.993663 -0.10484 0.00623347 -0.995125 -0.0984223 0.00622838 -0.995002 0.0996645 -0.0402081 -0.99354 0.106116 -0.993725 0.0148974 -0.110855 -0.995041 -0.0197634 -0.0974795 0.0108142 -0.99944 -0.0316592 -0.0575961 -0.997661 -0.0368151 0.999409 -0.0122217 0.0321293 0.99958 -0.00177209 0.0289387 0.999492 -0.00197221 -0.0318088 0.9993 -0.0132737 -0.034965 -0.0580073 -0.997705 0.0349236 0.0109824 -0.999502 0.0295728 -0.997769 -0.00899886 -0.0661534 0.0120539 -0.997722 0.0663676 -0.999769 -0.000965436 -0.0214796 0.0112043 -0.999688 0.0223357 -0.999722 -0.00107717 0.0235435 0.0112189 -0.99971 -0.0213133 0.0121024 -0.997799 -0.0652034 -0.997636 -0.00931712 0.0680905 0.0141264 -0.99971 0.0195246 0.999768 -0.000889911 -0.0215375 0.0114431 -0.999918 0.00579321 0.999967 -0.000113328 -0.00809277 0.0114225 -0.999903 -0.00794062 0.999986 -7.00445e-05 0.00528987 0.999825 -0.000758041 0.0186887 0.0140639 -0.999667 -0.0216439 0.00148585 -0.355536 0.934661 0.00401634 -0.961037 -0.276392 0.000560488 -0.134115 -0.990966 0.334469 0.334469 0.881057 0.132024 0.132024 -0.982415 0.247091 0.247091 0.936959 </float_array>
          <technique_common>
            <accessor count="76" offset="0" source="#meshId88-bitangents-array" stride="3">
              <param name="X" type="float" />
              <param name="Y" type="float" />
              <param name="Z" type="float" />
            </accessor>
          </technique_common>
        </source>
        <source id="meshId88-tex0" name="meshId88-tex0">
          <float_array id="meshId88-tex0-array" count="152"> 0.0614834 0.416772 0.061433 0.457507 0.00602381 0.454822 0.00608169 0.408114 0.317731 0.457718 0.317769 0.417121 0.373173 0.408616 0.373129 0.455125 0.061154 0.47115 0.0612163 0.511885 0.00641474 0.509363 0.00633414 0.462655 0.316622 0.511371 0.316559 0.470774 0.371338 0.46212 0.37142 0.508629 0.26675 0.423361 0.266516 0.459631 0.215367 0.426461 0.215232 0.46057 0.163864 0.426391 0.163925 0.460528 0.112488 0.423151 0.112643 0.459504 0.265712 0.477195 0.265568 0.513435 0.214523 0.480451 0.214477 0.51452 0.163216 0.480527 0.163372 0.514622 0.112018 0.477422 0.112277 0.513744 0.50429 0.823306 0.504014 0.757251 0.537179 0.79014 0.1064 0.549838 0.152909 0.549838 0.152909 0.596346 0.0614834 0.416772 0.00608169 0.408114 0.00602381 0.454822 0.061433 0.457507 0.317731 0.457718 0.373129 0.455125 0.373173 0.408616 0.317769 0.417121 0.061154 0.47115 0.00633414 0.462655 0.00641474 0.509363 0.0612163 0.511885 0.316622 0.511371 0.37142 0.508629 0.371338 0.46212 0.316559 0.470774 0.26675 0.423361 0.266516 0.459631 0.215367 0.426461 0.215232 0.46057 0.163864 0.426391 0.163925 0.460528 0.112643 0.459504 0.112488 0.423151 0.265712 0.477195 0.265568 0.513435 0.214523 0.480451 0.214477 0.51452 0.163216 0.480527 0.163372 0.514622 0.112277 0.513744 0.112018 0.477422 0.50429 0.823306 0.537179 0.79014 0.504014 0.757251 0.1064 0.549838 0.152909 0.596346 0.152909 0.549838 </float_array>
          <technique_common>
            <accessor count="76" offset="0" source="#meshId88-tex0-array" stride="2">
              <param name="S" type="float" />
              <param name="T" type="float" />
            </accessor>
          </technique_common>
        </source>
        <vertices id="meshId88-vertices">
          <input semantic="POSITION" source="#meshId88-positions" />
        </vertices>
        <polylist count="60" material="defaultMaterial">
          <input offset="0" semantic="VERTEX" source="#meshId88-vertices" />
          <input offset="0" semantic="NORMAL" source="#meshId88-normals" />
          <input offset="0" semantic="TANGENT" source="#meshId88-tangents" />
          <input offset="0" semantic="BINORMAL" source="#meshId88-bitangents" />
          <input offset="0" semantic="TEXCOORD" source="#meshId88-tex0" set="0" />
          <vcount>3 3 3 3 3 3 3 3 3 3 3 3 3 3 3 3 3 3 3 3 3 3 3 3 3 3 3 3 3 3 3 3 3 3 3 3 3 3 3 3 3 3 3 3 3 3 3 3 3 3 3 3 3 3 3 3 3 3 3 3 </vcount>
          <p>3 0 1 1 2 3 7 4 5 5 6 7 11 8 9 9 10 11 15 12 13 13 14 15 17 16 5 5 4 17 19 18 16 16 17 19 21 20 18 18 19 21 1 0 22 22 23 1 23 22 20 20 21 23 25 24 13 13 12 25 27 26 24 24 25 27 29 28 26 26 27 29 9 8 30 30 31 9 31 30 28 28 29 31 32 33 34 35 36 37 41 38 39 39 40 41 45 42 43 43 44 45 49 46 47 47 48 49 53 50 51 51 52 53 45 54 55 55 42 45 54 56 57 57 55 54 56 58 59 59 57 56 61 38 41 41 60 61 58 61 60 60 59 58 53 62 63 63 50 53 62 64 65 65 63 62 64 66 67 67 65 64 69 46 49 49 68 69 66 69 68 68 67 66 70 71 72 73 74 75 </p>
        </polylist>
      </mesh>
    </geometry>
    <geometry id="meshId89" name="meshId89_name" >
      <mesh>
        <source id="meshId89-positions" name="meshId89-positions">
          <float_array id="meshId89-positions-array" count="132"> 0.239075 0.0491394 -0.807152 0.18873 -0.00120512 -0.807152 0.18873 -0.00120512 -0.884685 0.239075 0.0491394 -0.884685 -0.136441 0.262463 -0.807152 -0.136441 0.262463 -0.884685 -0.0559799 0.1569 -0.884685 -0.0559799 0.1569 -0.807152 0.0498655 0.0768107 -0.884685 0.0498653 0.0768108 -0.807152 -0.216797 0.404322 -0.807152 -0.216797 0.404322 -0.884685 0.18873 -0.00120512 -0.884685 0.18873 -0.00120512 -0.807152 -0.169027 0.454667 -0.884685 -0.0860967 0.312808 -0.884685 -0.136441 0.262463 -0.884685 -0.216797 0.404322 -0.884685 0.10021 0.127155 -0.884685 0.239075 0.0491394 -0.884685 0.18873 -0.00120512 -0.884685 0.0498655 0.0768107 -0.884685 -0.0860967 0.312808 -0.884685 -0.169027 0.454667 -0.884685 -0.169027 0.454667 -0.807152 -0.0860968 0.312808 -0.807152 0.10021 0.127155 -0.807152 0.239075 0.0491394 -0.807152 0.239075 0.0491394 -0.884685 0.10021 0.127155 -0.884685 -0.216797 0.404322 -0.807152 -0.136441 0.262463 -0.807152 -0.0860968 0.312808 -0.807152 -0.169027 0.454667 -0.807152 0.10021 0.127155 -0.807152 0.0498653 0.0768108 -0.807152 0.18873 -0.00120512 -0.807152 0.239075 0.0491394 -0.807152 -0.00563546 0.207245 -0.884685 -0.0559799 0.1569 -0.884685 -0.00563544 0.207245 -0.807152 -0.00563546 0.207245 -0.884685 -0.0559799 0.1569 -0.807152 -0.00563544 0.207245 -0.807152 </float_array>
          <technique_common>
            <accessor count="44" offset="0" source="#meshId89-positions-array" stride="3">
              <param name="X" type="float" />
              <param name="Y" type="float" />
              <param name="Z" type="float" />
            </accessor>
          </technique_common>
        </source>
        <source id="meshId89-normals" name="meshId89-normals">
          <float_array id="meshId89-normals-array" count="132"> 0.659876 0.455065 0.597896 -0.109461 -0.748463 0.654081 -0.109461 -0.748463 -0.654081 0.659876 0.455066 -0.597896 -0.64045 -0.416274 0.645399 -0.64045 -0.416274 -0.645399 -0.540788 -0.542694 -0.642675 -0.540789 -0.542694 0.642675 -0.413506 -0.640011 -0.64761 -0.413506 -0.64001 0.647611 -0.60282 -0.341467 0.721116 -0.602819 -0.341467 -0.721117 -0.109461 -0.748463 -0.654081 -0.109461 -0.748463 0.654081 0.703082 0.411021 -0.580291 0.610231 0.402983 -0.682072 -0.64045 -0.416274 -0.645399 -0.602819 -0.341467 -0.721117 0.394301 0.610285 -0.68708 0.659876 0.455066 -0.597896 -0.109461 -0.748463 -0.654081 -0.413506 -0.640011 -0.64761 0.610231 0.402983 -0.682072 0.703082 0.411021 -0.580291 0.703082 0.411021 0.580291 0.610231 0.402983 0.682072 0.394301 0.610285 0.68708 0.659876 0.455065 0.597896 0.659876 0.455066 -0.597896 0.394301 0.610285 -0.68708 -0.60282 -0.341467 0.721116 -0.64045 -0.416274 0.645399 0.610231 0.402983 0.682072 0.703082 0.411021 0.580291 0.394301 0.610285 0.68708 -0.413506 -0.64001 0.647611 -0.109461 -0.748463 0.654081 0.659876 0.455065 0.597896 0.499688 0.501448 -0.706301 -0.540788 -0.542694 -0.642675 0.499688 0.501449 0.706301 0.499688 0.501448 -0.706301 -0.540789 -0.542694 0.642675 0.499688 0.501449 0.706301 </float_array>
          <technique_common>
            <accessor count="44" offset="0" source="#meshId89-normals-array" stride="3">
              <param name="X" type="float" />
              <param name="Y" type="float" />
              <param name="Z" type="float" />
            </accessor>
          </technique_common>
        </source>
        <source id="meshId89-tangents" name="meshId89-tangents">
          <float_array id="meshId89-tangents-array" count="132"> 0.492194 0.339447 -0.801574 -0.0945954 -0.647205 -0.756425 0.0947072 0.647188 -0.756425 -0.492212 -0.339421 -0.801574 -0.547477 0.836813 -0.00354422 -0.547471 0.836817 0.0035367 -0.708348 0.705864 -2.82822e-06 -0.708351 0.70586 -2.88629e-06 -0.838482 0.544921 -0.00314695 -0.838484 0.544918 0.00314222 -0.492872 0.870102 -2.54755e-06 -0.492867 0.870104 -2.43138e-06 -0.936606 0.298013 -0.184274 -0.936609 0.298009 0.184269 -0.575073 0.808651 -0.123991 -0.625471 0.773471 -0.102609 -0.614286 0.782044 0.105167 -0.607341 0.782509 0.137171 -0.777501 0.620119 0.104617 -0.618864 0.780438 -0.0890166 -0.849389 0.412223 -0.329561 -0.7844 0.611554 -0.103529 -0.569076 -0.375998 -0.731285 -0.500891 -0.292994 -0.814409 0.501043 0.292735 -0.814409 0.569254 0.375729 -0.731285 0.372999 0.577018 -0.726582 0.492278 0.339326 -0.801574 -0.492128 -0.339543 -0.801574 -0.372728 -0.577194 -0.726582 0.602462 -0.787357 0.130797 0.610431 -0.785875 0.0988705 0.621189 -0.777726 -0.0962627 0.571873 -0.811831 -0.117861 0.773136 -0.624456 0.110974 0.780508 -0.615421 -0.109837 0.843998 -0.41758 -0.336592 0.615577 -0.783704 -0.082904 -0.70882 0.705389 -0.000668095 -0.708739 0.705471 0.000657761 0.49867 0.50019 -0.707911 -0.498433 -0.500427 -0.707911 0.705055 -0.709131 -0.00553315 0.70437 -0.709811 0.00561864 </float_array>
          <technique_common>
            <accessor count="44" offset="0" source="#meshId89-tangents-array" stride="3">
              <param name="X" type="float" />
              <param name="Y" type="float" />
              <param name="Z" type="float" />
            </accessor>
          </technique_common>
        </source>
        <source id="meshId89-bitangents" name="meshId89-bitangents">
          <float_array id="meshId89-bitangents-array" count="132"> 0.567723 -0.82322 -1.25617e-05 -0.98948 0.144672 -4.22746e-05 -0.989469 0.144745 -4.30942e-05 0.567707 -0.823231 -1.29193e-05 0.538603 0.355611 0.763837 -0.538609 -0.355603 0.763837 -0.453642 -0.455236 0.766139 0.453637 0.455241 0.766139 -0.35491 -0.541708 0.761965 0.354905 0.541712 0.761965 0.627444 0.355419 0.692814 -0.627448 -0.355413 0.692814 -0.332847 -0.592445 0.733636 0.33284 0.592448 0.733637 -0.41829 -0.420886 -0.804915 -0.486213 -0.489232 -0.724051 -0.460952 -0.463814 0.756571 -0.517441 -0.520653 0.679099 -0.489917 -0.492955 -0.719011 -0.426112 -0.428756 -0.796616 -0.516291 -0.519495 0.680858 -0.462309 -0.465176 0.754905 0.551153 -0.834404 0.000117674 0.504761 -0.863259 0.000121757 0.504611 -0.863347 0.000122935 0.550969 -0.834525 0.000118509 0.83988 -0.542772 0.000117332 0.56765 -0.82327 0.000105605 0.56778 -0.82318 0.000105634 0.84 -0.542586 0.0001176 -0.523114 -0.513292 -0.680356 -0.466046 -0.457293 -0.75742 -0.491673 -0.482438 0.724921 -0.422655 -0.414719 0.805836 -0.496777 -0.487449 0.718057 -0.46885 -0.460047 -0.754013 -0.525058 -0.5152 -0.67741 -0.430846 -0.422757 0.797275 -0.497883 -0.500974 -0.707911 -0.453031 -0.455844 0.766139 0.708266 -0.705946 0.000118628 0.708433 -0.705778 0.000118688 -0.458744 -0.450129 -0.766119 -0.504158 -0.49469 0.707889 </float_array>
          <technique_common>
            <accessor count="44" offset="0" source="#meshId89-bitangents-array" stride="3">
              <param name="X" type="float" />
              <param name="Y" type="float" />
              <param name="Z" type="float" />
            </accessor>
          </technique_common>
        </source>
        <source id="meshId89-tex0" name="meshId89-tex0">
          <float_array id="meshId89-tex0-array" count="88"> 0.297621 0.314758 0.297619 0.335239 0.319922 0.33524 0.319924 0.31476 0.84055 0.664868 0.84055 0.642565 0.802369 0.642565 0.802369 0.664868 0.764187 0.642565 0.764187 0.664868 0.88745 0.664869 0.88745 0.642565 0.718369 0.642564 0.718369 0.664868 0.705853 0.338449 0.68301 0.344513 0.683042 0.354753 0.705622 0.348429 0.645181 0.344564 0.623105 0.338443 0.623137 0.348684 0.645213 0.354804 0.98823 0.125975 0.988225 0.0787068 0.965922 0.0787096 0.965927 0.125978 0.965937 0.20234 0.965942 0.248158 0.988245 0.248155 0.98824 0.202337 0.553512 0.368746 0.57617 0.374787 0.576073 0.364547 0.553156 0.358771 0.6139 0.364122 0.613997 0.374362 0.635994 0.367965 0.635897 0.357725 0.664099 0.347125 0.664131 0.357365 0.965932 0.164159 0.988235 0.164156 0.595113 0.37716 0.595016 0.366921 </float_array>
          <technique_common>
            <accessor count="44" offset="0" source="#meshId89-tex0-array" stride="2">
              <param name="S" type="float" />
              <param name="T" type="float" />
            </accessor>
          </technique_common>
        </source>
        <vertices id="meshId89-vertices">
          <input semantic="POSITION" source="#meshId89-positions" />
        </vertices>
        <polylist count="34" material="defaultMaterial">
          <input offset="0" semantic="VERTEX" source="#meshId89-vertices" />
          <input offset="0" semantic="NORMAL" source="#meshId89-normals" />
          <input offset="0" semantic="TANGENT" source="#meshId89-tangents" />
          <input offset="0" semantic="BINORMAL" source="#meshId89-bitangents" />
          <input offset="0" semantic="TEXCOORD" source="#meshId89-tex0" set="0" />
          <vcount>3 3 3 3 3 3 3 3 3 3 3 3 3 3 3 3 3 3 3 3 3 3 3 3 3 3 3 3 3 3 3 3 3 3 </vcount>
          <p>3 0 1 1 2 3 7 4 5 5 6 7 9 7 6 6 8 9 4 10 11 11 5 4 9 8 12 12 13 9 17 14 15 15 16 17 21 18 19 19 20 21 25 22 23 23 24 25 29 26 27 27 28 29 33 30 31 31 32 33 37 34 35 35 36 37 39 16 15 15 38 39 21 39 38 38 18 21 41 22 25 25 40 41 29 41 40 40 26 29 43 32 31 31 42 43 34 43 42 42 35 34 </p>
        </polylist>
      </mesh>
    </geometry>
    <geometry id="meshId90" name="meshId90_name" >
      <mesh>
        <source id="meshId90-positions" name="meshId90-positions">
          <float_array id="meshId90-positions-array" count="132"> -0.665968 0.0491394 -0.807152 -0.665968 0.0491394 -0.884685 -0.615623 -0.00120512 -0.884685 -0.615623 -0.00120512 -0.807152 -0.290452 0.262463 -0.807152 -0.370913 0.1569 -0.807152 -0.370913 0.1569 -0.884685 -0.290452 0.262463 -0.884685 -0.476759 0.0768108 -0.807152 -0.476759 0.0768107 -0.884685 -0.210096 0.404322 -0.807152 -0.210096 0.404322 -0.884685 -0.615623 -0.00120512 -0.807152 -0.615623 -0.00120512 -0.884685 -0.257866 0.454667 -0.884685 -0.210096 0.404322 -0.884685 -0.290452 0.262463 -0.884685 -0.340797 0.312808 -0.884685 -0.527103 0.127155 -0.884685 -0.476759 0.0768107 -0.884685 -0.615623 -0.00120512 -0.884685 -0.665968 0.0491394 -0.884685 -0.340797 0.312808 -0.884685 -0.340797 0.312808 -0.807152 -0.257866 0.454667 -0.807152 -0.257866 0.454667 -0.884685 -0.527103 0.127155 -0.807152 -0.527103 0.127155 -0.884685 -0.665968 0.0491394 -0.884685 -0.665968 0.0491394 -0.807152 -0.210096 0.404322 -0.807152 -0.257866 0.454667 -0.807152 -0.340797 0.312808 -0.807152 -0.290452 0.262463 -0.807152 -0.527103 0.127155 -0.807152 -0.665968 0.0491394 -0.807152 -0.615623 -0.00120512 -0.807152 -0.476759 0.0768108 -0.807152 -0.370913 0.1569 -0.884685 -0.421258 0.207245 -0.884685 -0.421258 0.207245 -0.884685 -0.421258 0.207245 -0.807152 -0.421258 0.207245 -0.807152 -0.370913 0.1569 -0.807152 </float_array>
          <technique_common>
            <accessor count="44" offset="0" source="#meshId90-positions-array" stride="3">
              <param name="X" type="float" />
              <param name="Y" type="float" />
              <param name="Z" type="float" />
            </accessor>
          </technique_common>
        </source>
        <source id="meshId90-normals" name="meshId90-normals">
          <float_array id="meshId90-normals-array" count="132"> -0.659876 0.455065 0.597896 -0.659876 0.455066 -0.597896 0.109461 -0.748463 -0.654081 0.109461 -0.748463 0.654081 0.64045 -0.416274 0.645399 0.540788 -0.542694 0.642675 0.540788 -0.542694 -0.642675 0.64045 -0.416274 -0.645399 0.413506 -0.64001 0.647611 0.413506 -0.64001 -0.647611 0.60282 -0.341467 0.721117 0.60282 -0.341467 -0.721116 0.109461 -0.748463 0.654081 0.109461 -0.748463 -0.654081 -0.703082 0.411021 -0.580291 0.60282 -0.341467 -0.721116 0.64045 -0.416274 -0.645399 -0.610231 0.402983 -0.682072 -0.394301 0.610285 -0.68708 0.413506 -0.64001 -0.647611 0.109461 -0.748463 -0.654081 -0.659876 0.455066 -0.597896 -0.610231 0.402983 -0.682072 -0.610231 0.402983 0.682072 -0.703082 0.411021 0.580291 -0.703082 0.411021 -0.580291 -0.394301 0.610285 0.68708 -0.394301 0.610285 -0.68708 -0.659876 0.455066 -0.597896 -0.659876 0.455065 0.597896 0.60282 -0.341467 0.721117 -0.703082 0.411021 0.580291 -0.610231 0.402983 0.682072 0.64045 -0.416274 0.645399 -0.394301 0.610285 0.68708 -0.659876 0.455065 0.597896 0.109461 -0.748463 0.654081 0.413506 -0.64001 0.647611 0.540788 -0.542694 -0.642675 -0.499688 0.501448 -0.706302 -0.499688 0.501448 -0.706302 -0.499688 0.501449 0.706301 -0.499688 0.501449 0.706301 0.540788 -0.542694 0.642675 </float_array>
          <technique_common>
            <accessor count="44" offset="0" source="#meshId90-normals-array" stride="3">
              <param name="X" type="float" />
              <param name="Y" type="float" />
              <param name="Z" type="float" />
            </accessor>
          </technique_common>
        </source>
        <source id="meshId90-tangents" name="meshId90-tangents">
          <float_array id="meshId90-tangents-array" count="132"> -0.492194 0.339447 -0.801574 0.492212 -0.339421 -0.801574 -0.0947073 0.647188 -0.756425 0.0945954 -0.647204 -0.756425 0.547477 0.836814 -0.00354419 0.708351 0.70586 -2.92011e-06 0.708348 0.705864 -2.73126e-06 0.547471 0.836817 0.00353675 0.838484 0.544918 0.0031422 0.838482 0.544921 -0.0031469 0.492872 0.870102 -2.48633e-06 0.492867 0.870105 -2.26707e-06 0.936609 0.298009 0.184269 0.936606 0.298013 -0.184274 0.575074 0.808651 -0.123991 0.607341 0.78251 0.137171 0.614286 0.782044 0.105167 0.625472 0.773471 -0.102609 0.777501 0.620119 0.104617 0.7844 0.611554 -0.103529 0.849389 0.412224 -0.329561 0.618864 0.780438 -0.0890164 0.569077 -0.375998 -0.731285 -0.569254 0.375729 -0.731285 -0.501043 0.292735 -0.814409 0.500892 -0.292994 -0.814409 -0.373 0.577018 -0.726582 0.372727 -0.577194 -0.726582 0.492128 -0.339543 -0.801574 -0.492278 0.339326 -0.801574 -0.602462 -0.787357 0.130797 -0.571873 -0.811831 -0.117861 -0.621189 -0.777726 -0.0962628 -0.610431 -0.785875 0.0988705 -0.773136 -0.624456 0.110974 -0.615577 -0.783704 -0.0829039 -0.843998 -0.41758 -0.336592 -0.780508 -0.615422 -0.109837 0.708739 0.705471 0.000657835 0.70882 0.705389 -0.000668142 0.498433 -0.500427 -0.707911 -0.49867 0.50019 -0.707911 -0.70437 -0.709811 0.00561864 -0.705055 -0.709131 -0.00553319 </float_array>
          <technique_common>
            <accessor count="44" offset="0" source="#meshId90-tangents-array" stride="3">
              <param name="X" type="float" />
              <param name="Y" type="float" />
              <param name="Z" type="float" />
            </accessor>
          </technique_common>
        </source>
        <source id="meshId90-bitangents" name="meshId90-bitangents">
          <float_array id="meshId90-bitangents-array" count="132"> -0.567723 -0.82322 -1.24872e-05 -0.567707 -0.823231 -1.29342e-05 0.989469 0.144745 -4.31091e-05 0.98948 0.144672 -4.23193e-05 -0.538603 0.355611 0.763837 -0.453637 0.455241 0.766139 0.453642 -0.455236 0.766139 0.538609 -0.355603 0.763837 -0.354906 0.541712 0.761965 0.354911 -0.541708 0.761965 -0.627444 0.355419 0.692814 0.627447 -0.355413 0.692814 -0.33284 0.592448 0.733637 0.332847 -0.592445 0.733636 0.41829 -0.420886 -0.804915 0.517441 -0.520653 0.679099 0.460952 -0.463814 0.756571 0.486213 -0.489232 -0.72405 0.489917 -0.492955 -0.719011 0.462309 -0.465176 0.754905 0.516291 -0.519495 0.680858 0.426112 -0.428756 -0.796616 -0.551153 -0.834404 0.000117525 -0.55097 -0.834525 0.000118375 -0.504611 -0.863347 0.00012286 -0.504761 -0.863259 0.000121683 -0.83988 -0.542773 0.000117972 -0.840001 -0.542585 0.000118136 -0.56778 -0.82318 0.000105694 -0.56765 -0.82327 0.000105783 0.523114 -0.513292 -0.680355 0.422655 -0.414719 0.805836 0.491673 -0.482438 0.724921 0.466046 -0.457293 -0.75742 0.496777 -0.487449 0.718057 0.430847 -0.422757 0.797275 0.525058 -0.515199 -0.67741 0.46885 -0.460047 -0.754013 0.453031 -0.455844 0.766139 0.497883 -0.500974 -0.707911 -0.708433 -0.705778 0.000118583 -0.708266 -0.705946 0.000118643 0.504158 -0.49469 0.707889 0.458744 -0.450129 -0.766119 </float_array>
          <technique_common>
            <accessor count="44" offset="0" source="#meshId90-bitangents-array" stride="3">
              <param name="X" type="float" />
              <param name="Y" type="float" />
              <param name="Z" type="float" />
            </accessor>
          </technique_common>
        </source>
        <source id="meshId90-tex0" name="meshId90-tex0">
          <float_array id="meshId90-tex0-array" count="88"> 0.297621 0.314758 0.319924 0.31476 0.319922 0.33524 0.297619 0.335239 0.84055 0.664868 0.802369 0.664868 0.802369 0.642565 0.84055 0.642565 0.764187 0.664868 0.764187 0.642565 0.88745 0.664869 0.88745 0.642565 0.718369 0.664868 0.718369 0.642564 0.705853 0.338449 0.705622 0.348429 0.683042 0.354753 0.68301 0.344513 0.645181 0.344564 0.645213 0.354804 0.623137 0.348684 0.623105 0.338443 0.98823 0.125975 0.965927 0.125978 0.965922 0.0787096 0.988225 0.0787068 0.965937 0.20234 0.98824 0.202337 0.988245 0.248155 0.965942 0.248158 0.553512 0.368746 0.553156 0.358771 0.576073 0.364547 0.57617 0.374787 0.6139 0.364122 0.635897 0.357725 0.635994 0.367965 0.613997 0.374362 0.664131 0.357365 0.664099 0.347125 0.988235 0.164156 0.965932 0.164159 0.595016 0.366921 0.595113 0.37716 </float_array>
          <technique_common>
            <accessor count="44" offset="0" source="#meshId90-tex0-array" stride="2">
              <param name="S" type="float" />
              <param name="T" type="float" />
            </accessor>
          </technique_common>
        </source>
        <vertices id="meshId90-vertices">
          <input semantic="POSITION" source="#meshId90-positions" />
        </vertices>
        <polylist count="34" material="defaultMaterial">
          <input offset="0" semantic="VERTEX" source="#meshId90-vertices" />
          <input offset="0" semantic="NORMAL" source="#meshId90-normals" />
          <input offset="0" semantic="TANGENT" source="#meshId90-tangents" />
          <input offset="0" semantic="BINORMAL" source="#meshId90-bitangents" />
          <input offset="0" semantic="TEXCOORD" source="#meshId90-tex0" set="0" />
          <vcount>3 3 3 3 3 3 3 3 3 3 3 3 3 3 3 3 3 3 3 3 3 3 3 3 3 3 3 3 3 3 3 3 3 3 </vcount>
          <p>3 0 1 1 2 3 7 4 5 5 6 7 6 5 8 8 9 6 11 10 4 4 7 11 13 9 8 8 12 13 17 14 15 15 16 17 21 18 19 19 20 21 25 22 23 23 24 25 29 26 27 27 28 29 33 30 31 31 32 33 37 34 35 35 36 37 17 16 38 38 39 17 39 38 19 19 18 39 23 22 40 40 41 23 41 40 27 27 26 41 33 32 42 42 43 33 43 42 34 34 37 43 </p>
        </polylist>
      </mesh>
    </geometry>
    <geometry id="meshId91" name="meshId91_name" >
      <mesh>
        <source id="meshId91-positions" name="meshId91-positions">
          <float_array id="meshId91-positions-array" count="132"> -0.665968 0.0491394 0.163597 -0.615623 -0.00120512 0.163597 -0.615623 -0.00120512 0.24113 -0.665968 0.0491394 0.24113 -0.290452 0.262463 0.163597 -0.290452 0.262463 0.24113 -0.370913 0.1569 0.24113 -0.370913 0.1569 0.163597 -0.476759 0.0768107 0.24113 -0.476759 0.0768108 0.163597 -0.210096 0.404322 0.163597 -0.210096 0.404322 0.24113 -0.615623 -0.00120512 0.24113 -0.615623 -0.00120512 0.163597 -0.257866 0.454667 0.24113 -0.340797 0.312808 0.24113 -0.290452 0.262463 0.24113 -0.210096 0.404322 0.24113 -0.527103 0.127155 0.24113 -0.665968 0.0491394 0.24113 -0.615623 -0.00120512 0.24113 -0.476759 0.0768107 0.24113 -0.340797 0.312808 0.24113 -0.257866 0.454667 0.24113 -0.257866 0.454667 0.163597 -0.340797 0.312808 0.163597 -0.527103 0.127155 0.163597 -0.665968 0.0491394 0.163597 -0.665968 0.0491394 0.24113 -0.527103 0.127155 0.24113 -0.210096 0.404322 0.163597 -0.290452 0.262463 0.163597 -0.340797 0.312808 0.163597 -0.257866 0.454667 0.163597 -0.527103 0.127155 0.163597 -0.476759 0.0768108 0.163597 -0.615623 -0.00120512 0.163597 -0.665968 0.0491394 0.163597 -0.421258 0.207245 0.24113 -0.370913 0.1569 0.24113 -0.421258 0.207245 0.163597 -0.421258 0.207245 0.24113 -0.370913 0.1569 0.163597 -0.421258 0.207245 0.163597 </float_array>
          <technique_common>
            <accessor count="44" offset="0" source="#meshId91-positions-array" stride="3">
              <param name="X" type="float" />
              <param name="Y" type="float" />
              <param name="Z" type="float" />
            </accessor>
          </technique_common>
        </source>
        <source id="meshId91-normals" name="meshId91-normals">
          <float_array id="meshId91-normals-array" count="132"> -0.659876 0.455066 -0.597896 0.109461 -0.748463 -0.654081 0.109461 -0.748463 0.654081 -0.659876 0.455066 0.597896 0.640449 -0.416274 -0.645399 0.64045 -0.416274 0.645399 0.540788 -0.542694 0.642675 0.540788 -0.542694 -0.642675 0.413506 -0.640011 0.647611 0.413506 -0.64001 -0.647611 0.60282 -0.341467 -0.721117 0.60282 -0.341467 0.721117 0.109461 -0.748463 0.654081 0.109461 -0.748463 -0.654081 -0.703082 0.411021 0.580291 -0.610231 0.402983 0.682072 0.64045 -0.416274 0.645399 0.60282 -0.341467 0.721117 -0.394301 0.610285 0.68708 -0.659876 0.455066 0.597896 0.109461 -0.748463 0.654081 0.413506 -0.640011 0.647611 -0.610231 0.402983 0.682072 -0.703082 0.411021 0.580291 -0.703082 0.411021 -0.580291 -0.610231 0.402983 -0.682072 -0.394301 0.610285 -0.68708 -0.659876 0.455066 -0.597896 -0.659876 0.455066 0.597896 -0.394301 0.610285 0.68708 0.60282 -0.341467 -0.721117 0.640449 -0.416274 -0.645399 -0.610231 0.402983 -0.682072 -0.703082 0.411021 -0.580291 -0.394301 0.610285 -0.68708 0.413506 -0.64001 -0.647611 0.109461 -0.748463 -0.654081 -0.659876 0.455066 -0.597896 -0.499688 0.501448 0.706302 0.540788 -0.542694 0.642675 -0.499687 0.501448 -0.706302 -0.499688 0.501448 0.706302 0.540788 -0.542694 -0.642675 -0.499687 0.501448 -0.706302 </float_array>
          <technique_common>
            <accessor count="44" offset="0" source="#meshId91-normals-array" stride="3">
              <param name="X" type="float" />
              <param name="Y" type="float" />
              <param name="Z" type="float" />
            </accessor>
          </technique_common>
        </source>
        <source id="meshId91-tangents" name="meshId91-tangents">
          <float_array id="meshId91-tangents-array" count="132"> -0.492194 0.339447 0.801574 0.0945956 -0.647204 0.756425 -0.0947074 0.647188 0.756425 0.492212 -0.339421 0.801574 0.547477 0.836813 0.00354412 0.547471 0.836817 -0.00353668 0.708348 0.705864 2.80117e-06 0.708351 0.70586 2.82315e-06 0.838482 0.544921 0.00314692 0.838484 0.544918 -0.00314208 0.492872 0.870102 2.50456e-06 0.492867 0.870105 2.28966e-06 0.936606 0.298014 0.184274 0.936609 0.298009 -0.184269 0.575074 0.808651 0.123991 0.625472 0.773471 0.102609 0.614286 0.782044 -0.105167 0.607341 0.78251 -0.137171 0.777501 0.620119 -0.104617 0.618864 0.780438 0.0890164 0.849389 0.412224 0.32956 0.7844 0.611554 0.103529 0.569077 -0.375998 0.731285 0.500892 -0.292994 0.814409 -0.501043 0.292735 0.814409 -0.569254 0.375729 0.731285 -0.373 0.577018 0.726582 -0.492278 0.339326 0.801574 0.492128 -0.339543 0.801574 0.372727 -0.577194 0.726582 -0.602462 -0.787357 -0.130797 -0.610431 -0.785874 -0.0988704 -0.621189 -0.777726 0.0962628 -0.571873 -0.811831 0.117861 -0.773136 -0.624456 -0.110974 -0.780508 -0.615422 0.109837 -0.843998 -0.41758 0.336592 -0.615577 -0.783704 0.0829038 0.70882 0.705389 0.000668153 0.708739 0.705471 -0.000657765 -0.49867 0.50019 0.707911 0.498433 -0.500426 0.707911 -0.705055 -0.709131 0.00553328 -0.70437 -0.709811 -0.00561865 </float_array>
          <technique_common>
            <accessor count="44" offset="0" source="#meshId91-tangents-array" stride="3">
              <param name="X" type="float" />
              <param name="Y" type="float" />
              <param name="Z" type="float" />
            </accessor>
          </technique_common>
        </source>
        <source id="meshId91-bitangents" name="meshId91-bitangents">
          <float_array id="meshId91-bitangents-array" count="132"> -0.567723 -0.82322 1.25617e-05 0.98948 0.144672 4.22746e-05 0.989469 0.144745 4.31016e-05 -0.567707 -0.823231 1.29491e-05 -0.538604 0.355611 -0.763837 0.538609 -0.355603 -0.763837 0.453642 -0.455236 -0.766139 -0.453637 0.455241 -0.766139 0.354911 -0.541708 -0.761965 -0.354906 0.541712 -0.761965 -0.627444 0.355419 -0.692814 0.627448 -0.355413 -0.692814 0.332847 -0.592445 -0.733636 -0.33284 0.592448 -0.733637 0.41829 -0.420886 0.804915 0.486213 -0.489232 0.72405 0.460952 -0.463814 -0.756571 0.517441 -0.520653 -0.679099 0.489917 -0.492955 0.719011 0.426112 -0.428756 0.796616 0.516291 -0.519495 -0.680859 0.462309 -0.465176 -0.754905 -0.551153 -0.834404 -0.00011754 -0.504761 -0.863259 -0.000121713 -0.50461 -0.863347 -0.000122935 -0.550969 -0.834525 -0.00011839 -0.83988 -0.542772 -0.000117958 -0.56765 -0.82327 -0.000105724 -0.56778 -0.82318 -0.000105649 -0.840001 -0.542585 -0.000118122 0.523114 -0.513292 0.680355 0.466046 -0.457293 0.757419 0.491673 -0.482438 -0.724921 0.422655 -0.414719 -0.805835 0.496777 -0.487449 -0.718057 0.46885 -0.460047 0.754013 0.525058 -0.515199 0.67741 0.430847 -0.422757 -0.797275 0.497883 -0.500974 0.707911 0.453031 -0.455844 -0.766139 -0.708266 -0.705946 -0.000118658 -0.708433 -0.705778 -0.000118583 0.458744 -0.450129 0.766119 0.504158 -0.49469 -0.707889 </float_array>
          <technique_common>
            <accessor count="44" offset="0" source="#meshId91-bitangents-array" stride="3">
              <param name="X" type="float" />
              <param name="Y" type="float" />
              <param name="Z" type="float" />
            </accessor>
          </technique_common>
        </source>
        <source id="meshId91-tex0" name="meshId91-tex0">
          <float_array id="meshId91-tex0-array" count="88"> 0.297621 0.314758 0.297619 0.335239 0.319922 0.33524 0.319924 0.31476 0.84055 0.664868 0.84055 0.642565 0.802369 0.642565 0.802369 0.664868 0.764187 0.642565 0.764187 0.664868 0.88745 0.664869 0.88745 0.642565 0.718369 0.642564 0.718369 0.664868 0.705853 0.338449 0.68301 0.344513 0.683042 0.354753 0.705622 0.348429 0.645181 0.344564 0.623105 0.338443 0.623137 0.348684 0.645213 0.354804 0.98823 0.125975 0.988225 0.0787068 0.965922 0.0787096 0.965927 0.125978 0.965937 0.20234 0.965942 0.248158 0.988245 0.248155 0.98824 0.202337 0.553512 0.368746 0.57617 0.374787 0.576073 0.364547 0.553156 0.358771 0.6139 0.364122 0.613997 0.374362 0.635994 0.367965 0.635897 0.357725 0.664099 0.347125 0.664131 0.357365 0.965932 0.164159 0.988235 0.164156 0.595113 0.37716 0.595016 0.366921 </float_array>
          <technique_common>
            <accessor count="44" offset="0" source="#meshId91-tex0-array" stride="2">
              <param name="S" type="float" />
              <param name="T" type="float" />
            </accessor>
          </technique_common>
        </source>
        <vertices id="meshId91-vertices">
          <input semantic="POSITION" source="#meshId91-positions" />
        </vertices>
        <polylist count="34" material="defaultMaterial">
          <input offset="0" semantic="VERTEX" source="#meshId91-vertices" />
          <input offset="0" semantic="NORMAL" source="#meshId91-normals" />
          <input offset="0" semantic="TANGENT" source="#meshId91-tangents" />
          <input offset="0" semantic="BINORMAL" source="#meshId91-bitangents" />
          <input offset="0" semantic="TEXCOORD" source="#meshId91-tex0" set="0" />
          <vcount>3 3 3 3 3 3 3 3 3 3 3 3 3 3 3 3 3 3 3 3 3 3 3 3 3 3 3 3 3 3 3 3 3 3 </vcount>
          <p>3 0 1 1 2 3 7 4 5 5 6 7 9 7 6 6 8 9 4 10 11 11 5 4 9 8 12 12 13 9 17 14 15 15 16 17 21 18 19 19 20 21 25 22 23 23 24 25 29 26 27 27 28 29 33 30 31 31 32 33 37 34 35 35 36 37 39 16 15 15 38 39 21 39 38 38 18 21 41 22 25 25 40 41 29 41 40 40 26 29 43 32 31 31 42 43 34 43 42 42 35 34 </p>
        </polylist>
      </mesh>
    </geometry>
    <geometry id="meshId92" name="meshId92_name" >
      <mesh>
        <source id="meshId92-positions" name="meshId92-positions">
          <float_array id="meshId92-positions-array" count="105"> -0.388113 0.149695 -0.67477 -0.493959 0.0696074 -0.67478 -0.494397 0.0460219 -0.502951 -0.388552 0.12611 -0.502944 -0.494839 0.0384208 -0.329683 -0.388994 0.11851 -0.329677 -0.495281 0.0468697 -0.156464 -0.389436 0.12696 -0.156457 -0.49572 0.0712968 0.0152259 -0.389874 0.151388 0.0152362 -0.309413 0.256959 0.0152782 -0.309792 0.285118 0.163597 -0.229436 0.426977 0.163597 -0.229057 0.398824 0.0153066 -0.591072 0.0209257 0.0152259 -0.634963 0.0214499 0.163597 -0.496098 0.0994658 0.163597 -0.226918 0.42446 -0.82277 -0.307274 0.282601 -0.82277 -0.307652 0.25525 -0.674728 -0.227296 0.397104 -0.674699 -0.493581 0.0969485 -0.82277 -0.632446 0.0189327 -0.82277 -0.589311 0.0209256 -0.67478 -0.390253 0.179555 0.163597 -0.387736 0.177038 -0.82277 -0.308091 0.231669 -0.502916 -0.227735 0.373525 -0.502897 -0.308533 0.224073 -0.329656 -0.228177 0.365932 -0.329642 -0.228619 0.37439 -0.156411 -0.308975 0.232527 -0.156429 -0.590633 0.0209254 -0.156464 -0.590191 0.0209253 -0.329683 -0.589749 0.0209254 -0.502951 </float_array>
          <technique_common>
            <accessor count="35" offset="0" source="#meshId92-positions-array" stride="3">
              <param name="X" type="float" />
              <param name="Y" type="float" />
              <param name="Z" type="float" />
            </accessor>
          </technique_common>
        </source>
        <source id="meshId92-normals" name="meshId92-normals">
          <float_array id="meshId92-normals-array" count="105"> -0.701078 0.704488 0.110395 -0.51882 0.846915 0.116453 -0.474537 0.87829 0.0584834 -0.702508 0.708946 0.06228 -0.448558 0.893749 -0.00280254 -0.703853 0.710336 -0.00352976 -0.477205 0.876453 -0.0640772 -0.702191 0.708606 -0.0693262 -0.521433 0.844218 -0.124113 -0.700495 0.703925 -0.117457 -0.834735 0.543027 -0.0913168 -0.837424 0.536566 -0.104007 -0.866138 0.490624 -0.0953579 -0.867031 0.491128 -0.0839639 -0.431133 0.89466 -0.117083 -0.474895 0.866353 -0.15462 -0.540728 0.82713 -0.153196 -0.86669 0.490936 0.0884893 -0.837995 0.536976 0.0970684 -0.835252 0.543361 0.0843431 -0.867515 0.491405 0.0770615 -0.539487 0.829609 0.143883 -0.470929 0.870572 0.142588 -0.424207 0.899044 0.108485 -0.707278 0.694196 -0.133602 -0.707966 0.694814 0.126561 -0.836625 0.545745 0.0471209 -0.869282 0.492407 0.0434023 -0.837545 0.546358 -0.00348673 -0.870098 0.492867 -0.00346008 -0.869002 0.492243 -0.0503153 -0.836336 0.545543 -0.0540866 -0.299028 0.953124 -0.0462235 -0.220038 0.97549 -0.0017911 -0.291153 0.955736 0.0424074 </float_array>
          <technique_common>
            <accessor count="35" offset="0" source="#meshId92-normals-array" stride="3">
              <param name="X" type="float" />
              <param name="Y" type="float" />
              <param name="Z" type="float" />
            </accessor>
          </technique_common>
        </source>
        <source id="meshId92-tangents" name="meshId92-tangents">
          <float_array id="meshId92-tangents-array" count="105"> -0.0784342 0.0776897 -0.993887 -0.0785057 0.0884453 -0.992983 -0.0371846 0.0463794 -0.998232 -0.0419534 0.0461055 -0.998055 0.00663211 0.000192898 -0.999978 0.00468663 -0.000325223 -0.999989 0.0497531 -0.0458529 -0.997708 0.0513187 -0.0467446 -0.997588 0.0863904 -0.0924746 -0.99196 0.0839604 -0.0821536 -0.993077 0.0694237 -0.0607283 -0.995737 0.0824725 -0.0640628 -0.994532 0.0802018 -0.0518852 -0.995427 0.0678889 -0.050498 -0.996414 0.0722184 -0.0951307 -0.992842 0.0967298 -0.123245 -0.987651 0.105765 -0.113822 -0.987855 -0.0724974 0.051546 -0.996036 -0.0735037 0.0651858 -0.995162 -0.0638531 0.0565049 -0.996358 -0.0612858 0.0481492 -0.996958 -0.0958774 0.109245 -0.98938 -0.0897449 0.113516 -0.989475 -0.0637668 0.0898448 -0.993912 0.0988958 -0.0899681 -0.991022 -0.0869907 0.0920466 -0.991948 -0.034129 0.0339227 -0.998842 -0.0336016 0.0287375 -0.999022 0.00435279 0.000290947 -0.99999 0.00430673 0.000582791 -0.999991 0.042475 -0.0271014 -0.99873 0.0428404 -0.0333208 -0.998526 0.0357688 -0.0372103 -0.998667 0.01215 0.000904656 -0.999926 -0.0153893 0.0396432 -0.999095 </float_array>
          <technique_common>
            <accessor count="35" offset="0" source="#meshId92-tangents-array" stride="3">
              <param name="X" type="float" />
              <param name="Y" type="float" />
              <param name="Z" type="float" />
            </accessor>
          </technique_common>
        </source>
        <source id="meshId92-bitangents" name="meshId92-bitangents">
          <float_array id="meshId92-bitangents-array" count="105"> 0.708758 0.705451 -0.000789396 0.851271 0.524322 -0.0206004 0.87945 0.475873 -0.0106501 0.710438 0.703755 0.00264677 0.893729 0.448566 0.00601397 0.71033 0.703862 0.00310018 0.877383 0.4793 0.021725 0.710137 0.704054 0.00354114 0.848908 0.527963 0.024713 0.708701 0.705507 0.00155357 0.546258 0.837516 -0.012993 0.540296 0.841423 -0.00939575 0.493328 0.869826 -0.00559089 0.493607 0.869623 -0.0104413 0.899394 0.436502 0.0235969 0.87471 0.483987 0.0252737 0.834522 0.550364 0.0259351 0.493551 0.869669 0.00908279 0.540705 0.841076 0.0151557 0.546148 0.837595 0.0125006 0.493621 0.869599 0.0116541 0.836517 0.547553 -0.0206048 0.877594 0.478768 -0.0246714 0.903317 0.428543 -0.0192163 0.699984 0.714141 0.00502063 0.700868 0.713275 0.00472357 0.546712 0.837264 0.00975488 0.493173 0.869891 0.00843532 0.546352 0.837552 0.00262186 0.49286 0.870105 0.00262973 0.492982 0.870036 -0.00264313 0.546541 0.83742 -0.00449607 0.953574 0.300283 0.0229653 0.975416 0.220043 0.0120512 0.956553 0.291542 -0.00316583 </float_array>
          <technique_common>
            <accessor count="35" offset="0" source="#meshId92-bitangents-array" stride="3">
              <param name="X" type="float" />
              <param name="Y" type="float" />
              <param name="Z" type="float" />
            </accessor>
          </technique_common>
        </source>
        <source id="meshId92-tex0" name="meshId92-tex0">
          <float_array id="meshId92-tex0-array" count="70"> 0.945531 0.467137 0.946579 0.429266 0.896296 0.424778 0.895683 0.462376 0.846623 0.423371 0.846432 0.460881 0.797149 0.425009 0.797376 0.462612 0.747468 0.429732 0.74812 0.467613 0.747605 0.505676 0.703706 0.511971 0.701337 0.560028 0.746237 0.553109 0.746362 0.399056 0.701106 0.38908 0.703575 0.43527 0.995451 0.559244 0.991297 0.511231 0.946824 0.505178 0.94993 0.552579 0.991009 0.434574 0.994712 0.388396 0.948674 0.398908 0.704616 0.473476 0.989571 0.472765 0.896517 0.500059 0.89848 0.546946 0.846819 0.49845 0.847674 0.545172 0.797071 0.547209 0.797317 0.500307 0.796693 0.399019 0.847479 0.398982 0.898285 0.398945 </float_array>
          <technique_common>
            <accessor count="35" offset="0" source="#meshId92-tex0-array" stride="2">
              <param name="S" type="float" />
              <param name="T" type="float" />
            </accessor>
          </technique_common>
        </source>
        <vertices id="meshId92-vertices">
          <input semantic="POSITION" source="#meshId92-positions" />
        </vertices>
        <polylist count="48" material="defaultMaterial">
          <input offset="0" semantic="VERTEX" source="#meshId92-vertices" />
          <input offset="0" semantic="NORMAL" source="#meshId92-normals" />
          <input offset="0" semantic="TANGENT" source="#meshId92-tangents" />
          <input offset="0" semantic="BINORMAL" source="#meshId92-bitangents" />
          <input offset="0" semantic="TEXCOORD" source="#meshId92-tex0" set="0" />
          <vcount>3 3 3 3 3 3 3 3 3 3 3 3 3 3 3 3 3 3 3 3 3 3 3 3 3 3 3 3 3 3 3 3 3 3 3 3 3 3 3 3 3 3 3 3 3 3 3 3 </vcount>
          <p>3 0 1 1 2 3 5 3 2 2 4 5 7 5 4 4 6 7 9 7 6 6 8 9 13 10 11 11 12 13 16 8 14 14 15 16 20 17 18 18 19 20 1 21 22 22 23 1 24 11 10 10 9 24 16 24 9 9 8 16 0 19 18 18 25 0 1 0 25 25 21 1 19 26 27 27 20 19 26 28 29 29 27 26 31 10 13 13 30 31 28 31 30 30 29 28 26 19 0 0 3 26 28 26 3 3 5 28 31 28 5 5 7 31 10 31 7 7 9 10 8 6 32 32 14 8 6 4 33 33 32 6 2 1 23 23 34 2 4 2 34 34 33 4 </p>
        </polylist>
      </mesh>
    </geometry>
    <geometry id="meshId93" name="meshId93_name" >
      <mesh>
        <source id="meshId93-positions" name="meshId93-positions">
          <float_array id="meshId93-positions-array" count="936"> -0.0123859 -0.296252 0.29426 -0.0480641 -0.296252 0.29426 -0.0480641 -0.372923 0.289283 -0.0236103 -0.372923 0.289283 -0.0480641 -0.278839 0.295713 -0.0480641 -0.288377 0.296647 -0.00574782 -0.288377 0.296647 -0.00574782 -0.278839 0.295713 -0.0480641 -0.261447 0.284776 -0.0480641 -0.270143 0.290244 -0.0127714 -0.270143 0.290244 -0.019795 -0.261447 0.284776 -0.0190668 -0.378797 0.29099 -0.0480641 -0.378797 0.29099 -0.0480641 -0.385271 0.291086 -0.0196022 -0.385271 0.291086 -0.00574782 -0.288377 0.296647 -0.0480641 -0.288377 0.296647 -0.0480641 -0.29604 0.296425 -0.0123859 -0.29604 0.296425 -0.0480641 -0.372725 0.291302 -0.0480641 -0.378797 0.29099 -0.0190668 -0.378797 0.29099 -0.0236103 -0.372725 0.291302 -0.0123859 -0.29604 0.296425 -0.0480641 -0.29604 0.296425 -0.0480641 -0.296252 0.29426 -0.0123859 -0.296252 0.29426 -0.0480641 -0.372923 0.289283 -0.0480641 -0.372725 0.291302 -0.0236103 -0.372725 0.291302 -0.0236103 -0.372923 0.289283 -0.00574782 -0.288377 0.296647 -0.0190668 -0.378797 0.29099 -0.0186705 -0.372557 0.285236 -0.00624921 -0.297649 0.289852 -0.00624921 -0.297649 0.289852 -0.0186705 -0.372557 0.285236 -0.0198245 -0.372557 0.285236 -0.00770902 -0.297649 0.289852 -0.019795 -0.264781 0.250733 -0.0131792 -0.273323 0.252305 -0.0134737 -0.273011 0.25154 -0.0480641 -0.264781 0.250733 -0.0480641 -0.261447 0.284776 -0.019795 -0.261447 0.284776 -0.019795 -0.264781 0.250733 -0.012316 -0.274445 0.252429 -0.00574782 -0.283069 0.252525 -0.0120691 -0.274839 0.251719 -0.0127714 -0.270143 0.290244 -0.019795 -0.261447 0.284776 -0.0127115 -0.273913 0.252555 -0.00574782 -0.278839 0.295713 -0.00574782 -0.288377 0.296647 -0.00574782 -0.292608 0.253459 -0.00624921 -0.301132 0.254294 -0.00574782 -0.292608 0.253459 -0.00770902 -0.301132 0.254294 -0.00624921 -0.301132 0.254294 -0.0198245 -0.37488 0.261518 -0.00770902 -0.301132 0.254294 -0.00770902 -0.297649 0.289852 -0.0198245 -0.372557 0.285236 -0.0186705 -0.37488 0.261518 -0.0198245 -0.37488 0.261518 -0.0190668 -0.381619 0.262178 -0.0186705 -0.37488 0.261518 -0.0196022 -0.388041 0.262807 -0.0190668 -0.381619 0.262178 -0.0480641 -0.385271 0.291086 -0.0480641 -0.388041 0.262807 -0.0196022 -0.388041 0.262807 -0.0196022 -0.385271 0.291086 -0.0127115 -0.273913 0.252555 -0.012316 -0.274445 0.252429 -0.0480641 -0.274445 0.252429 -0.0480641 -0.273913 0.252555 -0.0120691 -0.274839 0.251719 -0.0480641 -0.274839 0.251719 -0.0131792 -0.273323 0.252305 -0.0480641 -0.273323 0.252305 -0.0134737 -0.273011 0.25154 -0.0480641 -0.273011 0.25154 -0.0837424 -0.296252 0.29426 -0.0725179 -0.372923 0.289283 -0.0480641 -0.372923 0.289283 -0.0480641 -0.296252 0.29426 -0.0480641 -0.278839 0.295713 -0.0903804 -0.278839 0.295713 -0.0903804 -0.288377 0.296647 -0.0480641 -0.288377 0.296647 -0.0480641 -0.261447 0.284776 -0.0763333 -0.261447 0.284776 -0.0833569 -0.270143 0.290244 -0.0480641 -0.270143 0.290244 -0.0770615 -0.378797 0.29099 -0.076526 -0.385271 0.291086 -0.0480641 -0.385271 0.291086 -0.0480641 -0.378797 0.29099 -0.0903804 -0.288377 0.296647 -0.0837424 -0.29604 0.296425 -0.0480641 -0.29604 0.296425 -0.0480641 -0.288377 0.296647 -0.0480641 -0.372725 0.291302 -0.0725179 -0.372725 0.291302 -0.0770615 -0.378797 0.29099 -0.0480641 -0.378797 0.29099 -0.0837424 -0.29604 0.296425 -0.0837424 -0.296252 0.29426 -0.0725179 -0.372923 0.289283 -0.0725179 -0.372725 0.291302 -0.0903804 -0.288377 0.296647 -0.0898791 -0.297649 0.289852 -0.0774578 -0.372557 0.285236 -0.0770615 -0.378797 0.29099 -0.0898791 -0.297649 0.289852 -0.0884192 -0.297649 0.289852 -0.0763038 -0.372557 0.285236 -0.0774578 -0.372557 0.285236 -0.0763333 -0.264781 0.250733 -0.0826546 -0.273011 0.25154 -0.082949 -0.273323 0.252305 -0.0480641 -0.264781 0.250733 -0.0763333 -0.264781 0.250733 -0.0763333 -0.261447 0.284776 -0.0480641 -0.261447 0.284776 -0.0838122 -0.274445 0.252429 -0.0840591 -0.274839 0.251719 -0.0903804 -0.283069 0.252525 -0.0833569 -0.270143 0.290244 -0.0763333 -0.261447 0.284776 -0.0834168 -0.273913 0.252555 -0.0903804 -0.278839 0.295713 -0.0903804 -0.288377 0.296647 -0.0903804 -0.292608 0.253459 -0.0898791 -0.301132 0.254294 -0.0903804 -0.292608 0.253459 -0.0884192 -0.301132 0.254294 -0.0898791 -0.301132 0.254294 -0.0763038 -0.37488 0.261518 -0.0763038 -0.372557 0.285236 -0.0884192 -0.297649 0.289852 -0.0884192 -0.301132 0.254294 -0.0763038 -0.37488 0.261518 -0.0774578 -0.37488 0.261518 -0.0774578 -0.37488 0.261518 -0.0770615 -0.381619 0.262178 -0.076526 -0.388041 0.262807 -0.0770615 -0.381619 0.262178 -0.0480641 -0.385271 0.291086 -0.076526 -0.385271 0.291086 -0.076526 -0.388041 0.262807 -0.0480641 -0.388041 0.262807 -0.0834168 -0.273913 0.252555 -0.0838122 -0.274445 0.252429 -0.0840591 -0.274839 0.251719 -0.082949 -0.273323 0.252305 -0.0826546 -0.273011 0.25154 -0.0123859 -0.3041 0.214141 -0.0236103 -0.378348 0.233902 -0.0480641 -0.378348 0.233902 -0.0480641 -0.3041 0.214141 -0.0480641 -0.2873 0.209337 -0.00574782 -0.2873 0.209337 -0.00574782 -0.296838 0.210271 -0.0480641 -0.296838 0.210271 -0.0480641 -0.268116 0.216691 -0.019795 -0.268116 0.216691 -0.0127714 -0.277708 0.213014 -0.0480641 -0.277708 0.213014 -0.0190668 -0.384441 0.233367 -0.0196022 -0.390811 0.234529 -0.0480641 -0.390811 0.234529 -0.0480641 -0.384441 0.233367 -0.00574782 -0.296838 0.210271 -0.0123859 -0.304312 0.211976 -0.0480641 -0.304312 0.211976 -0.0480641 -0.296838 0.210271 -0.0480641 -0.378546 0.231882 -0.0236103 -0.378546 0.231882 -0.0190668 -0.384441 0.233367 -0.0480641 -0.384441 0.233367 -0.0123859 -0.304312 0.211976 -0.0123859 -0.3041 0.214141 -0.0480641 -0.3041 0.214141 -0.0480641 -0.304312 0.211976 -0.0480641 -0.378348 0.233902 -0.0236103 -0.378348 0.233902 -0.0236103 -0.378546 0.231882 -0.0480641 -0.378546 0.231882 -0.00574782 -0.296838 0.210271 -0.00624921 -0.304615 0.218737 -0.0186705 -0.377203 0.2378 -0.0190668 -0.384441 0.233367 -0.00624921 -0.304615 0.218737 -0.00770902 -0.304615 0.218737 -0.0198245 -0.377203 0.2378 -0.0186705 -0.377203 0.2378 -0.019795 -0.264781 0.250733 -0.0134737 -0.273011 0.25154 -0.0131792 -0.273466 0.25085 -0.0480641 -0.264781 0.250733 -0.019795 -0.264781 0.250733 -0.019795 -0.268116 0.216691 -0.0480641 -0.268116 0.216691 -0.012316 -0.274591 0.250945 -0.0120691 -0.274839 0.251719 -0.00574782 -0.283069 0.252525 -0.0127714 -0.277708 0.213014 -0.019795 -0.268116 0.216691 -0.0127115 -0.274093 0.250719 -0.00574782 -0.2873 0.209337 -0.00574782 -0.296838 0.210271 -0.00574782 -0.292608 0.253459 -0.00624921 -0.301132 0.254294 -0.00574782 -0.292608 0.253459 -0.00770902 -0.301132 0.254294 -0.00624921 -0.301132 0.254294 -0.0198245 -0.37488 0.261518 -0.0198245 -0.377203 0.2378 -0.00770902 -0.304615 0.218737 -0.00770902 -0.301132 0.254294 -0.0198245 -0.37488 0.261518 -0.0186705 -0.37488 0.261518 -0.0186705 -0.37488 0.261518 -0.0190668 -0.381619 0.262178 -0.0196022 -0.388041 0.262807 -0.0190668 -0.381619 0.262178 -0.0480641 -0.390811 0.234529 -0.0196022 -0.390811 0.234529 -0.0196022 -0.388041 0.262807 -0.0480641 -0.388041 0.262807 -0.0127115 -0.274093 0.250719 -0.0480641 -0.274093 0.250719 -0.0480641 -0.274591 0.250945 -0.012316 -0.274591 0.250945 -0.0131792 -0.273466 0.25085 -0.0480641 -0.273466 0.25085 -0.0837424 -0.3041 0.214141 -0.0480641 -0.3041 0.214141 -0.0480641 -0.378348 0.233902 -0.0725179 -0.378348 0.233902 -0.0480641 -0.2873 0.209337 -0.0480641 -0.296838 0.210271 -0.0903804 -0.296838 0.210271 -0.0903804 -0.2873 0.209337 -0.0480641 -0.268116 0.216691 -0.0480641 -0.277708 0.213014 -0.0833569 -0.277708 0.213014 -0.0763333 -0.268116 0.216691 -0.0770615 -0.384441 0.233367 -0.0480641 -0.384441 0.233367 -0.0480641 -0.390811 0.234529 -0.076526 -0.390811 0.234529 -0.0903804 -0.296838 0.210271 -0.0480641 -0.296838 0.210271 -0.0480641 -0.304312 0.211976 -0.0837424 -0.304312 0.211976 -0.0480641 -0.378546 0.231882 -0.0480641 -0.384441 0.233367 -0.0770615 -0.384441 0.233367 -0.0725179 -0.378546 0.231882 -0.0837424 -0.304312 0.211976 -0.0837424 -0.3041 0.214141 -0.0725179 -0.378546 0.231882 -0.0725179 -0.378348 0.233902 -0.0903804 -0.296838 0.210271 -0.0770615 -0.384441 0.233367 -0.0774578 -0.377203 0.2378 -0.0898791 -0.304615 0.218737 -0.0898791 -0.304615 0.218737 -0.0774578 -0.377203 0.2378 -0.0763038 -0.377203 0.2378 -0.0884192 -0.304615 0.218737 -0.0763333 -0.264781 0.250733 -0.082949 -0.273466 0.25085 -0.0826546 -0.273011 0.25154 -0.0480641 -0.264781 0.250733 -0.0480641 -0.268116 0.216691 -0.0763333 -0.268116 0.216691 -0.0763333 -0.264781 0.250733 -0.0838122 -0.274591 0.250945 -0.0903804 -0.283069 0.252525 -0.0840591 -0.274839 0.251719 -0.0833569 -0.277708 0.213014 -0.0763333 -0.268116 0.216691 -0.0834168 -0.274093 0.250719 -0.0903804 -0.2873 0.209337 -0.0903804 -0.296838 0.210271 -0.0903804 -0.292608 0.253459 -0.0898791 -0.301132 0.254294 -0.0903804 -0.292608 0.253459 -0.0884192 -0.301132 0.254294 -0.0898791 -0.301132 0.254294 -0.0763038 -0.37488 0.261518 -0.0884192 -0.301132 0.254294 -0.0884192 -0.304615 0.218737 -0.0763038 -0.377203 0.2378 -0.0774578 -0.37488 0.261518 -0.0763038 -0.37488 0.261518 -0.0770615 -0.381619 0.262178 -0.0774578 -0.37488 0.261518 -0.076526 -0.388041 0.262807 -0.0770615 -0.381619 0.262178 -0.0480641 -0.390811 0.234529 -0.0480641 -0.388041 0.262807 -0.076526 -0.388041 0.262807 -0.076526 -0.390811 0.234529 -0.0834168 -0.274093 0.250719 -0.0838122 -0.274591 0.250945 -0.082949 -0.273466 0.25085 </float_array>
          <technique_common>
            <accessor count="312" offset="0" source="#meshId93-positions-array" stride="3">
              <param name="X" type="float" />
              <param name="Y" type="float" />
              <param name="Z" type="float" />
            </accessor>
          </technique_common>
        </source>
        <source id="meshId93-normals" name="meshId93-normals">
          <float_array id="meshId93-normals-array" count="936"> -0.0831542 -0.0885875 0.992591 0 -0.0976359 0.995222 0 -0.0435464 0.999051 -0.0568464 -0.0369521 0.997699 0 0.321647 0.94686 -4.28219e-08 0.0439073 0.999036 0.729324 -0.0151806 0.684 0.700931 0.385532 0.600051 0 0.987397 0.158261 0 0.532347 0.846526 0.531779 0.714961 0.453919 0.252709 0.953665 0.163281 0.726803 -0.105857 0.678639 0 -0.016037 0.999871 0 -0.949569 0.31356 0.220105 -0.924215 0.312058 0.729324 -0.0151806 0.684 -4.28219e-08 0.0439073 0.999036 -9.46198e-08 -0.269944 0.962876 -0.107897 -0.0990364 0.989217 0 0.252249 0.967662 0 -0.016037 0.999871 0.726803 -0.105857 0.678639 -0.177739 0.0190272 0.983894 -0.107897 -0.0990364 0.989217 -9.46198e-08 -0.269944 0.962876 0 -0.0976359 0.995222 -0.0831542 -0.0885875 0.992591 0 -0.0435464 0.999051 0 0.252249 0.967662 -0.177739 0.0190272 0.983894 -0.0568464 -0.0369521 0.997699 0.729324 -0.0151806 0.684 0.726803 -0.105857 0.678639 0.991509 -0.0982433 -0.0851981 0.987305 -0.153492 -0.0408649 0.987305 -0.153492 -0.0408649 0.991509 -0.0982433 -0.0851981 0.988829 -0.147547 -0.0211463 0.982615 -0.182287 -0.0351948 0.248186 0.964098 -0.0944373 0.822274 0.549692 -0.147323 0.147837 -0.984301 0.0964138 0 0.995237 -0.0974875 0 0.987397 0.158261 0.252709 0.953665 0.163281 0.248186 0.964098 -0.0944373 0.760058 0.640505 -0.109838 0.944554 0.326792 -0.0320106 0.161479 0.982175 -0.0962102 0.531779 0.714961 0.453919 0.252709 0.953665 0.163281 0.580711 0.457864 -0.673153 0.700931 0.385532 0.600051 0.729324 -0.0151806 0.684 0.999655 -0.0261464 0.00256114 0.978169 -0.206821 0.020259 0.999655 -0.0261464 0.00256114 0.982937 -0.183066 0.0179321 0.978169 -0.206821 0.020259 0.988785 -0.148632 0.0145591 0.982937 -0.183066 0.0179321 0.982615 -0.182287 -0.0351948 0.988829 -0.147547 -0.0211463 0.995482 0.0944952 -0.00925618 0.988785 -0.148632 0.0145591 0.997492 -0.0704484 0.00690071 0.995482 0.0944952 -0.00925618 0.219153 -0.971043 0.0951176 0.997492 -0.0704484 0.00690071 0 -0.949569 0.31356 0 -0.995237 0.0974875 0.219153 -0.971043 0.0951176 0.220105 -0.924215 0.312058 0.580711 0.457864 -0.673153 0.760058 0.640505 -0.109838 0 0.671534 -0.740974 0 -0.108285 -0.99412 0.161479 0.982175 -0.0962102 0 0.995237 -0.0974875 0.822274 0.549692 -0.147323 0 -0.746039 -0.665903 0.147837 -0.984301 0.0964138 0 -0.995237 0.0974875 0.0831541 -0.0885875 0.992591 0.0568464 -0.0369521 0.997699 0 -0.0435464 0.999051 0 -0.0976359 0.995222 0 0.321647 0.94686 -0.700931 0.385531 0.600051 -0.729324 -0.0151804 0.684 -4.28219e-08 0.0439073 0.999036 0 0.987397 0.158261 -0.252709 0.953665 0.163281 -0.531779 0.714961 0.453919 0 0.532347 0.846526 -0.726803 -0.105858 0.67864 -0.220105 -0.924215 0.312058 0 -0.949569 0.31356 0 -0.016037 0.999871 -0.729324 -0.0151804 0.684 0.107898 -0.0990367 0.989217 -9.46198e-08 -0.269944 0.962876 -4.28219e-08 0.0439073 0.999036 0 0.252249 0.967662 0.177741 0.0190269 0.983893 -0.726803 -0.105858 0.67864 0 -0.016037 0.999871 0.107898 -0.0990367 0.989217 0.0831541 -0.0885875 0.992591 0.0568464 -0.0369521 0.997699 0.177741 0.0190269 0.983893 -0.729324 -0.0151804 0.684 -0.987305 -0.153491 -0.040865 -0.991509 -0.0982434 -0.0851982 -0.726803 -0.105858 0.67864 -0.987305 -0.153491 -0.040865 -0.982615 -0.182287 -0.0351948 -0.988829 -0.147547 -0.0211464 -0.991509 -0.0982434 -0.0851982 -0.248186 0.964098 -0.0944373 -0.147837 -0.984301 0.0964187 -0.822274 0.549692 -0.147323 0 0.995237 -0.0974875 -0.248186 0.964098 -0.0944373 -0.252709 0.953665 0.163281 0 0.987397 0.158261 -0.760058 0.640505 -0.109837 -0.161478 0.982176 -0.0962059 -0.944554 0.326791 -0.0320105 -0.531779 0.714961 0.453919 -0.252709 0.953665 0.163281 -0.580707 0.457873 -0.673151 -0.700931 0.385531 0.600051 -0.729324 -0.0151804 0.684 -0.999655 -0.0261461 0.00256112 -0.978169 -0.20682 0.0202588 -0.999655 -0.0261461 0.00256112 -0.982937 -0.183066 0.0179321 -0.978169 -0.20682 0.0202588 -0.988785 -0.148632 0.0145591 -0.988829 -0.147547 -0.0211464 -0.982615 -0.182287 -0.0351948 -0.982937 -0.183066 0.0179321 -0.988785 -0.148632 0.0145591 -0.995482 0.0944942 -0.00925609 -0.995482 0.0944942 -0.00925609 -0.997492 -0.0704489 0.00690075 -0.219153 -0.971043 0.0951176 -0.997492 -0.0704489 0.00690075 0 -0.949569 0.31356 -0.220105 -0.924215 0.312058 -0.219153 -0.971043 0.0951176 0 -0.995237 0.0974875 -0.580707 0.457873 -0.673151 -0.760058 0.640505 -0.109837 -0.161478 0.982176 -0.0962059 -0.822274 0.549692 -0.147323 -0.147837 -0.984301 0.0964187 -0.0831542 -0.279512 -0.956535 -0.0568464 -0.229849 -0.971565 0 -0.236581 -0.971612 0 -0.288899 -0.95736 0 0.131799 -0.991277 0.700931 0.261766 -0.663456 0.729324 -0.14762 -0.668053 -8.6226e-08 -0.150786 -0.988566 0 0.937919 -0.346853 0.252709 0.903854 -0.345233 0.531779 0.61329 -0.584027 0 0.357964 -0.933736 0.726802 -0.235533 -0.6452 0.220105 -0.967202 -0.126786 0 -0.992365 -0.123339 0 -0.209753 -0.977754 0.729324 -0.14762 -0.668053 -0.107905 -0.289108 -0.951196 -1.90526e-07 -0.451656 -0.892192 -8.6226e-08 -0.150786 -0.988566 0 0.0596834 -0.998217 -0.17775 -0.172255 -0.968882 0.726802 -0.235533 -0.6452 0 -0.209753 -0.977754 -0.107905 -0.289108 -0.951196 -0.0831542 -0.279512 -0.956535 0 -0.288899 -0.95736 -1.90526e-07 -0.451656 -0.892192 0 -0.236581 -0.971612 -0.0568464 -0.229849 -0.971565 -0.17775 -0.172255 -0.968882 0 0.0596834 -0.998217 0.729324 -0.14762 -0.668053 0.987305 -0.142644 0.0698724 0.991509 -0.0798422 0.102642 0.726802 -0.235533 -0.6452 0.987305 -0.142644 0.0698724 0.982615 -0.171993 0.0698979 0.988829 -0.140639 0.0493754 0.991509 -0.0798422 0.102642 0.248186 0.964098 -0.0944373 0.147837 -0.984301 0.0964138 0.822274 0.567832 0.0378567 0 0.995237 -0.0974875 0.248186 0.964098 -0.0944373 0.252709 0.903854 -0.345233 0 0.937919 -0.346853 0.760058 0.649645 -0.016538 0.161479 0.982175 -0.0962102 0.944554 0.326792 -0.0320106 0.531779 0.61329 -0.584027 0.252709 0.903854 -0.345233 0.580707 0.579789 0.57151 0.700931 0.261766 -0.663456 0.729324 -0.14762 -0.668053 0.999655 -0.0261464 0.00256114 0.978169 -0.206821 0.020259 0.999655 -0.0261464 0.00256114 0.982937 -0.183066 0.0179321 0.978169 -0.206821 0.020259 0.988785 -0.148632 0.0145591 0.988829 -0.140639 0.0493754 0.982615 -0.171993 0.0698979 0.982937 -0.183066 0.0179321 0.988785 -0.148632 0.0145591 0.995482 0.0944952 -0.00925618 0.995482 0.0944952 -0.00925618 0.997492 -0.0704484 0.00690071 0.219153 -0.971043 0.0951176 0.997492 -0.0704484 0.00690071 0 -0.992365 -0.123339 0.220105 -0.967202 -0.126786 0.219153 -0.971043 0.0951176 0 -0.995237 0.0974875 0.580707 0.579789 0.57151 0 0.086678 0.996236 0 0.802553 0.596581 0.760058 0.649645 -0.016538 0.822274 0.567832 0.0378567 0 -0.602642 0.798011 0.0831542 -0.279512 -0.956535 0 -0.288899 -0.95736 0 -0.236581 -0.971612 0.0568464 -0.229849 -0.971565 0 0.131799 -0.991277 -8.6226e-08 -0.150786 -0.988566 -0.729324 -0.14762 -0.668053 -0.700931 0.261765 -0.663456 0 0.937919 -0.346853 0 0.357964 -0.933736 -0.531779 0.61329 -0.584027 -0.252709 0.903854 -0.345232 -0.726802 -0.235533 -0.6452 0 -0.209753 -0.977754 0 -0.992365 -0.123339 -0.220105 -0.967202 -0.126786 -0.729324 -0.14762 -0.668053 -8.6226e-08 -0.150786 -0.988566 -1.90526e-07 -0.451656 -0.892192 0.107906 -0.289108 -0.951196 0 0.0596834 -0.998217 0 -0.209753 -0.977754 -0.726802 -0.235533 -0.6452 0.177751 -0.172255 -0.968882 0.107906 -0.289108 -0.951196 0.0831542 -0.279512 -0.956535 0.177751 -0.172255 -0.968882 0.0568464 -0.229849 -0.971565 -0.729324 -0.14762 -0.668053 -0.726802 -0.235533 -0.6452 -0.991509 -0.0798424 0.102642 -0.987305 -0.142643 0.0698725 -0.987305 -0.142643 0.0698725 -0.991509 -0.0798424 0.102642 -0.988829 -0.140639 0.0493754 -0.982615 -0.171993 0.0698978 -0.248186 0.964098 -0.0944373 -0.822274 0.567831 0.0378567 -0.147837 -0.984301 0.0964187 0 0.995237 -0.0974875 0 0.937919 -0.346853 -0.252709 0.903854 -0.345232 -0.248186 0.964098 -0.0944373 -0.760059 0.649644 -0.0165375 -0.944554 0.326791 -0.0320105 -0.161478 0.982176 -0.0962059 -0.531779 0.61329 -0.584027 -0.252709 0.903854 -0.345232 -0.580706 0.579793 0.571507 -0.700931 0.261765 -0.663456 -0.729324 -0.14762 -0.668053 -0.999655 -0.0261461 0.00256112 -0.978169 -0.20682 0.0202588 -0.999655 -0.0261461 0.00256112 -0.982937 -0.183066 0.0179321 -0.978169 -0.20682 0.0202588 -0.988785 -0.148632 0.0145591 -0.982937 -0.183066 0.0179321 -0.982615 -0.171993 0.0698978 -0.988829 -0.140639 0.0493754 -0.995482 0.0944942 -0.00925609 -0.988785 -0.148632 0.0145591 -0.997492 -0.0704489 0.00690075 -0.995482 0.0944942 -0.00925609 -0.219153 -0.971043 0.0951176 -0.997492 -0.0704489 0.00690075 0 -0.992365 -0.123339 0 -0.995237 0.0974875 -0.219153 -0.971043 0.0951176 -0.220105 -0.967202 -0.126786 -0.580706 0.579793 0.571507 -0.760059 0.649644 -0.0165375 -0.822274 0.567831 0.0378567 </float_array>
          <technique_common>
            <accessor count="312" offset="0" source="#meshId93-normals-array" stride="3">
              <param name="X" type="float" />
              <param name="Y" type="float" />
              <param name="Z" type="float" />
            </accessor>
          </technique_common>
        </source>
        <source id="meshId93-tangents" name="meshId93-tangents">
          <float_array id="meshId93-tangents-array" count="936"> 0.996537 -0.00763667 0.0828031 1 -0.000237366 -2.32867e-05 1 -0.000212958 -9.28238e-06 0.998383 -0.00232567 0.0567993 1 -0.000148906 5.05831e-05 1 -0.000160903 7.11449e-06 0.684168 0.0159511 -0.72915 0.713229 -0.379059 -0.589592 1 -1.60683e-05 0.000100251 1 -0.000133782 8.41301e-05 0.846883 -0.449032 -0.284884 0.967542 -0.249103 -0.0425393 -0.676313 0.0620718 0.733994 -0.996618 0.0821631 0.00131782 -0.999695 0.00774245 0.0234469 -0.707017 0.0692561 0.703798 0.00213607 0.999799 0.0199118 0.0253972 0.998713 -0.0438932 0.0260663 0.962549 0.269853 0.0206311 0.994588 0.101824 0.0275898 0.967294 -0.252153 0.0262964 0.999526 0.0160315 0.062294 0.994139 0.0883554 0.0387119 0.999174 -0.0123295 1 0 0 1 0 0 1 0 0 1 0 0 1 0 0 1 0 0 1 0 0 1 0 0 0.103317 0.990732 -0.0881746 0.162804 0.986446 -0.020488 0.0907916 0.992034 -0.0873258 0.14907 0.984226 -0.0952727 -0.141727 -0.735136 -0.66294 -0.101131 -0.170674 -0.980124 -0.116147 -0.85164 0.511095 -0.178322 -0.873952 -0.452117 0.968712 -0.247007 0.0241628 0.564249 -0.821186 0.0853059 0.989012 0.147126 -0.014483 1 -6.78837e-06 -6.93016e-05 1 1.06595e-05 -6.6505e-05 0.967542 -0.249073 -0.0427152 0.968712 -0.247011 0.0241235 0.648784 -0.75759 0.0716791 0.328356 -0.940063 0.092004 0.986876 -0.160715 0.0156848 0.733435 -0.656781 0.175248 0.934472 -0.284315 0.214305 0.644203 -0.764004 0.0360779 0.359014 -0.917676 0.170233 -0.0598098 -0.997341 0.0416381 -0.0262715 -0.994901 0.0973713 0.207811 0.973471 -0.0957498 0.0262715 0.994855 -0.0978472 -0.157838 -0.889484 -0.428841 -0.183639 -0.905907 -0.381586 0.00135733 -0.0885395 -0.996072 0.00166949 -0.0886046 -0.996065 -0.0503306 -0.0790831 -0.995597 -0.0337375 -0.0833626 -0.995948 -0.0622886 0.723541 0.687465 -0.120542 -0.736745 0.66534 0.0707811 0.993773 -0.0860487 -0.0949412 0.99179 -0.0856621 -0.0241936 0.0920492 0.99546 -0.00585002 0.0151097 0.999869 1 -1.33557e-05 -4.04459e-05 1 -3.19325e-06 -3.25994e-05 0.97569 0.218107 -0.0213869 0.975476 0.208528 -0.0704434 1 0 0 1 0 0 1 0 0 1 0 0 1 0 0 1 0 0 1 0 0 1 0 0 1 0 0 1 0 0 -0.996537 -0.00763667 0.0828031 -0.998383 -0.00232552 0.0567993 -1 -0.000212762 -9.27384e-06 -1 -0.000237332 -2.32833e-05 -1 -0.000148905 5.05827e-05 -0.713229 -0.379059 -0.589592 -0.684168 0.0159509 -0.72915 -1 -0.000160903 7.0288e-06 -1 -1.60682e-05 0.000100251 -0.967542 -0.249103 -0.0425393 -0.846883 -0.449032 -0.284884 -1 -0.00013378 8.41291e-05 0.676314 0.062072 0.733994 0.707017 0.0692561 0.703797 0.999695 0.00774245 0.0234469 0.996618 0.0821631 0.00131782 -0.00213598 0.999799 0.0199116 -0.020631 0.994588 0.101825 -0.0260665 0.962549 0.269853 -0.0253973 0.998713 -0.0438932 -0.02759 0.967294 -0.252153 -0.0387117 0.999174 -0.0123291 -0.0622939 0.994139 0.0883558 -0.0262965 0.999526 0.0160315 1 0 0 1 0 0 1 0 0 1 0 0 -0.103316 0.990732 -0.0881746 -0.149069 0.984226 -0.0952726 -0.0907917 0.992034 -0.0873258 -0.162804 0.986446 -0.0204879 0.141727 -0.735134 -0.662941 0.178322 -0.873954 -0.452112 0.116148 -0.851643 0.511092 0.10113 -0.170676 -0.980124 -0.968712 -0.247007 0.0241627 -0.989012 0.147125 -0.0144919 -0.564249 -0.821186 0.0853059 -1 -6.79522e-06 -6.93715e-05 -0.968712 -0.247011 0.0241235 -0.967542 -0.249073 -0.0427153 -1 1.06705e-05 -6.6574e-05 -0.648784 -0.75759 0.071679 -0.986876 -0.160714 0.0156888 -0.328355 -0.940063 0.0920039 -0.733434 -0.656782 0.175248 -0.934472 -0.284315 0.214305 -0.644207 -0.764 0.03607 -0.359014 -0.917676 0.170233 0.0598096 -0.997341 0.0416382 0.0262713 -0.994901 0.0973713 -0.207809 0.973472 -0.0957499 -0.0262713 0.994855 -0.0978473 0.157838 -0.889487 -0.428836 0.183638 -0.905909 -0.381584 -0.00135733 -0.0885395 -0.996072 0.0337375 -0.0833626 -0.995948 0.0503306 -0.0790832 -0.995597 -0.00166948 -0.0886047 -0.996065 0.120543 -0.736745 0.665339 0.0622873 0.723539 0.687468 0.0949403 0.99179 -0.085662 -0.0707816 0.993773 -0.0860486 0.0241936 0.0920492 0.99546 0.00585006 0.0151097 0.999869 -1 -1.33565e-05 -4.04483e-05 -0.975476 0.208528 -0.0704435 -0.97569 0.218107 -0.021387 -1 -3.19492e-06 -3.26166e-05 1 0 0 1 0 0 1 0 0 1 0 0 1 0 0 0.996537 -0.0235592 -0.0797474 0.998383 -0.013303 -0.0552684 1 -0.000206919 5.03833e-05 1 -0.000228302 6.88941e-05 1 -0.00015589 -2.07269e-05 0.713229 -0.257445 0.651941 0.684168 0.157139 0.712194 1 -0.000158931 2.41546e-05 1 -3.52189e-05 -9.52348e-05 0.967542 -0.236113 0.0900682 0.846883 -0.385216 0.366602 1 -0.000147569 -5.65732e-05 -0.676314 -0.0815365 -0.732086 -0.707016 -0.068629 -0.70386 -0.999695 0.00304551 -0.0245036 -0.996618 0.0803458 -0.0172362 0.00213726 0.976932 -0.213539 0.0206308 0.955925 -0.292885 0.0260668 0.891889 -0.451502 0.0253977 0.988248 -0.150738 0.0275898 0.997837 0.0596607 0.0387114 0.982575 -0.181791 0.0622977 0.958099 -0.279581 0.0262965 0.977416 -0.209681 1 0 0 1 0 0 1 0 0 1 0 0 1 0 0 1 0 0 1 0 0 1 0 0 0.103316 0.989011 -0.105749 0.149069 0.984006 -0.0975233 0.0907897 0.990124 -0.10683 0.162807 0.971671 -0.171314 -0.141725 -0.592518 0.792992 -0.178322 -0.769608 0.613111 -0.116147 -0.934628 -0.336126 -0.101125 0.0227997 0.994613 0.968712 -0.247002 0.0242219 0.989012 0.147142 -0.014319 0.564247 -0.822129 0.0756923 1 6.79522e-06 6.93715e-05 0.968712 -0.246997 0.0242667 0.967542 -0.23605 0.090235 1 2.33849e-05 6.32346e-05 0.648784 -0.757098 0.0766951 0.986876 -0.160705 0.0157937 0.328356 -0.940047 0.0921632 0.733434 -0.678304 -0.0444714 0.93447 -0.320498 -0.155068 0.64418 -0.756494 0.112906 0.359016 -0.933266 0.0110766 -0.0598075 -0.986463 0.152686 -0.0262715 -0.994884 0.0975435 0.207811 0.973548 -0.0949647 0.0262715 0.994932 -0.0970572 -0.157839 -0.789366 0.593286 -0.18364 -0.814646 0.550117 0.00135718 0.106426 0.99432 -0.0337376 0.111481 0.993194 -0.0503306 0.115612 0.992019 0.00166946 0.106362 0.994326 -0.120543 -0.851848 -0.50973 -0.0622886 0.576389 -0.814798 -0.0949412 0.989562 -0.108411 0.0707811 0.991582 -0.108416 -0.0241937 -0.102866 -0.994401 -0.00585006 -0.179199 -0.983795 1 -5.25366e-06 4.227e-05 0.975476 0.218234 0.0286403 0.975691 0.218111 -0.0213424 1 3.19492e-06 3.26166e-05 1 0 0 1 0 0 1 0 0 1 0 0 1 0 0 1 0 0 -0.996537 -0.0235591 -0.0797474 -1 -0.000228318 6.88987e-05 -1 -0.000207053 5.04159e-05 -0.998383 -0.0133031 -0.0552684 -1 -0.000155892 -2.07271e-05 -1 -0.000158909 2.43257e-05 -0.684169 0.157139 0.712194 -0.713229 -0.257445 0.651941 -1 -3.52165e-05 -9.52283e-05 -1 -0.000147563 -5.65707e-05 -0.846883 -0.385216 0.366602 -0.967542 -0.236113 0.0900682 0.676315 -0.0815363 -0.732086 0.996618 0.0803458 -0.0172362 0.999695 0.00304551 -0.0245036 0.707016 -0.0686291 -0.703859 -0.00213719 0.976932 -0.213539 -0.0253975 0.988248 -0.150738 -0.0260667 0.891889 -0.451502 -0.0206306 0.955925 -0.292885 -0.0275899 0.997837 0.0596607 -0.0262965 0.977416 -0.209681 -0.0622976 0.958099 -0.279581 -0.0387112 0.982575 -0.181791 1 0 0 1 0 0 1 0 0 1 0 0 -0.103316 0.989011 -0.10575 -0.162807 0.971671 -0.171314 -0.09079 0.990123 -0.10683 -0.149069 0.984006 -0.0975233 0.141726 -0.592517 0.792993 0.101131 0.0227641 0.994613 0.116146 -0.934629 -0.336122 0.17832 -0.769611 0.613107 -0.968712 -0.247002 0.0242217 -0.564247 -0.822129 0.0756922 -0.989012 0.147141 -0.0143278 -1 6.78837e-06 6.93015e-05 -1 2.33619e-05 6.31724e-05 -0.967542 -0.23605 0.0902348 -0.968712 -0.246997 0.0242666 -0.648783 -0.757099 0.0766953 -0.328355 -0.940047 0.0921632 -0.986876 -0.160703 0.0157977 -0.733434 -0.678304 -0.0444711 -0.93447 -0.320498 -0.155068 -0.644182 -0.756493 0.11291 -0.359016 -0.933266 0.0110767 0.0598075 -0.986463 0.152686 0.0262713 -0.994884 0.0975434 -0.207809 0.973549 -0.0949647 -0.0262713 0.994932 -0.0970572 0.157839 -0.789369 0.593282 0.183638 -0.814647 0.550115 -0.0013572 0.106426 0.99432 -0.00166945 0.106362 0.994326 0.0503305 0.115612 0.992019 0.0337375 0.111481 0.993194 0.0622872 0.576385 -0.814801 0.120543 -0.851847 -0.509731 -0.0707816 0.991582 -0.108416 0.0949403 0.989562 -0.108411 0.0241937 -0.102866 -0.994401 0.0058501 -0.179199 -0.983795 -1 -5.25351e-06 4.22687e-05 -1 3.19325e-06 3.25995e-05 -0.975691 0.218111 -0.0213424 -0.975476 0.218234 0.0286403 1 0 0 1 0 0 1 0 0 </float_array>
          <technique_common>
            <accessor count="312" offset="0" source="#meshId93-tangents-array" stride="3">
              <param name="X" type="float" />
              <param name="Y" type="float" />
              <param name="Z" type="float" />
            </accessor>
          </technique_common>
        </source>
        <source id="meshId93-bitangents" name="meshId93-bitangents">
          <float_array id="meshId93-bitangents-array" count="936"> 0.000244773 0.996039 0.0889157 0.000238505 0.995222 0.0976359 0.000213161 0.999051 0.0435464 0.000221465 0.999314 0.0370245 0.000157263 0.94686 -0.321647 0.00016106 0.999036 -0.0439073 0.000158384 0.999757 0.0220196 0.000148505 0.841237 -0.540667 0.00010153 0.158261 -0.987397 0.000158036 0.846526 -0.532347 0.000143185 0.535911 -0.844274 0.000105493 0.168731 -0.985662 -0.119823 -0.992442 -0.0264787 -0.0821737 -0.99649 -0.0159828 -0.0246921 -0.313464 -0.949279 -0.672072 -0.37554 -0.638192 -0.684165 -0.0130611 0.729211 -0.999677 0.0253727 -0.00111517 -0.99966 0.0250987 0.00703636 -0.993948 0.0313951 -0.105269 -0.999619 0.0266976 -0.00695951 -0.999654 0.026293 0.000421716 -0.684015 -0.0219418 0.729138 -0.983316 0.035897 -0.178329 0 -0.989217 -0.0990364 0 -0.962876 -0.269944 0 -0.995222 -0.0976359 0 -0.992591 -0.0885875 0 -0.999051 -0.0435464 -0 -0.967662 0.252249 -0 -0.983894 0.0190272 0 -0.997699 -0.0369521 -0.676322 0.134976 0.724134 -0.667272 0.125376 0.734186 0.0930986 0.078849 0.99253 0.0548439 0.0879714 0.994612 0.0717147 0.660315 -0.747557 0.0817495 0.980418 -0.17916 -0.0934198 -0.50293 -0.859264 0.0516566 0.450533 -0.891264 -3.13558e-05 -0.0974795 -0.995238 -0.0740873 -0.153271 -0.985403 7.07069e-05 0.0974955 0.995236 -6.96332e-05 -0.0974875 -0.995237 -6.73539e-05 0.158261 -0.987397 -6.71595e-05 0.168776 -0.985655 -6.96331e-05 -0.0974697 -0.995239 -0.0373011 -0.125741 -0.991362 -2.58051e-05 -0.0974136 -0.995244 -5.72521e-05 -0.0974803 -0.995237 0.423421 0.239727 -0.873639 0.250798 0.0984248 -0.963023 -0.497773 -0.454598 -0.738623 0.616282 0.0961051 -0.781639 0.681549 -0.0712775 -0.728293 2.1779e-06 -0.097405 -0.995245 8.15503e-05 0.0978695 0.995199 1.0384e-05 0.0978807 0.995198 0.0944566 0.418693 -0.903202 0.0972728 0.369536 -0.924111 0.149337 0.984921 -0.0873448 0.183935 0.979099 -0.0867871 0.178701 0.98006 -0.0868829 0.145187 0.985536 -0.0874092 0.0716594 -0.683783 0.726158 -0.0881646 -0.659633 -0.746399 -0.000795743 0.0863213 0.996267 0.00108554 0.0861539 0.996281 -0.97539 -0.220459 -0.0033202 -0.0705434 -0.997401 0.0146597 4.25939e-05 0.31356 0.949569 3.27555e-05 0.0974875 0.995237 2.18302e-05 0.0974923 0.995236 3.18959e-05 0.31991 0.947448 -0 0.673153 0.457864 -0 0.109838 0.640505 -0 0.740974 0.671534 -0 0.99412 -0.108285 -0 0.0962102 0.982175 -0 0.0974875 0.995237 -0 0.147323 0.549692 -0 0.665903 -0.746039 0 -0.0964138 -0.984301 0 -0.0974875 -0.995237 -0.000244777 0.996039 0.0889157 -0.000221321 0.999314 0.0370245 -0.000212964 0.999051 0.0435464 -0.000238471 0.995222 0.0976359 -0.000157262 0.94686 -0.321647 -0.00014849 0.841237 -0.540666 -0.000158392 0.999758 0.0220193 -0.000161057 0.999036 -0.0439073 -0.00010153 0.158261 -0.987397 -0.000105493 0.168731 -0.985662 -0.00014317 0.535912 -0.844274 -0.000158034 0.846526 -0.532347 0.119823 -0.992442 -0.0264788 0.672072 -0.37554 -0.638192 0.0246921 -0.313464 -0.949279 0.0821737 -0.99649 -0.0159828 0.684165 -0.013061 0.72921 0.993948 0.0313953 -0.105271 0.99966 0.0250988 0.0070366 0.999677 0.0253728 -0.00111509 0.999619 0.0266978 -0.00695956 0.983316 0.0358968 -0.178331 0.684016 -0.0219421 0.729137 0.999654 0.0262931 0.000421718 0 -0.989217 -0.0990367 0 -0.992591 -0.0885875 0 -0.997699 -0.0369521 -0 -0.983893 0.0190269 0.676322 0.134976 0.724133 -0.054844 0.0879714 0.994612 -0.0930987 0.078849 0.99253 0.667273 0.125376 0.734185 -0.0717144 0.660317 -0.747555 -0.0516556 0.450529 -0.891266 0.0934194 -0.502926 -0.859266 -0.0817494 0.980417 -0.179162 3.15085e-05 -0.0974795 -0.995238 -7.87163e-05 0.0975016 0.995235 0.0740873 -0.153271 -0.985403 6.97036e-05 -0.0974875 -0.995237 6.97076e-05 -0.0974697 -0.995239 6.7234e-05 0.168776 -0.985654 6.74237e-05 0.158261 -0.987397 0.0373009 -0.125741 -0.991362 5.25331e-05 -0.0974767 -0.995238 2.58312e-05 -0.0974135 -0.995244 -0.423421 0.239727 -0.873639 -0.250798 0.0984249 -0.963023 0.497772 -0.454594 -0.738625 -0.616283 0.0961052 -0.781639 -0.681549 -0.0712775 -0.728293 -2.17813e-06 -0.097405 -0.995245 -8.15671e-05 0.0978696 0.995199 -1.03856e-05 0.0978808 0.995198 -0.0944557 0.418688 -0.903205 -0.0972716 0.369533 -0.924112 -0.149337 0.984921 -0.0873448 -0.145187 0.985536 -0.0874092 -0.178701 0.98006 -0.0868829 -0.183935 0.9791 -0.0867872 0.0881644 -0.659632 -0.7464 -0.0716589 -0.683786 0.726156 -0.00108554 0.0861538 0.996281 0.000795754 0.0863212 0.996267 0.97539 -0.220459 -0.00332015 0.0705439 -0.997401 0.0146597 -4.25965e-05 0.31356 0.949569 -3.19034e-05 0.31991 0.947448 -2.18619e-05 0.0974923 0.995236 -3.27727e-05 0.0974875 0.995237 -0 0.673151 0.457873 -0 0.109837 0.640505 -0 0.0962059 0.982176 -0 0.147323 0.549692 0 -0.0964187 -0.984301 0.000244776 0.959853 -0.280503 0.000221321 0.973135 -0.230234 0.000212964 0.971612 -0.236581 0.000238471 0.95736 -0.288899 0.000157262 0.991277 0.131799 0.000147551 0.930162 0.36715 0.000156261 0.976481 -0.215602 0.000160756 0.988566 -0.150786 0.000101538 0.346853 0.937919 0.0001055 0.356788 0.934185 0.000143141 0.689553 0.724235 0.000158042 0.933736 0.357964 -0.119823 -0.96844 0.218555 -0.672073 -0.244563 0.698933 -0.0246922 -0.123302 0.992062 -0.0821738 -0.974447 0.209044 -0.684165 -0.154311 -0.712816 -0.993947 0.0512278 0.0971849 -0.99966 0.0232567 -0.011773 -0.999677 0.0251073 -0.00382953 -0.999619 0.0275406 0.00164665 -0.983314 0.0698202 0.167984 -0.684016 -0.163005 -0.711022 -0.999654 0.0257115 -0.00551577 -0 0.951196 -0.289108 -0 0.956535 -0.279512 -0 0.95736 -0.288899 -0 0.892192 -0.451656 -0 0.971612 -0.236581 -0 0.971565 -0.229849 -0 0.968882 -0.172255 -0 0.998217 0.0596834 -0.676323 -0.00810477 -0.736561 0.0548438 -0.106701 -0.992777 0.0930986 -0.115241 -0.988965 -0.667273 -0.0194686 -0.744559 0.0717146 0.792827 0.605213 0.0516566 0.614916 0.786899 -0.0934202 -0.326636 0.940522 0.0817522 0.996547 -0.0145321 -2.61441e-05 0.0974941 0.995236 9.2335e-05 -0.0974713 -0.995238 -0.0741036 0.0408792 0.996412 -6.97036e-05 0.0974875 0.995237 -6.97058e-05 0.0975052 0.995235 -6.7234e-05 0.35683 0.934169 -6.742e-05 0.346853 0.937919 -0.0373036 0.0690223 0.996917 -5.07887e-05 0.0974979 0.995236 -2.67252e-05 0.097564 0.995229 0.423421 0.404696 0.810516 0.250805 0.283423 0.925618 -0.497806 -0.30259 0.812791 0.616281 0.245956 0.748133 0.681549 0.0714029 0.72828 2.36672e-06 0.0975771 0.995228 8.23848e-05 -0.0971015 -0.995274 1.04688e-05 -0.097091 -0.995275 0.0944557 0.585993 0.804792 0.0972718 0.541827 0.834842 0.149337 0.983149 -0.105435 0.145187 0.983764 -0.105491 0.178701 0.978291 -0.104945 0.183935 0.97733 -0.104853 -0.0881645 -0.502259 0.860211 0.0716593 -0.811694 -0.579671 0.00108473 -0.1088 -0.994063 -0.000795148 -0.108633 -0.994081 -0.975391 -0.215625 0.0460365 -0.0705434 -0.981287 0.179161 4.25952e-05 0.123339 -0.992365 3.18978e-05 0.129981 -0.991517 2.18619e-05 -0.0974826 -0.995237 3.27727e-05 -0.0974875 -0.995237 -0 -0.57151 0.579789 -0 -0.996236 0.086678 -0 -0.596581 0.802553 -0 0.016538 0.649645 -0 -0.0378567 0.567832 0 -0.798011 -0.602642 -0.000244766 0.959853 -0.280503 -0.000238487 0.95736 -0.288899 -0.000213102 0.971612 -0.236581 -0.00022142 0.973135 -0.230234 -0.000157264 0.991277 0.131799 -0.00016076 0.988566 -0.150786 -0.000156261 0.976481 -0.215602 -0.000147566 0.930162 0.36715 -0.000101531 0.346853 0.937919 -0.000158035 0.933736 0.357964 -0.00014317 0.689554 0.724234 -0.000105485 0.356788 0.934185 0.119823 -0.96844 0.218555 0.0821738 -0.974447 0.209044 0.0246922 -0.123302 0.992062 0.672073 -0.244563 0.698933 0.684165 -0.154311 -0.712815 0.999677 0.0251071 -0.00382968 0.99966 0.0232565 -0.0117734 0.993947 0.0512279 0.0971857 0.999619 0.0275407 0.00164666 0.999654 0.0257115 -0.00551578 0.684016 -0.163006 -0.711021 0.983314 0.0698202 0.167986 -0 0.951196 -0.289108 -0 0.956535 -0.279512 -0 0.968882 -0.172255 -0 0.971565 -0.229849 0.676323 -0.00810484 -0.736561 0.667273 -0.0194684 -0.744559 -0.0930987 -0.115242 -0.988965 -0.0548439 -0.106701 -0.992777 -0.0717146 0.792828 0.605211 -0.0817489 0.996548 -0.0144963 0.0934197 -0.326633 0.940523 -0.0516557 0.614913 0.786902 2.59541e-05 0.0974941 0.995236 0.0741035 0.0408792 0.996412 -8.43136e-05 -0.0974774 -0.995238 6.96332e-05 0.0974875 0.995237 6.73538e-05 0.346853 0.937919 6.7167e-05 0.35683 0.934169 6.9635e-05 0.0975052 0.995235 0.0373041 0.0690222 0.996917 2.6729e-05 0.097564 0.995229 5.55068e-05 0.0974943 0.995236 -0.423422 0.404696 0.810515 -0.250805 0.283422 0.925618 0.497805 -0.302586 0.812792 -0.616281 0.245955 0.748133 -0.68155 0.0714028 0.72828 -2.36416e-06 0.097577 0.995228 -8.23904e-05 -0.0971015 -0.995274 -1.04688e-05 -0.097091 -0.995275 -0.0944548 0.585989 0.804795 -0.0972707 0.541826 0.834843 -0.149337 0.983149 -0.105435 -0.183935 0.97733 -0.104853 -0.178701 0.978291 -0.104945 -0.145187 0.983765 -0.105491 -0.0716589 -0.811697 -0.579667 0.0881646 -0.502259 0.860211 0.000795151 -0.108633 -0.994082 -0.00108471 -0.1088 -0.994063 0.975391 -0.215625 0.0460365 0.0705439 -0.981287 0.179161 -4.2594e-05 0.123339 -0.992365 -3.27555e-05 -0.0974875 -0.995237 -2.18283e-05 -0.0974826 -0.995237 -3.1881e-05 0.129981 -0.991517 -0 -0.571507 0.579793 -0 0.0165375 0.649644 -0 -0.0378567 0.567831 </float_array>
          <technique_common>
            <accessor count="312" offset="0" source="#meshId93-bitangents-array" stride="3">
              <param name="X" type="float" />
              <param name="Y" type="float" />
              <param name="Z" type="float" />
            </accessor>
          </technique_common>
        </source>
        <source id="meshId93-tex0" name="meshId93-tex0">
          <float_array id="meshId93-tex0-array" count="624"> 0.601575 0.120199 0.596674 0.120197 0.596677 0.109647 0.600036 0.109648 0.395729 0.359164 0.395729 0.356407 0.407904 0.356409 0.407904 0.359166 0.395728 0.365074 0.395728 0.362119 0.405883 0.36212 0.403862 0.365075 0.403321 0.348923 0.411637 0.349609 0.411484 0.351465 0.403322 0.350792 0.0299078 0.754625 0.0295987 0.766796 0.0273942 0.76674 0.0276549 0.756478 0.00528505 0.766159 0.00353697 0.766113 0.00375703 0.757773 0.00547054 0.759125 0.41917 0.348211 0.41917 0.348211 0.41917 0.348211 0.41917 0.348211 0.41917 0.348211 0.41917 0.348211 0.41917 0.348211 0.41917 0.348211 0.579621 0.245287 0.553831 0.2413 0.555747 0.239819 0.577177 0.243101 0.24736 0.607136 0.248182 0.592114 0.248409 0.592089 0.247647 0.607105 0.610147 0.239093 0.613281 0.238882 0.613142 0.239092 0.420448 0.365143 0.420447 0.355304 0.428582 0.355303 0.428582 0.365143 0.61369 0.238878 0.616801 0.239092 0.613807 0.239092 0.613473 0.227931 0.610147 0.229253 0.613502 0.238827 0.6168 0.226609 0.619557 0.226609 0.619558 0.239092 0.577181 0.232919 0.579626 0.23292 0.248419 0.614128 0.248132 0.61416 0.600882 0.128039 0.600973 0.138349 0.596068 0.138393 0.597608 0.128069 0.247667 0.587426 0.247894 0.587401 0.553737 0.233046 0.55567 0.233024 0.395172 0.351468 0.395018 0.349611 0.57245 0.759421 0.572451 0.751243 0.58064 0.751243 0.58064 0.759421 0.41917 0.348211 0.41917 0.348211 0.41917 0.348211 0.41917 0.348211 0.41917 0.348211 0.41917 0.348211 0.41917 0.348211 0.41917 0.348211 0.41917 0.348211 0.41917 0.348211 0.601575 0.120199 0.600036 0.109648 0.596677 0.109647 0.596674 0.120197 0.395729 0.359164 0.407904 0.359166 0.407904 0.356409 0.395729 0.356407 0.395728 0.365074 0.403862 0.365075 0.405883 0.36212 0.395728 0.362119 0.403321 0.348923 0.403322 0.350792 0.411484 0.351465 0.411637 0.349609 0.0299078 0.754625 0.0276549 0.756478 0.0273942 0.76674 0.0295987 0.766796 0.00528505 0.766159 0.00547054 0.759125 0.00375703 0.757773 0.00353697 0.766113 0.41917 0.348211 0.41917 0.348211 0.41917 0.348211 0.41917 0.348211 0.579621 0.245287 0.577177 0.243101 0.555747 0.239819 0.553831 0.2413 0.24736 0.607136 0.247647 0.607105 0.248409 0.592089 0.248182 0.592114 0.610147 0.239093 0.613142 0.239092 0.613281 0.238882 0.420448 0.365143 0.428582 0.365143 0.428582 0.355303 0.420447 0.355304 0.61369 0.238878 0.613807 0.239092 0.616801 0.239092 0.613473 0.227931 0.610147 0.229253 0.613502 0.238827 0.6168 0.226609 0.619557 0.226609 0.619558 0.239092 0.577181 0.232919 0.579626 0.23292 0.248419 0.614128 0.248132 0.61416 0.600882 0.128039 0.597608 0.128069 0.596068 0.138393 0.600973 0.138349 0.247894 0.587401 0.247667 0.587426 0.55567 0.233024 0.553737 0.233046 0.395172 0.351468 0.395018 0.349611 0.57245 0.759421 0.58064 0.759421 0.58064 0.751243 0.572451 0.751243 0.41917 0.348211 0.41917 0.348211 0.41917 0.348211 0.41917 0.348211 0.41917 0.348211 0.601575 0.120199 0.600036 0.109648 0.596677 0.109647 0.596674 0.120197 0.395729 0.359164 0.407904 0.359166 0.407904 0.356409 0.395729 0.356407 0.395728 0.365074 0.403862 0.365075 0.405883 0.36212 0.395728 0.362119 0.403321 0.348923 0.403322 0.350792 0.411484 0.351465 0.411637 0.349609 0.0299078 0.754625 0.0276549 0.756478 0.0273942 0.76674 0.0295987 0.766796 0.00528505 0.766159 0.00547054 0.759125 0.00375703 0.757773 0.00353697 0.766113 0.41917 0.348211 0.41917 0.348211 0.41917 0.348211 0.41917 0.348211 0.41917 0.348211 0.41917 0.348211 0.41917 0.348211 0.41917 0.348211 0.579621 0.245287 0.577177 0.243101 0.555747 0.239819 0.553831 0.2413 0.24736 0.607136 0.247647 0.607105 0.248409 0.592089 0.248182 0.592114 0.610147 0.239093 0.613142 0.239092 0.613281 0.238882 0.420448 0.365143 0.428582 0.365143 0.428582 0.355303 0.420447 0.355304 0.61369 0.238878 0.613807 0.239092 0.616801 0.239092 0.613473 0.227931 0.610147 0.229253 0.613502 0.238827 0.6168 0.226609 0.619557 0.226609 0.619558 0.239092 0.577181 0.232919 0.579626 0.23292 0.248419 0.614128 0.248132 0.61416 0.600882 0.128039 0.597608 0.128069 0.596068 0.138393 0.600973 0.138349 0.247894 0.587401 0.247667 0.587426 0.55567 0.233024 0.553737 0.233046 0.395172 0.351468 0.395018 0.349611 0.57245 0.759421 0.58064 0.759421 0.58064 0.751243 0.572451 0.751243 0.41917 0.348211 0.41917 0.348211 0.41917 0.348211 0.41917 0.348211 0.41917 0.348211 0.41917 0.348211 0.601575 0.120199 0.596674 0.120197 0.596677 0.109647 0.600036 0.109648 0.395729 0.359164 0.395729 0.356407 0.407904 0.356409 0.407904 0.359166 0.395728 0.365074 0.395728 0.362119 0.405883 0.36212 0.403862 0.365075 0.403321 0.348923 0.411637 0.349609 0.411484 0.351465 0.403322 0.350792 0.0299078 0.754625 0.0295987 0.766796 0.0273942 0.76674 0.0276549 0.756478 0.00528505 0.766159 0.00353697 0.766113 0.00375703 0.757773 0.00547054 0.759125 0.41917 0.348211 0.41917 0.348211 0.41917 0.348211 0.41917 0.348211 0.579621 0.245287 0.553831 0.2413 0.555747 0.239819 0.577177 0.243101 0.24736 0.607136 0.248182 0.592114 0.248409 0.592089 0.247647 0.607105 0.610147 0.239093 0.613281 0.238882 0.613142 0.239092 0.420448 0.365143 0.420447 0.355304 0.428582 0.355303 0.428582 0.365143 0.61369 0.238878 0.616801 0.239092 0.613807 0.239092 0.613473 0.227931 0.610147 0.229253 0.613502 0.238827 0.6168 0.226609 0.619557 0.226609 0.619558 0.239092 0.577181 0.232919 0.579626 0.23292 0.248419 0.614128 0.248132 0.61416 0.600882 0.128039 0.600973 0.138349 0.596068 0.138393 0.597608 0.128069 0.247667 0.587426 0.247894 0.587401 0.553737 0.233046 0.55567 0.233024 0.395172 0.351468 0.395018 0.349611 0.57245 0.759421 0.572451 0.751243 0.58064 0.751243 0.58064 0.759421 0.41917 0.348211 0.41917 0.348211 0.41917 0.348211 </float_array>
          <technique_common>
            <accessor count="312" offset="0" source="#meshId93-tex0-array" stride="2">
              <param name="S" type="float" />
              <param name="T" type="float" />
            </accessor>
          </technique_common>
        </source>
        <vertices id="meshId93-vertices">
          <input semantic="POSITION" source="#meshId93-positions" />
        </vertices>
        <polylist count="240" material="defaultMaterial">
          <input offset="0" semantic="VERTEX" source="#meshId93-vertices" />
          <input offset="0" semantic="NORMAL" source="#meshId93-normals" />
          <input offset="0" semantic="TANGENT" source="#meshId93-tangents" />
          <input offset="0" semantic="BINORMAL" source="#meshId93-bitangents" />
          <input offset="0" semantic="TEXCOORD" source="#meshId93-tex0" set="0" />
          <vcount>3 3 3 3 3 3 3 3 3 3 3 3 3 3 3 3 3 3 3 3 3 3 3 3 3 3 3 3 3 3 3 3 3 3 3 3 3 3 3 3 3 3 3 3 3 3 3 3 3 3 3 3 3 3 3 3 3 3 3 3 3 3 3 3 3 3 3 3 3 3 3 3 3 3 3 3 3 3 3 3 3 3 3 3 3 3 3 3 3 3 3 3 3 3 3 3 3 3 3 3 3 3 3 3 3 3 3 3 3 3 3 3 3 3 3 3 3 3 3 3 3 3 3 3 3 3 3 3 3 3 3 3 3 3 3 3 3 3 3 3 3 3 3 3 3 3 3 3 3 3 3 3 3 3 3 3 3 3 3 3 3 3 3 3 3 3 3 3 3 3 3 3 3 3 3 3 3 3 3 3 3 3 3 3 3 3 3 3 3 3 3 3 3 3 3 3 3 3 3 3 3 3 3 3 3 3 3 3 3 3 3 3 3 3 3 3 3 3 3 3 3 3 3 3 3 3 3 3 3 3 3 3 3 3 3 3 3 3 3 3 </vcount>
          <p>3 0 1 1 2 3 7 4 5 5 6 7 11 8 9 9 10 11 15 12 13 13 14 15 19 16 17 17 18 19 23 20 21 21 22 23 23 22 16 16 19 23 27 24 25 25 26 27 31 28 29 29 30 31 31 30 24 24 27 31 35 32 33 33 34 35 39 36 37 37 38 39 40 41 42 46 43 44 44 45 46 47 48 49 7 10 9 9 4 7 51 50 41 41 40 51 52 41 50 52 50 47 50 53 48 48 47 50 53 54 55 55 48 53 35 56 57 57 32 35 39 58 59 59 36 39 63 60 61 61 62 63 38 37 64 64 65 38 34 33 66 66 67 34 15 68 69 69 12 15 73 70 71 71 72 73 77 74 75 75 76 77 76 75 78 78 79 76 81 80 74 74 77 81 83 82 80 80 81 83 87 84 85 85 86 87 91 88 89 89 90 91 95 92 93 93 94 95 99 96 97 97 98 99 103 100 101 101 102 103 107 104 105 105 106 107 100 106 105 105 101 100 25 108 109 109 26 25 29 28 110 110 111 29 108 111 110 110 109 108 115 112 113 113 114 115 119 116 117 117 118 119 120 121 122 126 123 124 124 125 126 127 128 129 95 94 89 89 88 95 122 130 131 131 120 122 132 127 130 132 130 122 129 133 130 130 127 129 135 134 133 133 129 135 137 136 113 113 112 137 139 138 117 117 116 139 143 140 141 141 142 143 145 119 118 118 144 145 147 115 114 114 146 147 149 148 97 97 96 149 153 150 151 151 152 153 155 154 77 77 76 155 156 155 76 76 79 156 154 157 81 81 77 154 157 158 83 83 81 157 162 159 160 160 161 162 166 163 164 164 165 166 170 167 168 168 169 170 174 171 172 172 173 174 178 175 176 176 177 178 182 179 180 180 181 182 175 181 180 180 176 175 186 183 184 184 185 186 190 187 188 188 189 190 183 189 188 188 184 183 194 191 192 192 193 194 198 195 196 196 197 198 199 200 201 205 202 203 203 204 205 206 207 208 170 169 164 164 163 170 201 209 210 210 199 201 211 206 209 211 209 201 208 212 209 209 206 208 214 213 212 212 208 214 216 215 192 192 191 216 218 217 196 196 195 218 222 219 220 220 221 222 224 198 197 197 223 224 226 194 193 193 225 226 228 227 172 172 171 228 232 229 230 230 231 232 236 233 234 234 235 236 78 236 235 235 79 78 233 237 238 238 234 233 237 82 83 83 238 237 242 239 240 240 241 242 246 243 244 244 245 246 250 247 248 248 249 250 254 251 252 252 253 254 258 255 256 256 257 258 262 259 260 260 261 262 262 261 255 255 258 262 264 263 186 186 185 264 266 187 190 190 265 266 266 265 263 263 264 266 270 267 268 268 269 270 274 271 272 272 273 274 275 276 277 281 278 279 279 280 281 282 283 284 246 249 248 248 243 246 286 285 276 276 275 286 287 276 285 287 285 282 285 288 283 283 282 285 288 289 290 290 283 288 270 291 292 292 267 270 274 293 294 294 271 274 298 295 296 296 297 298 273 272 299 299 300 273 269 268 301 301 302 269 254 303 304 304 251 254 308 305 306 306 307 308 234 309 310 310 235 234 235 310 156 156 79 235 238 311 309 309 234 238 83 158 311 311 238 83 </p>
        </polylist>
      </mesh>
    </geometry>
    <geometry id="meshId94" name="meshId94_name" >
      <mesh>
        <source id="meshId94-positions" name="meshId94-positions">
          <float_array id="meshId94-positions-array" count="546"> -0.0182502 -0.231202 0.247652 -0.0112939 -0.243194 0.248827 -0.0109749 -0.243021 0.249401 -0.0179901 -0.230928 0.248216 -0.0289078 -0.222302 0.24678 -0.028738 -0.221952 0.247337 -0.0419813 -0.217566 0.246316 -0.0419224 -0.217176 0.246869 -0.0418634 -0.273816 0.251826 -0.0480726 -0.273816 0.251826 -0.0480726 -0.274092 0.252444 -0.0418634 -0.274092 0.252444 -0.0285683 -0.273741 0.251819 -0.0285683 -0.273976 0.252433 -0.01773 -0.273568 0.251802 -0.01773 -0.273787 0.252414 -0.008878 -0.25683 0.250162 -0.0085385 -0.256772 0.250748 -0.0103368 -0.24279 0.249378 -0.01747 -0.230494 0.248173 -0.0283986 -0.221367 0.24728 -0.0418045 -0.216511 0.246804 -0.0480726 -0.274757 0.252509 -0.0418634 -0.274757 0.252509 -0.0285683 -0.274561 0.25249 -0.01773 -0.274338 0.252468 -0.00785954 -0.256772 0.250748 -0.0100178 -0.242731 0.248781 -0.0172099 -0.230334 0.247567 -0.0282288 -0.221132 0.246666 -0.0417455 -0.216235 0.246186 -0.0480726 -0.275147 0.251957 -0.0418634 -0.275147 0.251957 -0.0285683 -0.274911 0.251934 -0.01773 -0.27467 0.25191 -0.00752004 -0.25683 0.250162 -0.0103368 -0.242904 0.248208 -0.01747 -0.230608 0.247003 -0.0283986 -0.221482 0.246109 -0.0418045 -0.216625 0.245633 -0.0480726 -0.274872 0.251339 -0.0418634 -0.274872 0.251339 -0.0285683 -0.274676 0.25132 -0.01773 -0.274452 0.251298 -0.00785954 -0.256887 0.249577 -0.0109749 -0.243135 0.24823 -0.0179901 -0.231042 0.247046 -0.028738 -0.222067 0.246166 -0.0419224 -0.217291 0.245699 -0.0480726 -0.274206 0.251274 -0.0418634 -0.274206 0.251274 -0.0285683 -0.274091 0.251262 -0.01773 -0.273901 0.251244 -0.0085385 -0.256887 0.249577 -0.0112939 -0.243194 0.248827 -0.0182502 -0.231202 0.247652 -0.0289078 -0.222302 0.24678 -0.0419813 -0.217566 0.246316 -0.0480726 -0.273816 0.251826 -0.0418634 -0.273816 0.251826 -0.0285683 -0.273741 0.251819 -0.01773 -0.273568 0.251802 -0.008878 -0.25683 0.250162 -0.0480726 -0.217176 0.246869 -0.0480726 -0.217566 0.246316 -0.0480726 -0.216511 0.246804 -0.0480726 -0.216235 0.246186 -0.0480726 -0.216625 0.245633 -0.0480726 -0.217291 0.245699 -0.0480726 -0.217566 0.246316 -0.0106131 -0.27021 0.251473 -0.0118807 -0.272623 0.251709 -0.0116755 -0.272844 0.252322 -0.010395 -0.270434 0.252086 -0.0143907 -0.273581 0.251803 -0.0141913 -0.273799 0.252415 -0.013779 -0.27435 0.252469 -0.0099628 -0.27101 0.252142 -0.0135677 -0.274682 0.251911 -0.00974863 -0.27136 0.251586 -0.013779 -0.274464 0.251299 -0.0099628 -0.271124 0.250972 -0.0141913 -0.273914 0.251245 -0.010395 -0.270548 0.250915 -0.0143907 -0.273581 0.251803 -0.0106131 -0.27021 0.251473 -0.0112626 -0.273403 0.252377 -0.0110553 -0.273741 0.251819 -0.0112626 -0.273518 0.251206 -0.0116755 -0.272958 0.251151 -0.0118807 -0.272623 0.251709 -0.0778951 -0.231202 0.247652 -0.0781552 -0.230928 0.248216 -0.0851704 -0.243021 0.249401 -0.0848514 -0.243194 0.248827 -0.0672375 -0.222302 0.24678 -0.0674072 -0.221952 0.247337 -0.054164 -0.217566 0.246316 -0.0542229 -0.217176 0.246869 -0.0542819 -0.273816 0.251826 -0.0542819 -0.274092 0.252444 -0.0480726 -0.274092 0.252444 -0.0480726 -0.273816 0.251826 -0.067577 -0.273741 0.251819 -0.067577 -0.273976 0.252433 -0.0784152 -0.273568 0.251802 -0.0784152 -0.273787 0.252414 -0.0876068 -0.256772 0.250748 -0.0872673 -0.25683 0.250162 -0.0786753 -0.230494 0.248173 -0.0858084 -0.24279 0.249378 -0.0677467 -0.221367 0.24728 -0.0543408 -0.216511 0.246804 -0.0542819 -0.274757 0.252509 -0.0480726 -0.274757 0.252509 -0.067577 -0.274561 0.25249 -0.0784153 -0.274338 0.252468 -0.0882857 -0.256772 0.250748 -0.0789354 -0.230334 0.247567 -0.0861275 -0.242731 0.248781 -0.0679165 -0.221132 0.246666 -0.0543998 -0.216235 0.246186 -0.0542819 -0.275147 0.251957 -0.0480726 -0.275147 0.251957 -0.067577 -0.274911 0.251934 -0.0784153 -0.27467 0.25191 -0.0886252 -0.25683 0.250162 -0.0786753 -0.230608 0.247003 -0.0858084 -0.242904 0.248208 -0.0677467 -0.221482 0.246109 -0.0543408 -0.216625 0.245633 -0.0542819 -0.274872 0.251339 -0.0480726 -0.274872 0.251339 -0.067577 -0.274676 0.25132 -0.0784153 -0.274452 0.251298 -0.0882857 -0.256887 0.249577 -0.0781552 -0.231042 0.247046 -0.0851704 -0.243135 0.24823 -0.0674072 -0.222067 0.246166 -0.0542229 -0.217291 0.245699 -0.0542819 -0.274206 0.251274 -0.0480726 -0.274206 0.251274 -0.067577 -0.274091 0.251262 -0.0784152 -0.273901 0.251244 -0.0876068 -0.256887 0.249577 -0.0778951 -0.231202 0.247652 -0.0848514 -0.243194 0.248827 -0.0672375 -0.222302 0.24678 -0.054164 -0.217566 0.246316 -0.0542819 -0.273816 0.251826 -0.0480726 -0.273816 0.251826 -0.067577 -0.273741 0.251819 -0.0784152 -0.273568 0.251802 -0.0872673 -0.25683 0.250162 -0.0480726 -0.217176 0.246869 -0.0480726 -0.217566 0.246316 -0.0480726 -0.216511 0.246804 -0.0480726 -0.216235 0.246186 -0.0480726 -0.216625 0.245633 -0.0480726 -0.217291 0.245699 -0.0480726 -0.217566 0.246316 -0.0855321 -0.27021 0.251473 -0.0857503 -0.270434 0.252086 -0.0844698 -0.272844 0.252322 -0.0842646 -0.272623 0.251709 -0.081954 -0.273799 0.252415 -0.0817546 -0.273581 0.251803 -0.0823663 -0.27435 0.252469 -0.0861825 -0.27101 0.252142 -0.0825776 -0.274682 0.251911 -0.0863966 -0.27136 0.251586 -0.0823663 -0.274464 0.251299 -0.0861825 -0.271124 0.250972 -0.081954 -0.273914 0.251245 -0.0857503 -0.270548 0.250915 -0.0817546 -0.273581 0.251803 -0.0855321 -0.27021 0.251473 -0.0848827 -0.273403 0.252377 -0.08509 -0.273741 0.251819 -0.0848827 -0.273518 0.251206 -0.0844698 -0.272958 0.251151 -0.0842646 -0.272623 0.251709 </float_array>
          <technique_common>
            <accessor count="182" offset="0" source="#meshId94-positions-array" stride="3">
              <param name="X" type="float" />
              <param name="Y" type="float" />
              <param name="Z" type="float" />
            </accessor>
          </technique_common>
        </source>
        <source id="meshId94-normals" name="meshId94-normals">
          <float_array id="meshId94-normals-array" count="546"> -0.766039 -0.639732 0.0626658 -0.939693 -0.340389 0.0333415 -0.428305 -0.0683817 0.901043 -0.34916 -0.20483 0.914403 -0.5 -0.8619 0.0844257 -0.227912 -0.306114 0.924311 -0.24093 -0.96592 0.0946157 -0.109997 -0.354264 0.928654 -0.00493365 0.995225 -0.0974863 0 0.995237 -0.0974875 0 0.58744 0.809268 -0.00256325 0.600985 0.799256 -0.0115279 0.995171 -0.097481 -0.00626284 0.623853 0.781516 -0.0118081 0.995167 -0.0974806 -0.00671102 0.644591 0.764498 -0.999709 -0.0240005 0.00234958 -0.480952 0.0749228 0.87354 0.51225 0.267283 0.816186 0.417615 0.430457 0.80019 0.27258 0.551582 0.788326 0.131447 0.609244 0.782013 0 -0.419239 0.907876 0.00584289 -0.438499 0.898713 0.0101854 -0.46118 0.887248 0.00846102 -0.48818 0.872702 0.568059 0.086987 0.818378 0.939695 0.340383 -0.033351 0.766051 0.639717 -0.0626644 0.500002 0.8619 -0.0844255 0.240671 0.965984 -0.0946199 0 -0.995237 0.0974875 0.0111138 -0.995175 0.0974814 0.0186415 -0.995064 0.0974705 0.0148656 -0.995127 0.0974767 0.999943 0.0105844 -0.00104539 0.512243 0.103827 -0.852541 0.417569 0.266995 -0.868533 0.272544 0.388097 -0.880398 0.131434 0.445887 -0.885387 0 -0.58744 -0.809268 0.00584484 -0.604555 -0.796542 0.0101868 -0.624568 -0.780904 0.00846057 -0.648211 -0.761414 0.568025 -0.0734671 -0.819726 -0.428339 -0.241922 -0.870632 -0.349176 -0.378355 -0.857277 -0.227899 -0.479608 -0.847372 -0.109984 -0.527666 -0.842302 0 0.419239 -0.907876 -0.00256127 0.434445 -0.900695 -0.0062592 0.460309 -0.887737 -0.00670826 0.483957 -0.875066 -0.481003 -0.0960059 -0.871446 -0.939693 -0.340389 0.0333415 -0.766039 -0.639732 0.0626658 -0.5 -0.8619 0.0844257 -0.24093 -0.96592 0.0946157 0 0.995237 -0.0974875 -0.00493365 0.995225 -0.0974863 -0.0115279 0.995171 -0.097481 -0.0118081 0.995167 -0.0974806 -0.999709 -0.0240005 0.00234958 0 -0.415462 0.909611 0 -0.995237 0.0974875 0 0.590757 0.80685 0 0.995237 -0.0974875 0 0.422961 -0.906148 0 -0.584008 -0.811748 0 -0.995237 0.0974875 -0.984936 0.172093 -0.0168624 -0.673622 0.735555 -0.0720555 -0.267959 0.394634 0.878898 -0.393755 0.173474 0.902698 -0.134229 0.98623 -0.0966086 -0.0869749 0.548454 0.831645 0.07159 -0.525569 0.847734 0.678571 -0.0578554 0.732253 0.169051 -0.980912 0.0960872 0.974794 -0.222042 0.0217513 0.0715961 -0.680069 -0.729644 0.67853 -0.198848 -0.707147 -0.0869678 0.376613 -0.922279 -0.393862 -0.00498656 -0.919156 -0.134229 0.98623 -0.0966086 -0.984936 0.172093 -0.0168624 0.382928 -0.347276 0.856017 0.651185 -0.755303 0.0739882 0.382921 -0.506771 -0.772369 -0.267977 0.216565 -0.938769 -0.673622 0.735555 -0.0720555 0.766037 -0.639735 0.0626646 0.34916 -0.204829 0.914403 0.428298 -0.0683823 0.901046 0.939691 -0.340394 0.0333427 0.499996 -0.861903 0.0844234 0.227921 -0.306111 0.924309 0.240915 -0.965923 0.0946136 0.109998 -0.35426 0.928655 0.00493376 0.995225 -0.0974863 0.00256312 0.600985 0.799256 0 0.58744 0.809268 0 0.995237 -0.0974875 0.0115284 0.995171 -0.097481 0.00626315 0.623854 0.781516 0.0118089 0.995167 -0.0974805 0.00671099 0.644591 0.764498 0.480953 0.0749235 0.873539 0.999709 -0.0240001 0.00235539 -0.417608 0.430455 0.800195 -0.512245 0.267279 0.81619 -0.272569 0.551582 0.78833 -0.131444 0.609241 0.782016 -0.00584313 -0.438499 0.898713 0 -0.419239 0.907876 -0.0101856 -0.46118 0.887248 -0.00846157 -0.488179 0.872703 -0.568053 0.0869881 0.818382 -0.766053 0.639715 -0.0626697 -0.939697 0.340378 -0.0333482 -0.500002 0.861899 -0.0844236 -0.240678 0.965982 -0.0946182 -0.0111138 -0.995175 0.0974815 0 -0.995237 0.0974875 -0.0186415 -0.995064 0.0974705 -0.0148656 -0.995127 0.0974767 -0.999943 0.0105846 -0.00103603 -0.41758 0.266992 -0.868529 -0.512252 0.103825 -0.852536 -0.272549 0.388094 -0.880398 -0.131438 0.445882 -0.885389 -0.00584484 -0.604555 -0.796542 0 -0.58744 -0.809268 -0.010186 -0.624568 -0.780904 -0.00845903 -0.648211 -0.761414 -0.568027 -0.0734685 -0.819724 0.349164 -0.378358 -0.857281 0.428333 -0.241924 -0.870634 0.227888 -0.479609 -0.847374 0.109974 -0.527665 -0.842304 0.00256127 0.434445 -0.900695 0 0.419239 -0.907876 0.00626005 0.460309 -0.887737 0.00671024 0.483957 -0.875066 0.481003 -0.0960067 -0.871446 0.766037 -0.639735 0.0626646 0.939691 -0.340394 0.0333427 0.499996 -0.861903 0.0844234 0.240915 -0.965923 0.0946136 0.00493376 0.995225 -0.0974863 0 0.995237 -0.0974875 0.0115284 0.995171 -0.097481 0.0118089 0.995167 -0.0974805 0.999709 -0.0240001 0.00235539 0 -0.415462 0.909611 0 -0.995237 0.0974875 0 0.590757 0.80685 0 0.995237 -0.0974875 0 0.422961 -0.906148 0 -0.584008 -0.811748 0 -0.995237 0.0974875 0.984936 0.172094 -0.0168543 0.393758 0.173475 0.902697 0.267974 0.394635 0.878893 0.67362 0.735558 -0.0720488 0.0869748 0.548455 0.831644 0.134233 0.98623 -0.0966042 -0.0715927 -0.525567 0.847734 -0.678567 -0.0578567 0.732256 -0.169057 -0.980911 0.0960863 -0.974794 -0.222043 0.0217554 -0.0716023 -0.680067 -0.729645 -0.678531 -0.198848 -0.707145 0.0869705 0.376617 -0.922278 0.393858 -0.00498764 -0.919158 0.134233 0.98623 -0.0966042 0.984936 0.172094 -0.0168543 -0.38292 -0.347275 0.856021 -0.651191 -0.755298 0.0739938 -0.382931 -0.506769 -0.772366 0.267974 0.216567 -0.93877 0.67362 0.735558 -0.0720488 </float_array>
          <technique_common>
            <accessor count="182" offset="0" source="#meshId94-normals-array" stride="3">
              <param name="X" type="float" />
              <param name="Y" type="float" />
              <param name="Z" type="float" />
            </accessor>
          </technique_common>
        </source>
        <source id="meshId94-tangents" name="meshId94-tangents">
          <float_array id="meshId94-tangents-array" count="546"> -0.642794 0.762357 -0.0750142 -0.342018 0.935175 -0.0920358 -0.342368 0.935073 -0.091778 -0.643021 0.762187 -0.074801 -0.866025 0.497567 -0.0492665 -0.866226 0.497252 -0.0489098 -0.970541 0.239932 -0.0219538 -0.981393 0.186652 -0.0450397 0.999982 0.00458391 -0.00381121 1 -1.05263e-05 -0.000107462 1 5.94812e-05 -4.31768e-05 0.999972 0.00714149 -0.00216295 0.99992 0.0109623 -0.00633568 0.999866 0.0157395 -0.00455163 0.99993 0.0118491 -0.000158699 0.99996 0.00877793 0.00137682 -0.0241148 0.995517 -0.0914589 -0.0172244 0.995342 -0.0948531 -0.342311 0.935131 -0.0913959 -0.642997 0.76224 -0.0744657 -0.866159 0.497407 -0.048537 -0.980793 0.194601 0.0132517 1 -2.83982e-05 -1.31137e-05 0.999957 0.00906398 -0.00207863 0.999824 0.0186721 -0.00177224 0.999936 0.0107034 -0.00370719 -0.0129105 0.995218 -0.0968221 -0.342013 0.93525 -0.0912914 -0.642779 0.762436 -0.074334 -0.866024 0.497643 -0.0485089 -0.970607 0.239493 -0.0237881 1 -1.58842e-05 -0.00016216 0.999938 0.0110284 -0.00141502 0.999826 0.0185772 -0.00156718 0.999889 0.014762 -0.00178414 -0.0106359 0.995153 -0.0977624 -0.341799 0.935312 -0.09146 -0.642564 0.762602 -0.0744981 -0.865934 0.497788 -0.0486311 -0.980869 0.187873 -0.0509937 1 0.000190609 -0.000138361 0.999958 0.00911124 0.000422268 0.999823 0.0186919 -0.00190726 0.999941 0.0107037 0.00199869 -0.0118798 0.995172 -0.0974233 -0.341771 0.935294 -0.0917434 -0.642547 0.762582 -0.0748481 -0.865906 0.497814 -0.0488762 -0.981433 0.191634 0.0081009 1 0.000265313 0.000122516 0.999974 0.00721776 0.000637855 0.999863 0.0164625 0.00148637 0.999968 0.00707239 -0.00375436 -0.0160422 0.994784 -0.100739 -0.342018 0.935186 -0.0919265 -0.642794 0.762357 -0.0750156 -0.866025 0.497591 -0.0490262 -0.970542 0.239642 -0.02491 1 3.23784e-05 0.000330547 0.99998 0.0053016 0.00351571 0.999921 0.0119587 0.00383554 0.999929 0.0115659 -0.0030496 -0.0241149 0.994411 -0.102792 -0.999996 0.00249876 0.0011413 -0.999994 0.000334711 0.00341702 -0.999999 0.00082427 -0.000603511 -1 9.29247e-05 0.000948657 -0.999997 0.00204479 0.000954441 -0.999996 0.00219624 -0.00158007 -0.999996 -0.000271067 -0.00276729 0.172911 0.979404 -0.104259 0.739045 0.669498 -0.07473 0.749382 0.658709 -0.0672948 0.265803 0.961566 -0.0688438 0.990894 0.134624 -0.00244648 0.986584 0.163197 -0.00444637 0.984822 0.171974 0.0234515 0.261676 0.950529 -0.167391 0.985607 0.168188 -0.0170726 0.223105 0.970124 -0.0953082 0.985361 0.161696 -0.0540212 0.270836 0.962565 -0.0107953 0.986701 0.16018 -0.0276329 0.273145 0.954177 -0.12222 0.990893 0.132529 -0.0238266 0.172914 0.980771 -0.0904934 0.755646 0.650785 -0.0740131 0.758918 0.648189 -0.0624076 0.750982 0.657664 -0.0591917 0.738234 0.672245 -0.0556523 0.739015 0.671612 -0.0528701 0.642796 0.762355 -0.0750139 0.64302 0.762187 -0.074802 0.342369 0.935072 -0.0917753 0.342023 0.935174 -0.0920356 0.866028 0.497563 -0.0492661 0.866224 0.497256 -0.0489181 0.970545 0.239918 -0.0219523 0.981393 0.186652 -0.0450411 -0.999982 0.00458402 -0.00381122 -0.999972 0.00714142 -0.00216306 -1 5.94824e-05 -4.31777e-05 -1 -1.05274e-05 -0.000107473 -0.99992 0.0109628 -0.00633573 -0.999866 0.0157397 -0.00455138 -0.99993 0.0118499 -0.000158777 -0.999961 0.00877792 0.00137679 0.0172239 0.995342 -0.0948537 0.0241149 0.995517 -0.0914589 0.642997 0.762239 -0.0744678 0.342309 0.935132 -0.091394 0.866161 0.497402 -0.0485442 0.980793 0.1946 0.0132498 -0.999957 0.00906409 -0.00207885 -1 -2.83997e-05 -1.31144e-05 -0.999824 0.0186722 -0.00177243 -0.999936 0.0107037 -0.00370768 0.012911 0.995218 -0.0968227 0.642777 0.762438 -0.0743342 0.342007 0.935252 -0.0912915 0.866024 0.497643 -0.048509 0.970605 0.2395 -0.0237886 -0.999938 0.0110284 -0.00141501 -1 -1.58839e-05 -0.000162157 -0.999826 0.0185772 -0.00156718 -0.999889 0.014762 -0.00178415 0.0106352 0.995153 -0.0977624 0.64256 0.762605 -0.0745064 0.341796 0.935313 -0.0914642 0.865933 0.49779 -0.0486369 0.980868 0.187875 -0.0509979 -0.999958 0.00911124 0.000422267 -1 0.000190608 -0.000138361 -0.999824 0.0186914 -0.00190791 -0.999941 0.0107027 0.00199753 0.011879 0.995172 -0.0974246 0.64255 0.762578 -0.0748554 0.341773 0.935294 -0.0917461 0.865908 0.497809 -0.0488844 0.981434 0.191629 0.00809299 -0.999974 0.00721776 0.000637858 -1 0.000265314 0.000122517 -0.999863 0.0164629 0.00148562 -0.999968 0.00707335 -0.00375609 0.0160426 0.994783 -0.10074 0.642797 0.762355 -0.0750154 0.342023 0.935184 -0.0919264 0.866028 0.497586 -0.0490258 0.970545 0.239628 -0.0249085 -0.99998 0.00530171 0.0035157 -1 3.23785e-05 0.000330547 -0.999921 0.0119592 0.0038355 -0.999928 0.0115667 -0.00304968 0.024115 0.994411 -0.102792 0.999996 0.00249876 0.0011413 0.999994 0.000334711 0.00341703 0.999999 0.000824271 -0.000603512 1 9.29248e-05 0.000948656 0.999997 0.00204479 0.000954441 0.999996 0.00219624 -0.00158007 0.999996 -0.000271067 -0.00276728 -0.172912 0.979404 -0.104258 -0.265804 0.961566 -0.068844 -0.74938 0.658713 -0.067285 -0.739047 0.669496 -0.0747299 -0.986583 0.163197 -0.00444695 -0.990893 0.134628 -0.00244698 -0.984822 0.171975 0.0234488 -0.261678 0.950529 -0.167389 -0.985606 0.168194 -0.0170732 -0.223106 0.970124 -0.0953087 -0.985361 0.1617 -0.0540163 -0.270835 0.962565 -0.0107954 -0.986701 0.160182 -0.0276346 -0.273146 0.954177 -0.12222 -0.990892 0.132534 -0.0238271 -0.172915 0.980771 -0.0904927 -0.755647 0.650784 -0.0740064 -0.758914 0.648194 -0.0624082 -0.750979 0.657668 -0.0591851 -0.738237 0.672242 -0.0556504 -0.739017 0.671609 -0.0528698 </float_array>
          <technique_common>
            <accessor count="182" offset="0" source="#meshId94-tangents-array" stride="3">
              <param name="X" type="float" />
              <param name="Y" type="float" />
              <param name="Z" type="float" />
            </accessor>
          </technique_common>
        </source>
        <source id="meshId94-bitangents" name="meshId94-bitangents">
          <float_array id="meshId94-bitangents-array" count="546"> 0.00021524 -0.097745 -0.995212 0.000147868 -0.0978888 -0.995197 -0.836265 -0.347797 -0.423908 -0.681625 -0.614097 -0.397835 0.000455372 -0.097748 -0.995211 -0.444644 -0.811809 -0.378494 -0.00149571 -0.0971178 -0.995272 -0.157379 -0.916329 -0.368204 -0.00334614 -0.0975034 -0.99523 -0.000107976 -0.0974875 -0.995237 -7.35e-05 0.809268 -0.58744 -0.00700778 0.799229 -0.600986 -0.00523647 -0.0975462 -0.995217 -0.0151403 0.781383 -0.623868 0.000997122 -0.0974756 -0.995237 -0.00582323 0.764477 -0.644624 -0.000143985 -0.0914889 -0.995806 -0.876578 -0.060666 -0.477421 -0.78767 -0.232572 0.570515 -0.641991 -0.483422 0.595105 -0.418891 -0.669585 0.61334 -0.144107 -0.768734 0.623122 3.12798e-05 0.907876 0.419239 -0.00723444 0.898686 0.438533 -0.0157494 0.88711 0.461289 -0.00753114 0.872678 0.488239 -0.822887 0.044435 0.566465 0.000117509 0.0971925 0.995266 0.000224859 0.0972231 0.995263 0.000203926 0.0973691 0.995248 -0.000318076 0.0975638 0.995229 0.000162936 0.0974875 0.995237 0.000333122 0.0974911 0.995236 -0.000251293 0.0974827 0.995237 0.000336503 0.0974925 0.995236 5.56954e-06 0.097768 0.995209 0.787896 0.338247 0.514595 0.642455 0.589196 0.490001 0.419378 0.775621 0.471736 0.143603 0.87515 0.46205 0.000235532 -0.809268 0.58744 0.0070022 -0.796511 0.604583 0.0157878 -0.780747 0.624648 0.00685436 -0.761385 0.648263 0.822926 0.065077 0.56441 0.836492 0.25826 -0.483305 0.682063 0.524705 -0.509386 0.445275 0.722605 -0.528746 0.157139 0.827554 -0.538945 0.000292235 -0.907876 -0.419239 0.00677811 -0.90067 -0.434452 0.0152986 -0.887606 -0.460349 0.00437186 -0.875063 -0.483989 0.876572 -0.0344759 -0.480034 0.000110319 -0.0977861 -0.995207 0.00021616 -0.0977461 -0.995211 0.000246271 -0.0976279 -0.995223 0.00138712 -0.09783 -0.995202 0.000332129 -0.0974875 -0.995237 0.00401576 -0.097467 -0.995231 0.00498276 -0.0974291 -0.99523 -0.00190741 -0.0975096 -0.995233 0.000130616 -0.102819 -0.9947 -0.00274707 -0.909607 -0.41546 -0.00343337 -0.0974869 -0.995231 -0.00102159 -0.806849 0.590756 0.000953197 0.0974874 0.995236 0.00225657 0.906146 0.42296 0.00270556 0.811745 -0.584006 0.00278053 -0.0974871 -0.995233 -0.00142707 -0.105604 -0.994407 -0.00672697 -0.103592 -0.994597 -0.605495 0.640598 -0.472239 -0.879946 0.212832 -0.424732 0.010593 -0.0960573 -0.995319 -0.13816 0.820101 -0.55529 -0.158113 0.833188 0.529903 -0.686343 0.305199 0.660141 0.000585964 0.0975903 0.995227 6.09905e-05 0.0977587 0.99521 0.154718 -0.715095 0.68169 0.682822 -0.184196 0.706984 0.137324 -0.912417 -0.385535 0.877647 -0.299201 -0.374452 -0.0106951 -0.098927 -0.995037 0.000964877 -0.092046 -0.995754 -0.53138 0.675188 0.511622 -0.000821579 0.0967899 0.995305 0.537956 -0.55737 0.63241 0.61903 -0.707945 -0.340022 0.00950444 -0.0888645 -0.995998 -0.000216354 -0.097744 -0.995211 0.681624 -0.614097 -0.397835 0.836268 -0.347798 -0.423902 -0.000147169 -0.0978891 -0.995197 -0.000456635 -0.0977458 -0.995211 0.444644 -0.811808 -0.378496 0.0014953 -0.0971154 -0.995272 0.157379 -0.91633 -0.3682 0.00334614 -0.0975034 -0.99523 0.00700778 0.799229 -0.600987 7.35015e-05 0.809268 -0.58744 0.000107987 -0.0974875 -0.995237 0.00523647 -0.0975462 -0.995217 0.0151403 0.781383 -0.623868 -0.000997121 -0.0974755 -0.995237 0.00582324 0.764477 -0.644624 0.876577 -0.060666 -0.477423 0.000149809 -0.0914891 -0.995806 0.641995 -0.483425 0.595099 0.787673 -0.232573 0.570509 0.418893 -0.669589 0.613335 0.144108 -0.768737 0.623118 0.00723444 0.898686 0.438533 -3.12815e-05 0.907876 0.419239 0.0157494 0.88711 0.461289 0.00753113 0.872678 0.488238 0.822891 0.0444343 0.56646 -0.000229117 0.0972266 0.995262 -0.000115402 0.0971918 0.995266 -0.000202976 0.0973675 0.995248 0.00031833 0.0975623 0.995229 -0.00033312 0.0974912 0.995236 -0.000162933 0.0974875 0.995237 0.000251294 0.0974828 0.995237 -0.000336504 0.0974924 0.995236 3.76557e-06 0.0977679 0.995209 -0.642451 0.589194 0.490007 -0.787892 0.338247 0.514603 -0.419378 0.775621 0.471735 -0.143604 0.875153 0.462045 -0.0070022 -0.796511 0.604583 -0.000235532 -0.809268 0.58744 -0.0157878 -0.780747 0.624648 -0.00685433 -0.761386 0.648263 -0.822924 0.0650773 0.564411 -0.682066 0.524709 -0.509379 -0.836494 0.258261 -0.4833 -0.445276 0.722608 -0.528742 -0.157139 0.827556 -0.538943 -0.00677811 -0.90067 -0.434452 -0.000292236 -0.907876 -0.419239 -0.0152986 -0.887606 -0.460349 -0.00437186 -0.875063 -0.483989 -0.876572 -0.0344759 -0.480034 -0.000217289 -0.0977452 -0.995211 -0.000109624 -0.0977864 -0.995207 -0.000247531 -0.0976257 -0.995223 -0.00138756 -0.0978276 -0.995202 -0.00401575 -0.097467 -0.995231 -0.000332129 -0.0974875 -0.995237 -0.00498276 -0.0974291 -0.99523 0.00190742 -0.0975095 -0.995233 -0.000124793 -0.102819 -0.9947 0.00274707 -0.909607 -0.41546 0.00343338 -0.0974869 -0.995231 0.00102159 -0.806849 0.590756 -0.000953197 0.0974874 0.995236 -0.00225657 0.906146 0.42296 -0.00270557 0.811745 -0.584006 -0.00278053 -0.0974871 -0.995233 0.00143503 -0.105602 -0.994408 0.879945 0.212832 -0.424734 0.605491 0.640594 -0.472249 0.00673179 -0.103587 -0.994598 0.138161 0.8201 -0.555291 -0.0105924 -0.0960529 -0.99532 0.158113 0.833189 0.529903 0.686347 0.3052 0.660137 -0.000586115 0.0975896 0.995227 -5.71664e-05 0.0977602 0.99521 -0.154718 -0.715095 0.68169 -0.68282 -0.184195 0.706986 -0.137324 -0.912415 -0.385539 -0.877649 -0.299202 -0.374447 0.0106956 -0.0989227 -0.995038 -0.000956923 -0.092044 -0.995755 0.531385 0.675189 0.511616 0.000825517 0.0967945 0.995304 -0.537954 -0.557367 0.632414 -0.619029 -0.707947 -0.340021 -0.00949983 -0.0888594 -0.995999 </float_array>
          <technique_common>
            <accessor count="182" offset="0" source="#meshId94-bitangents-array" stride="3">
              <param name="X" type="float" />
              <param name="Y" type="float" />
              <param name="Z" type="float" />
            </accessor>
          </technique_common>
        </source>
        <source id="meshId94-tex0" name="meshId94-tex0">
          <float_array id="meshId94-tex0-array" count="364"> 0.580833 0.145729 0.576785 0.145731 0.576785 0.145535 0.580833 0.145534 0.58488 0.145727 0.58488 0.145532 0.588927 0.145724 0.588931 0.145529 0.559107 0.145732 0.557311 0.145733 0.557311 0.145537 0.559105 0.145537 0.562949 0.145698 0.562947 0.145509 0.566081 0.145688 0.566078 0.1455 0.572738 0.145733 0.572737 0.145538 0.576785 0.145343 0.580833 0.145341 0.58488 0.14534 0.588938 0.145338 0.557311 0.145344 0.559103 0.145344 0.562943 0.145339 0.566075 0.145339 0.572735 0.145345 0.576785 0.145148 0.580833 0.145146 0.58488 0.145145 0.588941 0.145144 0.557311 0.145148 0.559103 0.145149 0.562942 0.145149 0.566072 0.145149 0.572734 0.145149 0.576785 0.144953 0.580833 0.144951 0.58488 0.144949 0.588938 0.144949 0.557311 0.144953 0.559104 0.144953 0.562943 0.144959 0.566075 0.144959 0.572734 0.144954 0.576785 0.14476 0.580833 0.144759 0.584881 0.144757 0.588931 0.144756 0.557311 0.14476 0.559105 0.14476 0.562947 0.144789 0.566078 0.144798 0.572737 0.144762 0.576785 0.144565 0.580833 0.144563 0.58488 0.144562 0.588927 0.144561 0.557311 0.144564 0.559107 0.144565 0.562949 0.144599 0.566081 0.14461 0.572738 0.144567 0.590715 0.145536 0.590713 0.145732 0.590718 0.145342 0.590719 0.145144 0.590718 0.144945 0.590716 0.144751 0.590714 0.144555 0.568812 0.145677 0.567927 0.145711 0.567918 0.145519 0.568752 0.145489 0.56706 0.145694 0.567098 0.145505 0.567184 0.145337 0.568625 0.145337 0.567223 0.145149 0.568568 0.145149 0.567184 0.144961 0.568625 0.144961 0.567098 0.144793 0.568752 0.144809 0.56706 0.144603 0.568812 0.144622 0.567899 0.145335 0.567893 0.145149 0.567899 0.144963 0.567918 0.144779 0.567927 0.144587 0.580833 0.145729 0.580833 0.145534 0.576785 0.145535 0.576785 0.145731 0.58488 0.145727 0.58488 0.145532 0.588927 0.145724 0.588931 0.145529 0.559107 0.145732 0.559105 0.145537 0.557311 0.145537 0.557311 0.145733 0.562949 0.145698 0.562947 0.145509 0.566081 0.145688 0.566078 0.1455 0.572737 0.145538 0.572738 0.145733 0.580833 0.145341 0.576785 0.145343 0.58488 0.14534 0.588938 0.145338 0.559103 0.145344 0.557311 0.145344 0.562943 0.145339 0.566075 0.145339 0.572735 0.145345 0.580833 0.145146 0.576785 0.145148 0.58488 0.145145 0.588941 0.145144 0.559103 0.145149 0.557311 0.145148 0.562942 0.145149 0.566072 0.145149 0.572734 0.145149 0.580833 0.144951 0.576785 0.144953 0.58488 0.144949 0.588938 0.144949 0.559104 0.144953 0.557311 0.144953 0.562943 0.144959 0.566075 0.144959 0.572734 0.144954 0.580833 0.144759 0.576785 0.14476 0.584881 0.144757 0.588931 0.144756 0.559105 0.14476 0.557311 0.14476 0.562947 0.144789 0.566078 0.144798 0.572737 0.144762 0.580833 0.144563 0.576785 0.144565 0.58488 0.144562 0.588927 0.144561 0.559107 0.144565 0.557311 0.144564 0.562949 0.144599 0.566081 0.14461 0.572738 0.144567 0.590715 0.145536 0.590713 0.145732 0.590718 0.145342 0.590719 0.145144 0.590718 0.144945 0.590716 0.144751 0.590714 0.144555 0.568812 0.145677 0.568752 0.145489 0.567918 0.145519 0.567927 0.145711 0.567098 0.145505 0.56706 0.145694 0.567184 0.145337 0.568625 0.145337 0.567223 0.145149 0.568568 0.145149 0.567184 0.144961 0.568625 0.144961 0.567098 0.144793 0.568752 0.144809 0.56706 0.144603 0.568812 0.144622 0.567899 0.145335 0.567893 0.145149 0.567899 0.144963 0.567918 0.144779 0.567927 0.144587 </float_array>
          <technique_common>
            <accessor count="182" offset="0" source="#meshId94-tex0-array" stride="2">
              <param name="S" type="float" />
              <param name="T" type="float" />
            </accessor>
          </technique_common>
        </source>
        <vertices id="meshId94-vertices">
          <input semantic="POSITION" source="#meshId94-positions" />
        </vertices>
        <polylist count="288" material="defaultMaterial">
          <input offset="0" semantic="VERTEX" source="#meshId94-vertices" />
          <input offset="0" semantic="NORMAL" source="#meshId94-normals" />
          <input offset="0" semantic="TANGENT" source="#meshId94-tangents" />
          <input offset="0" semantic="BINORMAL" source="#meshId94-bitangents" />
          <input offset="0" semantic="TEXCOORD" source="#meshId94-tex0" set="0" />
          <vcount>3 3 3 3 3 3 3 3 3 3 3 3 3 3 3 3 3 3 3 3 3 3 3 3 3 3 3 3 3 3 3 3 3 3 3 3 3 3 3 3 3 3 3 3 3 3 3 3 3 3 3 3 3 3 3 3 3 3 3 3 3 3 3 3 3 3 3 3 3 3 3 3 3 3 3 3 3 3 3 3 3 3 3 3 3 3 3 3 3 3 3 3 3 3 3 3 3 3 3 3 3 3 3 3 3 3 3 3 3 3 3 3 3 3 3 3 3 3 3 3 3 3 3 3 3 3 3 3 3 3 3 3 3 3 3 3 3 3 3 3 3 3 3 3 3 3 3 3 3 3 3 3 3 3 3 3 3 3 3 3 3 3 3 3 3 3 3 3 3 3 3 3 3 3 3 3 3 3 3 3 3 3 3 3 3 3 3 3 3 3 3 3 3 3 3 3 3 3 3 3 3 3 3 3 3 3 3 3 3 3 3 3 3 3 3 3 3 3 3 3 3 3 3 3 3 3 3 3 3 3 3 3 3 3 3 3 3 3 3 3 3 3 3 3 3 3 3 3 3 3 3 3 3 3 3 3 3 3 3 3 3 3 3 3 3 3 3 3 3 3 3 3 3 3 3 3 3 3 3 3 3 3 3 3 3 3 3 3 </vcount>
          <p>3 0 1 1 2 3 5 4 0 0 3 5 7 6 4 4 5 7 11 8 9 9 10 11 13 12 8 8 11 13 15 14 12 12 13 15 2 1 16 16 17 2 19 3 2 2 18 19 20 5 3 3 19 20 21 7 5 5 20 21 23 11 10 10 22 23 24 13 11 11 23 24 25 15 13 13 24 25 18 2 17 17 26 18 28 19 18 18 27 28 29 20 19 19 28 29 30 21 20 20 29 30 32 23 22 22 31 32 33 24 23 23 32 33 34 25 24 24 33 34 27 18 26 26 35 27 37 28 27 27 36 37 38 29 28 28 37 38 39 30 29 29 38 39 41 32 31 31 40 41 42 33 32 32 41 42 43 34 33 33 42 43 36 27 35 35 44 36 46 37 36 36 45 46 47 38 37 37 46 47 48 39 38 38 47 48 50 41 40 40 49 50 51 42 41 41 50 51 52 43 42 42 51 52 45 36 44 44 53 45 55 46 45 45 54 55 56 47 46 46 55 56 57 48 47 47 56 57 59 50 49 49 58 59 60 51 50 50 59 60 61 52 51 51 60 61 54 45 53 53 62 54 7 63 64 64 6 7 21 65 63 63 7 21 30 66 65 65 21 30 39 67 66 66 30 39 48 68 67 67 39 48 57 69 68 68 48 57 73 70 71 71 72 73 72 71 74 74 75 72 75 74 14 14 15 75 17 16 70 70 73 17 76 75 15 15 25 76 26 17 73 73 77 26 78 76 25 25 34 78 35 26 77 77 79 35 80 78 34 34 43 80 44 35 79 79 81 44 82 80 43 43 52 82 53 44 81 81 83 53 84 82 52 52 61 84 62 53 83 83 85 62 77 73 72 72 86 77 86 72 75 75 76 86 79 77 86 86 87 79 87 86 76 76 78 87 81 79 87 87 88 81 88 87 78 78 80 88 83 81 88 88 89 83 89 88 80 80 82 89 82 84 90 90 89 82 89 90 85 85 83 89 94 91 92 92 93 94 91 95 96 96 92 91 95 97 98 98 96 95 102 99 100 100 101 102 99 103 104 104 100 99 103 105 106 106 104 103 108 94 93 93 107 108 93 92 109 109 110 93 92 96 111 111 109 92 96 98 112 112 111 96 101 100 113 113 114 101 100 104 115 115 113 100 104 106 116 116 115 104 107 93 110 110 117 107 110 109 118 118 119 110 109 111 120 120 118 109 111 112 121 121 120 111 114 113 122 122 123 114 113 115 124 124 122 113 115 116 125 125 124 115 117 110 119 119 126 117 119 118 127 127 128 119 118 120 129 129 127 118 120 121 130 130 129 120 123 122 131 131 132 123 122 124 133 133 131 122 124 125 134 134 133 124 126 119 128 128 135 126 128 127 136 136 137 128 127 129 138 138 136 127 129 130 139 139 138 129 132 131 140 140 141 132 131 133 142 142 140 131 133 134 143 143 142 133 135 128 137 137 144 135 137 136 145 145 146 137 136 138 147 147 145 136 138 139 148 148 147 138 141 140 149 149 150 141 140 142 151 151 149 140 142 143 152 152 151 142 144 137 146 146 153 144 155 154 98 98 97 155 154 156 112 112 98 154 156 157 121 121 112 156 157 158 130 130 121 157 158 159 139 139 130 158 159 160 148 148 139 159 164 161 162 162 163 164 166 164 163 163 165 166 105 166 165 165 106 105 161 108 107 107 162 161 106 165 167 167 116 106 162 107 117 117 168 162 116 167 169 169 125 116 168 117 126 126 170 168 125 169 171 171 134 125 170 126 135 135 172 170 134 171 173 173 143 134 172 135 144 144 174 172 143 173 175 175 152 143 174 144 153 153 176 174 163 162 168 168 177 163 165 163 177 177 167 165 177 168 170 170 178 177 167 177 178 178 169 167 178 170 172 172 179 178 169 178 179 179 171 169 179 172 174 174 180 179 171 179 180 180 173 171 181 175 173 173 180 181 176 181 180 180 174 176 </p>
        </polylist>
      </mesh>
    </geometry>
    <geometry id="meshId95" name="meshId95_name" >
      <mesh>
        <source id="meshId95-positions" name="meshId95-positions">
          <float_array id="meshId95-positions-array" count="186"> -0.0481655 -0.195006 0.275538 -0.0459197 -0.195006 0.275538 -0.0459197 -0.194877 0.273301 -0.0481655 -0.194877 0.273301 -0.054371 -0.208361 0.221979 -0.0397141 -0.208361 0.221979 -0.0397141 -0.208361 0.203171 -0.054371 -0.208361 0.203171 -0.054371 -0.262229 0.203171 -0.0397141 -0.262229 0.203171 -0.0397141 -0.262229 0.221979 -0.054371 -0.262229 0.221979 -0.0397141 -0.246582 0.221979 -0.0397141 -0.24616 0.203171 -0.0397141 -0.225586 0.203171 -0.0397141 -0.225586 0.221979 -0.054371 -0.24616 0.203171 -0.054371 -0.246582 0.221979 -0.054371 -0.225586 0.221979 -0.054371 -0.225586 0.203171 -0.054371 -0.262229 0.221979 -0.0397141 -0.262229 0.221979 -0.0397141 -0.246582 0.221979 -0.054371 -0.246582 0.221979 -0.0397141 -0.262229 0.221979 -0.0397141 -0.262229 0.203171 -0.0437049 -0.244764 0.221979 -0.0503803 -0.244764 0.221979 -0.0397141 -0.225586 0.221979 -0.0437049 -0.227403 0.221979 -0.054371 -0.225586 0.221979 -0.0503803 -0.227403 0.221979 -0.0448371 -0.226251 0.249855 -0.0442239 -0.238203 0.233362 -0.0442239 -0.225986 0.231043 -0.0448371 -0.219339 0.245803 -0.0437049 -0.244764 0.221979 -0.0437049 -0.227403 0.221979 -0.0498613 -0.225986 0.231043 -0.0442239 -0.225986 0.231043 -0.0437049 -0.227403 0.221979 -0.0503803 -0.227403 0.221979 -0.0503803 -0.244764 0.221979 -0.0498613 -0.238203 0.233362 -0.0448371 -0.219339 0.245803 -0.0492481 -0.219339 0.245803 -0.0492481 -0.226251 0.249855 -0.0397141 -0.208361 0.221979 -0.054371 -0.208361 0.221979 -0.0453101 -0.21504 0.260471 -0.0457186 -0.202817 0.270269 -0.0483666 -0.202817 0.270269 -0.0487751 -0.21504 0.260471 -0.0452855 -0.21108 0.256213 -0.0457353 -0.200535 0.267837 -0.0483499 -0.200535 0.267837 -0.0487997 -0.21108 0.256213 -0.0457353 -0.200535 0.267837 -0.0452855 -0.21108 0.256213 -0.0459197 -0.194877 0.273301 -0.0481655 -0.194877 0.273301 -0.0459197 -0.194877 0.273301 </float_array>
          <technique_common>
            <accessor count="62" offset="0" source="#meshId95-positions-array" stride="3">
              <param name="X" type="float" />
              <param name="Y" type="float" />
              <param name="Z" type="float" />
            </accessor>
          </technique_common>
        </source>
        <source id="meshId95-normals" name="meshId95-normals">
          <float_array id="meshId95-normals-array" count="186"> -0.567148 -0.299402 0.767269 0.567152 -0.299403 0.767266 0.80873 0.482347 -0.336596 -0.808726 0.482352 -0.336598 -0.654939 0.557291 0.510374 0.654939 0.557291 0.510374 0.761599 0.648049 0 -0.761599 0.648049 0 -0.734376 -0.678743 0 0.734376 -0.678743 0 0.639467 -0.591025 0.491702 -0.639467 -0.591025 0.491702 0.921299 0 0.388854 1 0 0 1 0 0 0.915837 0 0.401551 -1 0 0 -0.9213 0 0.388854 -0.915837 0 0.401551 -1 0 0 -0.639467 -0.591025 0.491702 0.639467 -0.591025 0.491702 0.921299 0 0.388854 -0.9213 0 0.388854 0.639467 -0.591025 0.491702 0.734376 -0.678743 0 0.48392 -0.316048 0.816048 -0.483922 -0.316049 0.816047 0.915837 0 0.401551 0.770189 0.245024 0.588873 -0.915837 0 0.401551 -0.770191 0.245024 0.588871 0.851835 -0.384368 0.355863 0.859556 -0.408037 0.307685 0.937249 0.341668 -0.0694713 0.912743 0.369088 -0.17514 0.48392 -0.316048 0.816048 0.770189 0.245024 0.588873 -0.93725 0.341667 -0.0694708 0.937249 0.341668 -0.0694713 0.770189 0.245024 0.588873 -0.770191 0.245024 0.588871 -0.483922 -0.316049 0.816047 -0.859556 -0.408037 0.307684 0.912743 0.369088 -0.17514 -0.912743 0.369088 -0.175139 -0.851835 -0.384368 0.355863 0.654939 0.557291 0.510374 -0.654939 0.557291 0.510374 0.832393 -0.347508 0.431694 0.798764 -0.346964 0.491521 -0.798763 -0.346966 0.491521 -0.832393 -0.347508 0.431693 0.865872 0.398582 -0.302319 0.818771 0.432383 -0.377701 -0.818771 0.432382 -0.377703 -0.865872 0.398582 -0.30232 0.818771 0.432383 -0.377701 0.865872 0.398582 -0.302319 0.80873 0.482347 -0.336596 -0.808726 0.482352 -0.336598 0.80873 0.482347 -0.336596 </float_array>
          <technique_common>
            <accessor count="62" offset="0" source="#meshId95-normals-array" stride="3">
              <param name="X" type="float" />
              <param name="Y" type="float" />
              <param name="Z" type="float" />
            </accessor>
          </technique_common>
        </source>
        <source id="meshId95-tangents" name="meshId95-tangents">
          <float_array id="meshId95-tangents-array" count="186"> 0.684665 -0.689197 0.237152 -0.688795 -0.683174 0.242558 0.282278 0.183769 0.941567 -0.345037 0.0744109 0.935635 -0.67763 -0.732041 -0.0702352 -0.67758 0.7321 0.0701066 -0.648049 0.761599 -0.000117566 -0.648049 -0.761599 -0.000112686 0.678743 -0.734376 -0.000122435 0.678743 0.734376 -0.00013293 0.768818 0.491529 -0.409044 0.692198 -0.720922 0.0336685 3.00401e-05 1 -7.11731e-05 0 1 -8.07805e-05 0 1 -8.3265e-05 3.04898e-05 1 -6.95395e-05 0 -1 -7.53295e-05 -2.79166e-05 -1 -6.6142e-05 -3.14552e-05 -1 -7.17414e-05 0 -1 -8.51765e-05 -0.468524 0.806653 0.360272 0.468539 0.806653 0.360253 2.03943e-06 1 -4.83195e-06 1.77779e-06 1 4.21207e-06 0.468587 0.806653 0.36019 0.678743 0.734376 -0.00011801 0.161206 0.948743 0.271844 -0.161206 0.948743 0.271844 9.31658e-07 1 -2.12488e-06 -0.194645 0.969517 -0.148829 7.62441e-07 1 1.73894e-06 0.194653 0.969517 -0.148819 -0.0358556 -0.720568 -0.692457 -0.0282574 -0.6391 -0.768604 0.192232 -0.672619 -0.714584 0.168471 -0.730608 -0.661687 0.193898 -0.870606 -0.45216 0.574431 -0.667728 -0.473465 -0.0746399 -0.391254 -0.917251 -0.00284163 -0.191761 -0.981438 0.587028 0.0887183 -0.804691 -0.637499 -0.266751 -0.7228 -0.431821 -0.724832 -0.536795 -0.0866763 -0.476948 -0.874647 0.0147579 -0.458212 -0.888721 -0.0676425 -0.55932 -0.826187 -0.0576136 -0.606502 -0.792992 -0.439575 0.830317 -0.342559 0.439584 0.830317 -0.342548 -0.0285849 -0.804856 -0.592781 -0.0399027 -0.845714 -0.532142 -0.0597729 -0.767154 -0.638672 -0.0616747 -0.716042 -0.695328 0.156554 -0.789856 -0.592974 0.175098 -0.814601 -0.552962 -0.0599216 -0.718647 -0.692788 -0.0508056 -0.671257 -0.739481 -0.00760142 -0.649657 -0.76019 0.000801974 -0.605424 -0.795903 0.250084 -0.799951 -0.545469 -0.131404 -0.705967 -0.695948 0.0578362 -0.634709 -0.770584 </float_array>
          <technique_common>
            <accessor count="62" offset="0" source="#meshId95-tangents-array" stride="3">
              <param name="X" type="float" />
              <param name="Y" type="float" />
              <param name="Z" type="float" />
            </accessor>
          </technique_common>
        </source>
        <source id="meshId95-bitangents" name="meshId95-bitangents">
          <float_array id="meshId95-bitangents-array" count="186"> 0.457796 0.659823 0.595867 0.451554 -0.666056 -0.593691 0.516017 -0.856487 0.0124636 0.476352 0.872811 0.106251 0.334473 -0.391845 0.857079 -0.334575 -0.391735 0.85709 -7.61882e-05 8.95378e-05 1 -7.3026e-05 -8.58216e-05 1 8.31022e-05 -8.99135e-05 1 9.0225e-05 9.76202e-05 1 6.935e-05 0.6396 0.768708 0.33458 0.361885 0.870112 -0.388854 7.7253e-05 0.921299 -0 8.07805e-05 1 -0 8.3265e-05 1 -0.401551 7.593e-05 0.915837 0 -7.53295e-05 1 0.388854 -7.17921e-05 0.9213 0.401551 -7.83343e-05 0.915837 0 -8.51765e-05 1 -0.609563 8.03173e-06 -0.792738 -0.609552 1.16825e-05 0.792746 -0.388854 5.24472e-06 0.921299 -0.388854 4.57188e-06 -0.9213 -0.609515 7.52956e-05 0.792775 8.00986e-05 8.66638e-05 1 -0.860136 1.08778e-06 0.510065 -0.860135 -4.32134e-07 -0.510066 -0.401551 2.32015e-06 0.915837 -0.607389 5.64754e-06 0.794404 -0.401551 1.89874e-06 -0.915837 -0.607385 6.47455e-06 -0.794408 0.522582 0.577099 -0.627586 0.51026 0.651964 -0.560872 -0.290878 0.656389 -0.696092 -0.372179 0.574444 -0.729038 0.853361 0.37704 -0.360023 0.277196 0.702924 -0.655026 -0.340575 -0.854508 0.392205 -0.348648 0.920049 -0.178757 -0.249413 0.965449 -0.0755062 -0.0200214 -0.932098 0.361652 0.761151 -0.612153 0.214286 0.503637 -0.778477 0.374596 -0.408267 0.808589 -0.423677 -0.402895 -0.74225 0.535482 0.520632 -0.696001 0.494495 -0.614677 7.42078e-06 0.788779 -0.614671 4.50015e-06 -0.788783 0.553448 0.481087 -0.67989 0.60032 0.405443 -0.68937 0.59867 -0.539527 0.592035 0.550743 -0.605411 0.574596 -0.475138 0.466111 -0.746314 -0.546767 0.386614 -0.742681 -0.570984 -0.544603 0.614317 -0.497679 -0.624936 0.601473 -0.574069 0.625293 -0.528634 -0.500264 0.688908 -0.524539 -0.532365 0.35696 -0.767572 -0.573319 -0.518601 0.634317 -0.585329 0.603727 -0.541205 </float_array>
          <technique_common>
            <accessor count="62" offset="0" source="#meshId95-bitangents-array" stride="3">
              <param name="X" type="float" />
              <param name="Y" type="float" />
              <param name="Z" type="float" />
            </accessor>
          </technique_common>
        </source>
        <source id="meshId95-tex0" name="meshId95-tex0">
          <float_array id="meshId95-tex0-array" count="124"> 0.582317 0.239583 0.58224 0.24023 0.5816 0.240153 0.581676 0.239509 0.377157 0.32427 0.374512 0.32427 0.374512 0.320875 0.377158 0.320875 0.38688 0.320876 0.389526 0.320876 0.389525 0.324271 0.38688 0.324271 0.367614 0.324269 0.36769 0.320875 0.371403 0.320875 0.371403 0.32427 0.38398 0.320876 0.384056 0.324271 0.380266 0.32427 0.380267 0.320876 0.395195 0.356073 0.395195 0.351857 0.399696 0.351857 0.399696 0.356073 0.36479 0.324269 0.36479 0.320874 0.400219 0.353005 0.400219 0.354925 0.405736 0.351857 0.405213 0.353005 0.405736 0.356073 0.405213 0.354925 0.593556 0.241891 0.599126 0.242918 0.597106 0.245877 0.59275 0.244017 0.602801 0.243718 0.599305 0.247418 0.598352 0.237828 0.597982 0.236243 0.60046 0.235346 0.60098 0.237182 0.603111 0.241785 0.599372 0.241314 0.59335 0.237136 0.593521 0.238398 0.593727 0.240646 0.410691 0.351857 0.410691 0.356073 0.589315 0.241246 0.584906 0.240604 0.584998 0.239848 0.589441 0.240253 0.589027 0.242884 0.584667 0.241537 0.584984 0.238886 0.589561 0.238604 0.584915 0.238137 0.589467 0.237597 0.58249 0.24083 0.582703 0.239058 0.582644 0.238413 </float_array>
          <technique_common>
            <accessor count="62" offset="0" source="#meshId95-tex0-array" stride="2">
              <param name="S" type="float" />
              <param name="T" type="float" />
            </accessor>
          </technique_common>
        </source>
        <vertices id="meshId95-vertices">
          <input semantic="POSITION" source="#meshId95-positions" />
        </vertices>
        <polylist count="70" material="defaultMaterial">
          <input offset="0" semantic="VERTEX" source="#meshId95-vertices" />
          <input offset="0" semantic="NORMAL" source="#meshId95-normals" />
          <input offset="0" semantic="TANGENT" source="#meshId95-tangents" />
          <input offset="0" semantic="BINORMAL" source="#meshId95-bitangents" />
          <input offset="0" semantic="TEXCOORD" source="#meshId95-tex0" set="0" />
          <vcount>3 3 3 3 3 3 3 3 3 3 3 3 3 3 3 3 3 3 3 3 3 3 3 3 3 3 3 3 3 3 3 3 3 3 3 3 3 3 3 3 3 3 3 3 3 3 3 3 3 3 3 3 3 3 3 3 3 3 3 3 3 3 3 3 3 3 3 3 3 3 </vcount>
          <p>3 0 1 1 2 3 7 4 5 5 6 7 11 8 9 9 10 11 15 12 13 13 14 15 19 16 17 17 18 19 23 20 21 21 22 23 12 24 25 25 13 12 16 8 11 11 17 16 27 23 22 22 26 27 26 22 28 28 29 26 29 28 30 30 31 29 31 30 23 23 27 31 35 32 33 33 34 35 37 34 33 33 36 37 41 38 39 39 40 41 41 42 43 43 38 41 36 33 43 43 42 36 45 44 39 39 38 45 46 45 38 38 43 46 43 33 32 32 46 43 48 30 28 28 47 48 5 15 14 14 6 5 7 19 18 18 4 7 52 49 50 50 51 52 54 50 49 49 53 54 56 52 51 51 55 56 55 57 58 58 56 55 53 49 32 32 35 53 50 1 0 0 51 50 54 59 1 1 50 54 55 60 61 61 57 55 60 55 51 51 0 60 56 58 44 44 45 56 52 56 45 45 46 52 46 32 49 49 52 46 </p>
        </polylist>
      </mesh>
    </geometry>
    <geometry id="meshId96" name="meshId96_name" >
      <mesh>
        <source id="meshId96-positions" name="meshId96-positions">
          <float_array id="meshId96-positions-array" count="99"> -0.680232 -0.548019 -0.0119835 -0.74223 -0.548019 -0.0570278 -0.74223 -0.419806 -0.0570278 -0.680232 -0.419806 -0.0119835 -0.818864 -0.548019 -0.0570278 -0.818864 -0.419806 -0.0570278 -0.880862 -0.548019 -0.0119835 -0.880862 -0.419806 -0.0119835 -0.904544 -0.548019 0.0608997 -0.904544 -0.419806 0.0608997 -0.880862 -0.548019 0.133783 -0.880862 -0.419806 0.133783 -0.818864 -0.548019 0.178827 -0.818864 -0.419806 0.178827 -0.74223 -0.548019 0.178827 -0.74223 -0.419806 0.178827 -0.680232 -0.548019 0.133783 -0.680232 -0.419806 0.133783 -0.656551 -0.548019 0.0608997 -0.656551 -0.419806 0.0608997 -0.680232 -0.548019 -0.0119835 -0.680232 -0.419806 -0.0119835 -0.680232 -0.419806 -0.0119835 -0.74223 -0.419806 -0.0570278 -0.780547 -0.419806 0.0608997 -0.818864 -0.419806 -0.0570278 -0.880862 -0.419806 -0.0119835 -0.904544 -0.419806 0.0608997 -0.880862 -0.419806 0.133783 -0.818864 -0.419806 0.178827 -0.74223 -0.419806 0.178827 -0.680232 -0.419806 0.133783 -0.656551 -0.419806 0.0608997 </float_array>
          <technique_common>
            <accessor count="33" offset="0" source="#meshId96-positions-array" stride="3">
              <param name="X" type="float" />
              <param name="Y" type="float" />
              <param name="Z" type="float" />
            </accessor>
          </technique_common>
        </source>
        <source id="meshId96-normals" name="meshId96-normals">
          <float_array id="meshId96-normals-array" count="99"> 0.809017 0 -0.587785 0.309017 0 -0.951057 0.288204 0.360791 -0.887 0.754527 0.36079 -0.548196 -0.309017 0 -0.951056 -0.288204 0.360791 -0.887 -0.809017 0 -0.587785 -0.754527 0.36079 -0.548196 -1 0 0 -0.932647 0.360791 -2.80833e-08 -0.809017 0 0.587785 -0.754527 0.36079 0.548196 -0.309017 0 0.951057 -0.288203 0.36079 0.887 0.309017 0 0.951057 0.288204 0.36079 0.887 0.809017 0 0.587785 0.754527 0.360791 0.548196 1 0 1.19809e-08 0.932647 0.36079 3.92573e-08 0.809017 0 -0.587785 0.754527 0.36079 -0.548196 0.754527 0.36079 -0.548196 0.288204 0.360791 -0.887 0 1 -1.47681e-14 -0.288204 0.360791 -0.887 -0.754527 0.36079 -0.548196 -0.932647 0.360791 -2.80833e-08 -0.754527 0.36079 0.548196 -0.288203 0.36079 0.887 0.288204 0.36079 0.887 0.754527 0.360791 0.548196 0.932647 0.36079 3.92573e-08 </float_array>
          <technique_common>
            <accessor count="33" offset="0" source="#meshId96-normals-array" stride="3">
              <param name="X" type="float" />
              <param name="Y" type="float" />
              <param name="Z" type="float" />
            </accessor>
          </technique_common>
        </source>
        <source id="meshId96-tangents" name="meshId96-tangents">
          <float_array id="meshId96-tangents-array" count="99"> -0.587785 -6.53099e-05 -0.809017 -0.951057 -7.15111e-05 -0.309017 -0.951049 -5.98642e-05 -0.309039 -0.617758 0.108531 -0.778842 -0.951056 -7.25751e-05 0.309017 -0.951064 -6.37361e-05 0.308994 -0.587785 -7.3537e-05 0.809017 -0.587805 -6.24826e-05 0.809003 0 -6.82915e-05 1 -2.32728e-05 -6.00841e-05 1 0.587785 -7.2017e-05 0.809017 0.587765 -6.5081e-05 0.809032 0.951057 -6.49875e-05 0.309017 0.95105 -5.73991e-05 0.309038 0.951057 -7.52918e-05 -0.309017 0.951064 -6.62145e-05 -0.308993 0.587785 -7.21184e-05 -0.809017 0.587803 -5.76503e-05 -0.809004 0 -6.92426e-05 -1 2.23916e-05 -5.78437e-05 -1 -0.587785 -6.73426e-05 -0.809017 -0.549782 -0.108645 -0.828213 0.656269 -0.41473 0.630326 0.957569 -0.108547 0.266981 1 1.71651e-18 0.000116231 0.957569 0.108631 -0.266947 0.656269 0.414889 -0.630221 0.360791 0.932647 0.000332785 0.656269 0.414722 0.63033 0.957569 0.108546 0.266981 0.957569 -0.108629 -0.266948 0.656269 -0.414891 -0.63022 0.360791 -0.932647 0.000333991 </float_array>
          <technique_common>
            <accessor count="33" offset="0" source="#meshId96-tangents-array" stride="3">
              <param name="X" type="float" />
              <param name="Y" type="float" />
              <param name="Z" type="float" />
            </accessor>
          </technique_common>
        </source>
        <source id="meshId96-bitangents" name="meshId96-bitangents">
          <float_array id="meshId96-bitangents-array" count="99"> -3.83882e-05 1 -5.28368e-05 -6.80111e-05 1 -2.20981e-05 -0.111551 0.932647 0.343112 -0.221502 0.92631 0.304771 -6.9023e-05 1 2.2427e-05 0.111425 0.932647 0.343153 -4.32239e-05 1 5.94927e-05 0.291846 0.932647 0.212121 0 1 6.82915e-05 0.360791 0.932647 6.44339e-05 4.23306e-05 1 5.8263e-05 0.291926 0.932647 -0.212011 6.18068e-05 1 2.00822e-05 0.111549 0.932647 -0.343113 7.16068e-05 1 -2.32665e-05 -0.111423 0.932647 -0.343154 4.23902e-05 1 -5.8345e-05 -0.291849 0.932647 -0.212117 8.29591e-13 1 -6.92426e-05 -0.36079 0.932647 -6.20264e-05 -3.9583e-05 1 -5.44813e-05 -0.35837 0.926297 0.116381 6.20782e-05 -0.835362 -0.5497 4.27142e-05 -0.926309 -0.376766 0.000116231 -1.47681e-14 -1 4.334e-05 -0.926299 -0.37679 6.28829e-05 -0.835283 -0.549821 0.000120092 0.000310361 -1 6.78003e-05 0.835366 -0.549695 4.39659e-05 0.926309 -0.376765 4.12688e-05 0.926299 -0.376789 6.39856e-05 0.835282 -0.549822 0.000120537 -0.000311481 -1 </float_array>
          <technique_common>
            <accessor count="33" offset="0" source="#meshId96-bitangents-array" stride="3">
              <param name="X" type="float" />
              <param name="Y" type="float" />
              <param name="Z" type="float" />
            </accessor>
          </technique_common>
        </source>
        <source id="meshId96-tex0" name="meshId96-tex0">
          <float_array id="meshId96-tex0-array" count="66"> 0.736541 0.357767 0.758585 0.357769 0.758583 0.39465 0.736538 0.394648 0.78063 0.35777 0.780627 0.394651 0.802674 0.357772 0.802671 0.394653 0.824718 0.357773 0.824716 0.394654 0.846763 0.357775 0.84676 0.394656 0.868807 0.357776 0.868804 0.394657 0.890851 0.357777 0.890849 0.394659 0.912896 0.357779 0.912893 0.39466 0.93494 0.357781 0.934937 0.394662 0.956984 0.357782 0.956982 0.394663 0.613541 0.207225 0.596169 0.219844 0.585437 0.186802 0.574698 0.219842 0.557328 0.207219 0.550696 0.186798 0.557333 0.166378 0.574705 0.153759 0.596177 0.153762 0.613546 0.166384 0.620179 0.186806 </float_array>
          <technique_common>
            <accessor count="33" offset="0" source="#meshId96-tex0-array" stride="2">
              <param name="S" type="float" />
              <param name="T" type="float" />
            </accessor>
          </technique_common>
        </source>
        <vertices id="meshId96-vertices">
          <input semantic="POSITION" source="#meshId96-positions" />
        </vertices>
        <polylist count="30" material="defaultMaterial">
          <input offset="0" semantic="VERTEX" source="#meshId96-vertices" />
          <input offset="0" semantic="NORMAL" source="#meshId96-normals" />
          <input offset="0" semantic="TANGENT" source="#meshId96-tangents" />
          <input offset="0" semantic="BINORMAL" source="#meshId96-bitangents" />
          <input offset="0" semantic="TEXCOORD" source="#meshId96-tex0" set="0" />
          <vcount>3 3 3 3 3 3 3 3 3 3 3 3 3 3 3 3 3 3 3 3 3 3 3 3 3 3 3 3 3 3 </vcount>
          <p>3 0 1 1 2 3 2 1 4 4 5 2 5 4 6 6 7 5 7 6 8 8 9 7 9 8 10 10 11 9 11 10 12 12 13 11 13 12 14 14 15 13 15 14 16 16 17 15 17 16 18 18 19 17 19 18 20 20 21 19 22 23 24 23 25 24 25 26 24 26 27 24 27 28 24 28 29 24 29 30 24 30 31 24 31 32 24 32 22 24 </p>
        </polylist>
      </mesh>
    </geometry>
    <geometry id="meshId97" name="meshId97_name" >
      <mesh>
        <source id="meshId97-positions" name="meshId97-positions">
          <float_array id="meshId97-positions-array" count="327"> 0.305937 -0.524476 -0.171412 0.305937 -0.538056 -0.171412 0.320061 -0.538056 -0.171412 0.320061 -0.524476 -0.171412 0.305937 -0.538056 -0.206718 0.305937 -0.524476 -0.206718 0.320061 -0.524476 -0.206718 0.320061 -0.538056 -0.206718 0.330652 -0.524476 -0.182003 0.330652 -0.538056 -0.182003 0.330652 -0.538056 -0.196128 0.330652 -0.524476 -0.196128 0.295346 -0.524476 -0.196128 0.295346 -0.538056 -0.196128 0.295346 -0.538056 -0.182003 0.295346 -0.524476 -0.182003 0.310283 -0.459135 -0.182275 0.310283 -0.524476 -0.182275 0.315715 -0.524476 -0.182275 0.315715 -0.459135 -0.182275 0.319789 -0.459135 -0.186349 0.319789 -0.524476 -0.186349 0.319789 -0.524476 -0.191781 0.319789 -0.459135 -0.191781 0.315715 -0.459135 -0.195855 0.315715 -0.524476 -0.195855 0.310283 -0.524476 -0.195855 0.310283 -0.459135 -0.195855 0.306209 -0.459135 -0.191781 0.306209 -0.524476 -0.191781 0.306209 -0.524476 -0.186349 0.306209 -0.459135 -0.186349 0.26737 -0.450959 -0.123883 0.26737 -0.459135 -0.123883 0.358628 -0.459135 -0.123883 0.358628 -0.450959 -0.123883 0.378181 -0.450959 -0.143436 0.378181 -0.459135 -0.143436 0.378181 -0.459135 -0.234694 0.378181 -0.450959 -0.234694 0.358628 -0.450959 -0.254247 0.358628 -0.459135 -0.254247 0.26737 -0.459135 -0.254247 0.26737 -0.450959 -0.254247 0.247817 -0.450959 -0.234694 0.247817 -0.459135 -0.234694 0.247817 -0.459135 -0.143436 0.247817 -0.450959 -0.143436 0.247817 -0.459135 -0.234694 0.247817 -0.450959 -0.234694 0.368404 -0.450959 -0.13366 0.257593 -0.450959 -0.13366 0.368404 -0.450959 -0.244471 0.257593 -0.450959 -0.244471 0.295346 -0.524476 -0.196128 0.295346 -0.538056 -0.196128 0.330652 -0.538056 -0.182003 0.320061 -0.538056 -0.171412 0.325357 -0.538056 -0.176707 0.300641 -0.538056 -0.176707 0.325357 -0.538056 -0.201423 0.300641 -0.538056 -0.201423 0.295346 -0.524476 -0.182003 0.306209 -0.524476 -0.186349 0.306209 -0.524476 -0.191781 0.295346 -0.524476 -0.196128 0.320061 -0.524476 -0.171412 0.315715 -0.524476 -0.182275 0.310283 -0.524476 -0.182275 0.305937 -0.524476 -0.171412 0.358628 -0.459135 -0.254247 0.378181 -0.459135 -0.234694 0.319789 -0.459135 -0.191781 0.315715 -0.459135 -0.195855 0.330652 -0.524476 -0.196128 0.319789 -0.524476 -0.191781 0.319789 -0.524476 -0.186349 0.330652 -0.524476 -0.182003 0.247817 -0.459135 -0.234694 0.26737 -0.459135 -0.254247 0.310283 -0.459135 -0.195855 0.306209 -0.459135 -0.191781 0.305937 -0.524476 -0.206718 0.310283 -0.524476 -0.195855 0.315715 -0.524476 -0.195855 0.320061 -0.524476 -0.206718 0.306209 -0.459135 -0.186349 0.247817 -0.459135 -0.143436 0.306209 -0.524476 -0.191781 0.306209 -0.459135 -0.191781 0.26737 -0.459135 -0.123883 0.310283 -0.459135 -0.182275 0.315715 -0.459135 -0.182275 0.358628 -0.459135 -0.123883 0.319789 -0.459135 -0.186349 0.378181 -0.459135 -0.143436 0.378181 -0.450959 -0.143436 0.378181 -0.450959 -0.234694 0.312999 -0.450959 -0.189065 0.358628 -0.450959 -0.123883 0.368404 -0.450959 -0.13366 0.247817 -0.450959 -0.234694 0.247817 -0.450959 -0.143436 0.26737 -0.450959 -0.123883 0.257593 -0.450959 -0.13366 0.368404 -0.450959 -0.244471 0.358628 -0.450959 -0.254247 0.26737 -0.450959 -0.254247 0.257593 -0.450959 -0.244471 </float_array>
          <technique_common>
            <accessor count="109" offset="0" source="#meshId97-positions-array" stride="3">
              <param name="X" type="float" />
              <param name="Y" type="float" />
              <param name="Z" type="float" />
            </accessor>
          </technique_common>
        </source>
        <source id="meshId97-normals" name="meshId97-normals">
          <float_array id="meshId97-normals-array" count="327"> -0.373886 0.314493 0.872527 -0.393872 -2.19188e-07 0.919165 0.393872 -2.19188e-07 0.919165 0.339243 0.50809 0.791681 -0.393872 -2.19188e-07 -0.919165 -0.298423 0.652644 -0.69642 0.337327 0.516248 -0.78721 0.393872 -2.19188e-07 -0.919165 0.78721 0.516247 0.337327 0.919165 -2.19188e-07 0.393872 0.919165 -2.19188e-07 -0.393872 0.791681 0.50809 -0.339243 -0.872527 0.314493 -0.373887 -0.919165 -2.19188e-07 -0.393872 -0.919165 -2.19188e-07 0.393872 -0.69642 0.652643 0.298423 -0.267589 -0.733785 0.624464 -0.387708 0.176216 0.904782 0.387708 0.176216 0.904782 0.267589 -0.733786 0.624464 0.624464 -0.733785 0.267588 0.904783 0.176215 0.387707 0.904782 0.176216 -0.387708 0.624464 -0.733785 -0.267589 0.267588 -0.733785 -0.624465 0.387706 0.176216 -0.904783 -0.387706 0.176216 -0.904783 -0.267588 -0.733785 -0.624465 -0.624464 -0.733785 -0.267589 -0.904782 0.176216 -0.387708 -0.904783 0.176216 0.387707 -0.624464 -0.733785 0.267588 -0.0225411 0.99155 0.127748 -0.0274914 -0.987405 0.155803 0.0645796 -0.928374 0.365994 0.0225411 0.99155 0.127748 0.127748 0.99155 0.0225411 0.155803 -0.987405 0.0274914 0.771465 -0.62154 -0.136125 0.127748 0.99155 -0.0225411 0.0225411 0.99155 -0.127748 0.021698 -0.992173 -0.12297 -0.136125 -0.621541 -0.771464 -0.0265577 0.988252 -0.150511 -0.150511 0.988252 -0.0265577 -0.12297 -0.992173 -0.021698 -0.365994 -0.928374 0.0645796 -0.127748 0.99155 0.0225411 -0.12297 -0.992173 -0.021698 -0.150511 0.988252 -0.0265577 0 1 0 0 1 0 0 1 0 0 0 1 -0.872527 0.314493 -0.373887 -0.919165 -2.19188e-07 -0.393872 0.919165 -2.19188e-07 0.393872 0.393872 -2.19188e-07 0.919165 0 -1 0 0 -1 0 0 -1 0 0 -1 0 -0.69642 0.652643 0.298423 -0.904783 0.176216 0.387707 -0.904782 0.176216 -0.387708 -0.872527 0.314493 -0.373887 0.339243 0.50809 0.791681 0.387708 0.176216 0.904782 -0.387708 0.176216 0.904782 -0.373886 0.314493 0.872527 0.021698 -0.992173 -0.12297 0.771465 -0.62154 -0.136125 0.624464 -0.733785 -0.267589 0.267588 -0.733785 -0.624465 0.791681 0.50809 -0.339243 0.904782 0.176216 -0.387708 0.904783 0.176215 0.387707 0.78721 0.516247 0.337327 -0.12297 -0.992173 -0.021698 -0.136125 -0.621541 -0.771464 -0.267588 -0.733785 -0.624465 -0.624464 -0.733785 -0.267589 -0.298423 0.652644 -0.69642 -0.387706 0.176216 -0.904783 0.387706 0.176216 -0.904783 0.337327 0.516248 -0.78721 -0.624464 -0.733785 0.267588 -0.365994 -0.928374 0.0645796 -0.904782 0.176216 -0.387708 -0.624464 -0.733785 -0.267589 -0.0274914 -0.987405 0.155803 -0.267589 -0.733785 0.624464 0.267589 -0.733786 0.624464 0.0645796 -0.928374 0.365994 0.624464 -0.733785 0.267588 0.155803 -0.987405 0.0274914 0.127748 0.99155 0.0225411 0.127748 0.99155 -0.0225411 0 1 0 0.0225411 0.99155 0.127748 0 1 0 -0.150511 0.988252 -0.0265577 -0.127748 0.99155 0.0225411 -0.0225411 0.99155 0.127748 0 1 0 0 1 0 0.0225411 0.99155 -0.127748 -0.0265577 0.988252 -0.150511 0 0 1 </float_array>
          <technique_common>
            <accessor count="109" offset="0" source="#meshId97-normals-array" stride="3">
              <param name="X" type="float" />
              <param name="Y" type="float" />
              <param name="Z" type="float" />
            </accessor>
          </technique_common>
        </source>
        <source id="meshId97-tangents" name="meshId97-tangents">
          <float_array id="meshId97-tangents-array" count="327"> -0.123843 -0.94926 0.289083 2.60047e-05 -1 1.09048e-05 2.5832e-05 -1 -1.13077e-05 0.200149 -0.861304 0.467007 9.40334e-05 -1 -4.00558e-05 -0.256932 -0.757665 -0.599942 0.20349 -0.856439 -0.47445 9.95486e-05 -1 4.2896e-05 0.474523 -0.85644 0.20332 1.04202e-06 -1 -2.98822e-06 5.97375e-05 -1 0.000139964 0.467043 -0.861304 -0.200067 -0.289082 -0.94926 -0.123843 -1.08508e-05 -1 2.58786e-05 -3.19795e-05 -1 -7.5186e-05 -0.599873 -0.757665 0.257092 -0.288977 0.679381 0.674487 0.0694323 0.984352 -0.16196 -0.0693789 0.984352 -0.161983 0.289057 0.679381 0.674453 0.674487 0.679382 0.288977 -0.161959 0.984352 -0.0694347 -0.161984 0.984352 0.0693762 0.674453 0.679381 -0.289057 0.288976 0.679381 -0.674488 -0.0694335 0.984351 0.16196 0.0693815 0.984352 0.161982 -0.289057 0.679381 -0.674453 -0.674489 0.679381 -0.288973 0.161961 0.984351 0.0694311 0.161982 0.984352 -0.0693815 -0.674453 0.679382 0.289057 -0.906482 0.0336208 -0.420905 -0.907025 -0.0408748 -0.419089 -0.914962 0.0913144 0.393072 -0.906473 -0.0336232 0.420922 -0.420931 0.0336244 0.906469 -0.419058 -0.0408695 0.907039 0.276236 0.134448 0.951639 0.42092 -0.0336229 0.906474 0.90647 0.0336243 0.42093 0.90639 -0.0323814 0.421199 0.951648 0.134424 -0.276219 0.906922 -0.0395092 -0.419442 0.00398985 -0.0262563 -0.999647 0.00267603 0.0215323 -0.999765 -0.393007 0.091287 -0.914993 -0.420946 -0.0336264 -0.906462 0.7001 -0.0712326 -0.710482 0.696594 0.086953 -0.712177 -0.707111 0 0.707103 -0.707109 0 -0.707104 0.707106 0 0.707108 1 0 0 -0.289043 -0.94926 -0.123935 0.000120151 -1 -0.000279836 0.393872 9.21896e-08 -0.919165 0 0 0 0.719425 0 -0.69457 -0.673443 0 -0.739239 0.673443 0 0.739239 0.737013 0 -0.675878 0.532625 0.191378 0.82443 0.404284 0.0692106 0.912011 -0.295185 0.396727 0.86918 -0.131042 0.586589 0.799213 0.725793 -0.676767 0.12333 0.869132 -0.396866 -0.295137 0.912007 -0.0692381 0.404288 0.896506 -0.118523 0.426882 0.999765 0.0215142 0.00282217 0.636272 0.753552 0.165283 0.781053 0.586622 0.214081 0.963533 0.203706 0.173514 0.478995 -0.171542 0.860893 0.404285 -0.0692133 0.912011 -0.295182 -0.396735 0.869177 0.133765 -0.676921 0.723799 0.99241 -0.122944 -0.00253133 0.990692 -0.0854801 -0.105939 0.963533 -0.203876 -0.173315 0.781053 -0.586749 -0.213731 0.699463 0.646002 0.305668 0.869134 0.396864 -0.295137 0.912008 0.0692335 0.404287 0.859027 0.173255 0.481721 0.781053 -0.586596 0.214152 0.930617 -0.3651 0.0255651 0.161961 0.984352 0.0694313 -0.674489 0.679381 -0.288973 0.999622 -0.0271314 0.0044371 0.963533 -0.203722 0.173497 0.963533 0.203834 -0.173364 0.997913 0.06013 -0.0235567 0.781053 0.586741 -0.213755 0.987788 0.155747 -0.00418283 -0.00306536 -0.0223325 0.999746 0.00269157 0.0223807 0.999746 -0.000186357 0 1 -0.00309219 -0.127711 0.991807 -0.000190151 0 1 -0.0041796 0.0262274 0.999647 0.002692 -0.0223806 0.999746 0.0027234 -0.127719 0.991807 -0.000185574 0 1 -0.000198087 0 1 0.00270691 0.12772 0.991807 -0.00423252 0.150452 0.988608 -1 0 0 </float_array>
          <technique_common>
            <accessor count="109" offset="0" source="#meshId97-tangents-array" stride="3">
              <param name="X" type="float" />
              <param name="Y" type="float" />
              <param name="Z" type="float" />
            </accessor>
          </technique_common>
        </source>
        <source id="meshId97-bitangents" name="meshId97-bitangents">
          <float_array id="meshId97-bitangents-array" count="327"> 0.919169 2.8193e-05 0.393863 0.919165 2.81977e-05 0.393871 0.919165 2.81977e-05 -0.393872 0.91916 2.51383e-05 -0.393885 -0.919165 -0.000102209 0.393872 -0.919201 -0.00010401 0.393789 -0.919131 -0.000144511 -0.393952 -0.919165 -0.000108397 -0.393871 0.393864 1.40965e-05 -0.919169 0.393872 3.15709e-06 -0.919165 -0.393872 -0.000152179 -0.919165 -0.393844 -5.16325e-05 -0.919177 -0.393863 2.80663e-05 0.919169 -0.393872 2.80605e-05 0.919165 0.393872 -8.17042e-05 0.919165 0.393894 2.81781e-05 0.919156 -0.919178 2.93106e-05 -0.393842 -0.919164 2.79099e-05 -0.393876 -0.919168 2.93106e-05 0.393866 -0.919153 2.92957e-05 0.3939 -0.393841 2.92957e-05 0.919178 -0.393876 3.0674e-05 0.919164 0.393866 3.22238e-05 0.919168 0.3939 2.95788e-05 0.919153 0.919179 2.93106e-05 0.393841 0.919164 2.93031e-05 0.393875 0.919168 2.63751e-05 -0.393866 0.919153 3.03984e-05 -0.3939 0.393839 3.20524e-05 -0.919179 0.393875 2.65166e-05 -0.919164 -0.393866 2.63602e-05 -0.919168 -0.393901 3.03537e-05 -0.919153 -0.421643 -0.125289 0.898064 0.420179 -0.152839 -0.894477 -0.398338 -0.360255 -0.84353 0.421661 -0.125288 0.898056 0.898052 -0.125288 0.42167 -0.894492 -0.15284 -0.420148 -0.57318 -0.771759 0.275413 0.898057 -0.125288 -0.421659 0.421669 -0.125288 -0.898052 -0.421885 -0.120598 0.898593 0.275384 -0.771762 0.573189 -0.420461 -0.147641 -0.895218 -0.9886 -0.150564 8.88854e-06 0.992407 -0.122999 7.26315e-06 0.84356 -0.360262 -0.398268 -0.898045 -0.125287 0.421685 0.703376 -0.102559 0.70338 -0.701501 -0.12569 -0.701498 0.707103 -0 0.707111 -0.707104 0 0.707109 0.707108 0 -0.707106 0 1 0 -0.393892 -6.73085e-05 0.919157 -0.393872 -0.000304539 0.919165 -1.65159e-07 -1 -1.71069e-07 0 -0 -0 -0.69457 -0 -0.719425 0.739239 0 -0.673443 -0.739239 0 0.673443 0.675878 0 0.737013 0.480947 0.733097 -0.480894 0.133877 0.981915 -0.133862 0.306977 0.900864 -0.306936 0.470664 0.74633 -0.470603 0.598447 0.532758 -0.598357 0.30707 0.900802 -0.307023 0.133887 0.981914 -0.133866 0.237666 0.941831 -0.237631 -0.000154481 -0.123002 0.992406 -0.000152841 -0.214122 0.976807 -0.000116006 -0.342687 0.93945 -0.000114858 -0.648123 0.761536 0.379217 -0.844048 -0.379179 0.133876 -0.981915 -0.133864 0.30698 -0.90086 -0.306943 0.602003 -0.52466 -0.601934 -0.00015612 -0.0218446 0.999761 -9.94503e-05 -0.778704 0.627391 -0.000137404 -0.648069 0.761581 -0.000174582 -0.342468 0.939529 0.64938 -0.395902 -0.649282 0.307068 -0.900804 -0.307022 0.133883 -0.981914 -0.133868 0.385075 -0.838732 -0.385027 -0.000175014 0.342731 0.939434 -0.000155918 0.0694556 0.997585 0.393875 2.68221e-05 -0.919164 0.393839 3.23653e-05 -0.91918 -0.000154051 0.155866 0.987778 -9.25064e-05 0.648118 0.76154 -7.50721e-05 0.648082 0.761571 -0.000137804 0.366751 0.930319 -0.000154853 0.342483 0.939524 -0.000151562 0.0278074 0.999613 0.991802 -0.127785 0.000186523 0.991803 -0.127776 0.000190264 1 -0 0.000186357 0.999741 -0.0227515 0.000187316 1 -0 0.000190151 0.9886 0.150569 0.000182986 0.991803 0.127776 0.000189824 0.999742 0.0227043 0.000178549 1 -0 0.000185574 1 -0 0.000198087 0.999742 -0.0227022 0.000194906 0.999638 0.0268922 0.000187145 0 -1 0 </float_array>
          <technique_common>
            <accessor count="109" offset="0" source="#meshId97-bitangents-array" stride="3">
              <param name="X" type="float" />
              <param name="Y" type="float" />
              <param name="Z" type="float" />
            </accessor>
          </technique_common>
        </source>
        <source id="meshId97-tex0" name="meshId97-tex0">
          <float_array id="meshId97-tex0-array" count="218"> 0.611177 0.114675 0.615084 0.114675 0.615084 0.118738 0.611178 0.118738 0.615083 0.135482 0.611177 0.135481 0.611177 0.131418 0.615084 0.131419 0.611178 0.123047 0.615084 0.123047 0.615084 0.12711 0.611178 0.12711 0.611177 0.106304 0.615084 0.106304 0.615084 0.110367 0.611177 0.110367 0.414563 0.375654 0.395767 0.375654 0.395767 0.374091 0.414563 0.374092 0.414563 0.372434 0.395767 0.372434 0.395767 0.370871 0.414563 0.370872 0.414563 0.369215 0.395767 0.369214 0.395767 0.367651 0.414563 0.367652 0.414563 0.378874 0.395767 0.378873 0.395767 0.377311 0.414563 0.377311 0.848875 0.633556 0.848875 0.635908 0.822624 0.635908 0.822623 0.633557 0.81467 0.633556 0.814669 0.635908 0.788418 0.635909 0.788418 0.633557 0.780464 0.633556 0.780464 0.635908 0.754213 0.635909 0.754212 0.633557 0.88308 0.633552 0.88308 0.635904 0.856829 0.635905 0.856829 0.633553 0.746258 0.635908 0.746258 0.633557 0.818646 0.633556 0.852852 0.633555 0.784441 0.633557 0.750235 0.633557 0.611177 0.13979 0.615083 0.13979 0.615084 0.123047 0.615084 0.118738 0.615084 0.120892 0.615084 0.112521 0.615084 0.129264 0.615083 0.137636 0.411578 0.355405 0.412903 0.358499 0.411798 0.359604 0.408705 0.358278 0.418759 0.358278 0.415665 0.359604 0.41456 0.358499 0.415886 0.355405 0.2058 0.566056 0.211425 0.571679 0.19463 0.584026 0.193458 0.582855 0.415886 0.36546 0.41456 0.362366 0.415665 0.361261 0.418759 0.362587 0.173925 0.571685 0.179549 0.56606 0.191896 0.582855 0.190724 0.584027 0.408704 0.362586 0.411798 0.361261 0.412903 0.362366 0.411577 0.365459 0.190724 0.58559 0.173929 0.597936 0.395767 0.365994 0.414563 0.365995 0.179555 0.60356 0.191896 0.586761 0.193459 0.586761 0.205806 0.603556 0.194631 0.585589 0.211429 0.597931 0.206456 0.700865 0.180205 0.700861 0.193334 0.682113 0.212082 0.695242 0.209269 0.698054 0.180212 0.66336 0.206463 0.663365 0.212086 0.668991 0.209275 0.666178 0.177393 0.698048 0.174582 0.695235 0.174587 0.668984 0.177399 0.666172 </float_array>
          <technique_common>
            <accessor count="109" offset="0" source="#meshId97-tex0-array" stride="2">
              <param name="S" type="float" />
              <param name="T" type="float" />
            </accessor>
          </technique_common>
        </source>
        <vertices id="meshId97-vertices">
          <input semantic="POSITION" source="#meshId97-positions" />
        </vertices>
        <polylist count="100" material="defaultMaterial">
          <input offset="0" semantic="VERTEX" source="#meshId97-vertices" />
          <input offset="0" semantic="NORMAL" source="#meshId97-normals" />
          <input offset="0" semantic="TANGENT" source="#meshId97-tangents" />
          <input offset="0" semantic="BINORMAL" source="#meshId97-bitangents" />
          <input offset="0" semantic="TEXCOORD" source="#meshId97-tex0" set="0" />
          <vcount>3 3 3 3 3 3 3 3 3 3 3 3 3 3 3 3 3 3 3 3 3 3 3 3 3 3 3 3 3 3 3 3 3 3 3 3 3 3 3 3 3 3 3 3 3 3 3 3 3 3 3 3 3 3 3 3 3 3 3 3 3 3 3 3 3 3 3 3 3 3 3 3 3 3 3 3 3 3 3 3 3 3 3 3 3 3 3 3 3 3 3 3 3 3 3 3 3 3 3 3 </vcount>
          <p>3 0 1 1 2 3 7 4 5 5 6 7 11 8 9 9 10 11 15 12 13 13 14 15 19 16 17 17 18 19 23 20 21 21 22 23 27 24 25 25 26 27 31 28 29 29 30 31 35 32 33 33 34 35 39 36 37 37 38 39 43 40 41 41 42 43 47 44 45 45 46 47 35 34 37 37 36 35 47 46 33 33 32 47 39 38 41 41 40 39 43 42 48 48 49 43 36 50 35 47 32 51 40 52 39 49 53 43 3 2 9 9 8 3 15 14 1 1 0 15 7 6 11 11 10 7 55 54 5 5 4 55 56 57 58 14 59 1 10 60 7 55 4 61 65 62 63 63 64 65 69 66 67 67 68 69 73 70 71 71 72 73 77 74 75 75 76 77 81 78 79 79 80 81 85 82 83 83 84 85 87 78 81 81 86 87 31 30 17 17 16 31 19 18 21 21 20 19 23 22 25 25 24 23 27 26 88 88 89 27 63 62 69 69 68 63 93 90 91 91 92 93 66 77 76 76 67 66 95 93 92 92 94 95 74 85 84 84 75 74 83 82 65 65 64 83 71 95 94 94 72 71 79 70 73 73 80 79 90 87 86 86 91 90 96 97 98 98 99 100 98 100 96 101 102 98 103 99 98 98 102 104 98 104 103 98 97 105 98 105 106 106 107 98 101 98 107 107 108 101 </p>
        </polylist>
      </mesh>
    </geometry>
    <geometry id="meshId98" name="meshId98_name" >
      <mesh>
        <source id="meshId98-positions" name="meshId98-positions">
          <float_array id="meshId98-positions-array" count="267"> 0.302647 -0.451625 -0.235731 0.299473 -0.451625 -0.238905 0.299473 -0.449409 -0.238905 0.302647 -0.449409 -0.235731 0.295137 -0.451625 -0.240067 0.295137 -0.449409 -0.240067 0.290801 -0.451625 -0.238905 0.290801 -0.449409 -0.238905 0.287627 -0.451625 -0.235731 0.287627 -0.449409 -0.235731 0.286465 -0.451625 -0.231395 0.286465 -0.449409 -0.231395 0.287627 -0.451625 -0.227059 0.287627 -0.449409 -0.227059 0.290801 -0.451625 -0.223885 0.290801 -0.449409 -0.223885 0.295137 -0.451625 -0.222723 0.295137 -0.449409 -0.222723 0.299473 -0.451625 -0.223885 0.299473 -0.449409 -0.223885 0.302647 -0.451625 -0.227059 0.302647 -0.449409 -0.227059 0.303809 -0.451625 -0.231395 0.303809 -0.449409 -0.231395 0.302647 -0.451625 -0.235731 0.302647 -0.449409 -0.235731 0.301429 -0.450724 -0.235027 0.29877 -0.450724 -0.237687 0.295137 -0.450724 -0.231395 0.295137 -0.450724 -0.23866 0.291504 -0.450724 -0.237687 0.288845 -0.450724 -0.235027 0.287872 -0.450724 -0.231395 0.288845 -0.450724 -0.227762 0.291504 -0.450724 -0.225103 0.295137 -0.450724 -0.224129 0.29877 -0.450724 -0.225103 0.301429 -0.450724 -0.227762 0.302402 -0.450724 -0.231395 0.302647 -0.449409 -0.235731 0.299473 -0.449409 -0.238905 0.29877 -0.449589 -0.237687 0.301429 -0.449589 -0.235027 0.295137 -0.449409 -0.240067 0.295137 -0.449589 -0.23866 0.290801 -0.449409 -0.238905 0.291504 -0.449589 -0.237687 0.287627 -0.449409 -0.235731 0.288845 -0.449589 -0.235027 0.286465 -0.449409 -0.231395 0.287872 -0.449589 -0.231395 0.287627 -0.449409 -0.227059 0.288845 -0.449589 -0.227762 0.290801 -0.449409 -0.223885 0.291504 -0.449589 -0.225103 0.295137 -0.449409 -0.222723 0.295137 -0.449589 -0.224129 0.299473 -0.449409 -0.223885 0.29877 -0.449589 -0.225103 0.302647 -0.449409 -0.227059 0.301429 -0.449589 -0.227762 0.303809 -0.449409 -0.231395 0.302402 -0.449589 -0.231395 0.301429 -0.449589 -0.235027 0.29877 -0.449589 -0.237687 0.29877 -0.450724 -0.237687 0.301429 -0.450724 -0.235027 0.295137 -0.449589 -0.23866 0.295137 -0.450724 -0.23866 0.291504 -0.449589 -0.237687 0.291504 -0.450724 -0.237687 0.288845 -0.449589 -0.235027 0.288845 -0.450724 -0.235027 0.287872 -0.449589 -0.231395 0.287872 -0.450724 -0.231395 0.288845 -0.449589 -0.227762 0.288845 -0.450724 -0.227762 0.291504 -0.449589 -0.225103 0.291504 -0.450724 -0.225103 0.295137 -0.449589 -0.224129 0.295137 -0.450724 -0.224129 0.29877 -0.449589 -0.225103 0.29877 -0.450724 -0.225103 0.301429 -0.449589 -0.227762 0.301429 -0.450724 -0.227762 0.302402 -0.449589 -0.231395 0.302402 -0.450724 -0.231395 0.301429 -0.449589 -0.235027 0.301429 -0.450724 -0.235027 </float_array>
          <technique_common>
            <accessor count="89" offset="0" source="#meshId98-positions-array" stride="3">
              <param name="X" type="float" />
              <param name="Y" type="float" />
              <param name="Z" type="float" />
            </accessor>
          </technique_common>
        </source>
        <source id="meshId98-normals" name="meshId98-normals">
          <float_array id="meshId98-normals-array" count="267"> 0.866024 0 -0.500002 0.500004 0 -0.866023 0.443767 0.460756 -0.768619 0.768616 0.460763 -0.443763 0 0 -1 -4.30793e-08 0.46076 -0.887525 -0.500001 0 -0.866025 -0.443764 0.460758 -0.768619 -0.866024 0 -0.500002 -0.768618 0.460761 -0.443764 -1 0 -1.13799e-08 -0.887526 0.460758 1.95203e-08 -0.866024 0 0.500002 -0.768618 0.46076 0.443764 -0.500001 0 0.866025 -0.443764 0.460757 0.76862 1.13799e-08 0 1 3.02901e-08 0.46076 0.887525 0.500004 0 0.866023 0.443767 0.460755 0.768619 0.866024 0 0.500002 0.768618 0.460761 0.443764 1 0 -1.13799e-08 0.88752 0.46077 -7.06765e-08 0.866024 0 -0.500002 0.768616 0.460763 -0.443763 -0.30405 0.936343 0.175544 -0.175548 0.936341 0.304055 0 1 2.77631e-07 -4.6545e-09 0.936341 0.351091 0.175545 0.936342 0.304053 0.304054 0.936341 0.175545 0.351092 0.936341 0 0.304052 0.936342 -0.175544 0.175543 0.936343 -0.30405 -4.65456e-09 0.936339 -0.351096 -0.175548 0.93634 -0.304056 -0.304048 0.936344 -0.175543 -0.351088 0.936342 0 0.768616 0.460763 -0.443763 0.443767 0.460756 -0.768619 -0.30235 0.796458 0.523679 -0.523678 0.796461 0.302344 -4.30793e-08 0.46076 -0.887525 -1.40019e-07 0.796459 0.604693 -0.443764 0.460758 -0.768619 0.302346 0.796459 0.523679 -0.768618 0.460761 -0.443764 0.523681 0.796458 0.302346 -0.887526 0.460758 1.95203e-08 0.604689 0.796461 5.33402e-08 -0.768618 0.46076 0.443764 0.52368 0.796459 -0.302346 -0.443764 0.460757 0.76862 0.302346 0.796458 -0.52368 3.02901e-08 0.46076 0.887525 -3.33378e-08 0.796459 -0.604692 0.443767 0.460755 0.768619 -0.30235 0.796456 -0.523681 0.768618 0.460761 0.443764 -0.52368 0.796458 -0.302346 0.88752 0.46077 -7.06765e-08 -0.604677 0.79647 -1.06678e-07 -0.523678 0.796461 0.302344 -0.30235 0.796458 0.523679 -0.175548 0.936341 0.304055 -0.30405 0.936343 0.175544 -1.40019e-07 0.796459 0.604693 -4.6545e-09 0.936341 0.351091 0.302346 0.796459 0.523679 0.175545 0.936342 0.304053 0.523681 0.796458 0.302346 0.304054 0.936341 0.175545 0.604689 0.796461 5.33402e-08 0.351092 0.936341 0 0.52368 0.796459 -0.302346 0.304052 0.936342 -0.175544 0.302346 0.796458 -0.52368 0.175543 0.936343 -0.30405 -3.33378e-08 0.796459 -0.604692 -4.65456e-09 0.936339 -0.351096 -0.30235 0.796456 -0.523681 -0.175548 0.93634 -0.304056 -0.52368 0.796458 -0.302346 -0.304048 0.936344 -0.175543 -0.604677 0.79647 -1.06678e-07 -0.351088 0.936342 0 -0.523678 0.796461 0.302344 -0.30405 0.936343 0.175544 </float_array>
          <technique_common>
            <accessor count="89" offset="0" source="#meshId98-normals-array" stride="3">
              <param name="X" type="float" />
              <param name="Y" type="float" />
              <param name="Z" type="float" />
            </accessor>
          </technique_common>
        </source>
        <source id="meshId98-tangents" name="meshId98-tangents">
          <float_array id="meshId98-tangents-array" count="267"> -0.500002 0 -0.866024 -0.866023 0 -0.500004 -0.866023 3.71227e-07 -0.500003 -0.545127 0.108746 -0.831271 -1 0 0 -1 -8.24457e-07 -3.73444e-07 -0.866025 0 0.500001 -0.866025 2.60413e-07 0.500001 -0.500002 0 0.866024 -0.500002 -9.04245e-07 0.866024 0 0 1 -1.94478e-07 -4.13336e-07 1 0.500002 0 0.866024 0.500003 1.54475e-06 0.866024 0.866025 0 0.500001 0.866025 -7.52429e-07 0.500001 1 0 0 1 7.87887e-07 -4.39932e-07 0.866023 0 -0.500004 0.866023 -8.86515e-09 -0.500004 0.500002 0 -0.866024 0.500003 -1.66443e-06 -0.866024 0 0 -1 -2.69277e-07 3.5682e-07 -1 -0.500002 0 -0.866024 -0.447343 -0.108744 -0.887727 0.682249 0.0854099 0.726114 0.725998 -0.0854698 0.682365 0.70704 -1.96334e-07 0.707173 0.729906 -0.239988 0.640033 0.688319 -0.337548 0.642089 0.641995 -0.337536 0.688413 0.639914 -0.239943 0.730026 0.682224 -0.0853986 0.726139 0.725992 0.0854733 0.682371 0.72989 0.239997 0.640048 0.68829 0.337556 0.642116 0.641957 0.337524 0.688454 0.639925 0.239944 0.730016 0.602706 -0.289075 0.743762 0.883519 -0.0814951 0.461252 0.933619 0.136668 0.331174 0.829575 0.396005 0.393682 0.995763 0.0816161 0.0423711 0.974028 -0.136919 0.18034 0.893843 0.289006 -0.342814 0.915177 -0.396172 0.0741567 0.622005 0.700356 -0.350158 0.806581 -0.577768 0.124944 0.363921 0.700995 0.613324 0.760916 -0.577703 0.295407 0.602705 0.289075 0.743763 0.829574 -0.396008 0.39368 0.88352 0.0814925 0.46125 0.93362 -0.136664 0.331175 0.995763 -0.0816142 0.0423701 0.974028 0.136918 0.180339 0.893842 -0.289 -0.342821 0.915177 0.396172 0.0741483 0.622003 -0.700362 -0.35015 0.806581 0.577768 0.124947 0.363939 -0.701007 0.6133 0.760927 0.577693 0.2954 0.632888 0.126146 0.763898 0.865971 -7.87679e-05 0.500094 0.865989 -2.56212e-05 0.500063 0.68226 0.0854155 0.726103 1 -5.19695e-05 6.86786e-05 1 -1.7539e-05 4.67741e-05 0.866052 -3.97174e-05 -0.499955 0.866045 -1.42132e-05 -0.499966 0.500055 -4.93432e-05 -0.865994 0.50004 -1.73466e-05 -0.866002 6.93654e-05 -5.26008e-05 -1 4.36756e-05 -1.63774e-05 -1 -0.499941 -5.07768e-05 -0.86606 -0.499963 -1.55231e-05 -0.866047 -0.865987 -5.89122e-05 -0.500067 -0.865997 -2.1478e-05 -0.500049 -1 -4.90746e-05 -6.46022e-05 -1 -1.59678e-05 -4.25696e-05 -0.866054 -4.68847e-05 0.49995 -0.866043 -1.48441e-05 0.499969 -0.500046 -4.14191e-05 0.865999 -0.50003 -1.29039e-05 0.866008 -6.55541e-05 -4.96514e-05 1 -4.41764e-05 -1.65584e-05 1 0.344958 -0.126258 0.930088 0.287591 -0.0854551 0.953933 </float_array>
          <technique_common>
            <accessor count="89" offset="0" source="#meshId98-tangents-array" stride="3">
              <param name="X" type="float" />
              <param name="Y" type="float" />
              <param name="Z" type="float" />
            </accessor>
          </technique_common>
        </source>
        <source id="meshId98-bitangents" name="meshId98-bitangents">
          <float_array id="meshId98-bitangents-array" count="267"> 0 1 0 0 1 0 -0.230379 0.887527 0.399026 -0.334762 0.880836 0.334758 0 1 0 -9.03794e-07 0.887525 0.46076 0 1 0 0.23038 0.887526 0.399028 0 1 0 0.399029 0.887524 0.230382 0 1 -0 0.460758 0.887526 4.56454e-07 0 1 -0 0.399029 0.887525 -0.230383 0 1 -0 0.23038 0.887526 -0.399027 0 1 0 -9.01972e-07 0.887525 -0.46076 -0 1 0 -0.230379 0.887527 -0.399025 -0 1 0 -0.399029 0.887524 -0.230383 0 1 0 -0.46077 0.88752 4.4076e-07 0 1 0 -0.457289 0.880836 0.122537 0.664898 0.34054 -0.664788 0.664913 0.340531 -0.664778 0.707173 1.96297e-07 -0.70704 0.683547 0.256264 -0.683441 0.703847 0.0965701 -0.703756 0.703842 -0.0966153 -0.703755 0.683553 -0.256306 -0.68342 0.664923 -0.340544 -0.664761 0.664922 -0.340524 -0.664773 0.683564 -0.256262 -0.683425 0.703875 -0.0965559 -0.703731 0.703879 0.0966326 -0.703716 0.683545 0.2563 -0.68343 0.214417 -0.839126 -0.499892 0.149886 -0.883777 -0.443252 0.192196 0.589047 -0.78491 0.193822 0.456979 -0.868103 0.0919592 -0.883764 -0.458808 0.226428 0.588988 -0.775773 0.064181 -0.839153 -0.540095 0.26653 0.456838 -0.848682 0.149454 -0.545161 -0.824902 0.274198 0.178436 -0.944974 0.282594 0.544341 -0.789831 0.23528 -0.178629 -0.955372 0.214415 0.839128 -0.49989 0.193818 -0.45698 -0.868103 0.149887 0.883777 -0.443251 0.192199 -0.589048 -0.784909 0.0919571 0.883764 -0.458808 0.226426 -0.588987 -0.775774 0.0641746 0.839156 -0.540091 0.266524 -0.456842 -0.848681 0.14946 0.545154 -0.824905 0.274201 -0.178435 -0.944974 0.28259 -0.544316 -0.78985 0.235277 0.178621 -0.955374 0.570275 0.591386 -0.57013 0.398345 0.604694 -0.689686 0.468237 0.351093 -0.810856 0.664887 0.340539 -0.6648 8.61252e-05 0.604693 -0.796459 4.99543e-05 0.351091 -0.936341 -0.398173 0.604693 -0.689787 -0.468135 0.35109 -0.810916 -0.689713 0.604694 -0.398298 -0.810871 0.351091 -0.468213 -0.796461 0.604689 -8.7054e-05 -0.936341 0.351092 -4.66452e-05 -0.689796 0.604693 0.398155 -0.810919 0.351089 0.468132 -0.398313 0.604694 0.689705 -0.468224 0.351087 0.810867 -8.11281e-05 0.604692 0.796459 -4.54658e-05 0.351096 0.936339 0.398164 0.604696 0.689789 0.468137 0.351094 0.810914 0.689719 0.604694 0.398288 0.810879 0.351085 0.468204 0.79647 0.604677 8.2235e-05 0.936342 0.351088 4.71777e-05 0.778951 0.591362 -0.208627 0.90821 0.340529 -0.243301 </float_array>
          <technique_common>
            <accessor count="89" offset="0" source="#meshId98-bitangents-array" stride="3">
              <param name="X" type="float" />
              <param name="Y" type="float" />
              <param name="Z" type="float" />
            </accessor>
          </technique_common>
        </source>
        <source id="meshId98-tex0" name="meshId98-tex0">
          <float_array id="meshId98-tex0-array" count="178"> 0.416768 0.348796 0.418059 0.348796 0.418059 0.349434 0.416767 0.349434 0.419351 0.348796 0.419351 0.349434 0.420642 0.348796 0.420642 0.349434 0.421934 0.348796 0.421934 0.349434 0.423225 0.348796 0.423225 0.349434 0.424517 0.348796 0.424517 0.349434 0.425808 0.348796 0.425808 0.349434 0.4271 0.348796 0.4271 0.349434 0.428392 0.348796 0.428392 0.349434 0.429683 0.348796 0.429683 0.349434 0.430974 0.348796 0.430974 0.349434 0.432266 0.348796 0.432266 0.349434 0.423621 0.35442 0.42254 0.35442 0.423081 0.352401 0.421603 0.353879 0.421062 0.352942 0.421062 0.35186 0.421603 0.350924 0.42254 0.350383 0.423622 0.350383 0.424559 0.350924 0.425099 0.351861 0.425099 0.352943 0.424558 0.353879 0.420089 0.355364 0.418969 0.35601 0.418863 0.355616 0.4198 0.355076 0.417676 0.35601 0.417782 0.355616 0.416556 0.355364 0.416845 0.355075 0.41591 0.354244 0.416304 0.354139 0.41591 0.352951 0.416304 0.353057 0.416556 0.351832 0.416845 0.35212 0.417676 0.351185 0.417782 0.351579 0.418969 0.351185 0.418864 0.351579 0.420089 0.351832 0.4198 0.35212 0.420735 0.352952 0.420341 0.353057 0.420735 0.354244 0.420341 0.354139 0.409059 0.348343 0.407978 0.348343 0.407978 0.348017 0.409059 0.348017 0.406898 0.348343 0.406898 0.348017 0.405817 0.348343 0.405817 0.348016 0.404737 0.348342 0.404737 0.348016 0.403656 0.348342 0.403656 0.348016 0.402575 0.348342 0.402575 0.348016 0.401495 0.348342 0.401495 0.348016 0.400414 0.348342 0.400414 0.348016 0.399333 0.348342 0.399334 0.348015 0.398253 0.348342 0.398253 0.348015 0.397172 0.348341 0.397172 0.348015 0.396092 0.348341 0.396092 0.348015 </float_array>
          <technique_common>
            <accessor count="89" offset="0" source="#meshId98-tex0-array" stride="2">
              <param name="S" type="float" />
              <param name="T" type="float" />
            </accessor>
          </technique_common>
        </source>
        <vertices id="meshId98-vertices">
          <input semantic="POSITION" source="#meshId98-positions" />
        </vertices>
        <polylist count="84" material="defaultMaterial">
          <input offset="0" semantic="VERTEX" source="#meshId98-vertices" />
          <input offset="0" semantic="NORMAL" source="#meshId98-normals" />
          <input offset="0" semantic="TANGENT" source="#meshId98-tangents" />
          <input offset="0" semantic="BINORMAL" source="#meshId98-bitangents" />
          <input offset="0" semantic="TEXCOORD" source="#meshId98-tex0" set="0" />
          <vcount>3 3 3 3 3 3 3 3 3 3 3 3 3 3 3 3 3 3 3 3 3 3 3 3 3 3 3 3 3 3 3 3 3 3 3 3 3 3 3 3 3 3 3 3 3 3 3 3 3 3 3 3 3 3 3 3 3 3 3 3 3 3 3 3 3 3 3 3 3 3 3 3 3 3 3 3 3 3 3 3 3 3 3 3 </vcount>
          <p>3 0 1 1 2 3 2 1 4 4 5 2 5 4 6 6 7 5 7 6 8 8 9 7 9 8 10 10 11 9 11 10 12 12 13 11 13 12 14 14 15 13 15 14 16 16 17 15 17 16 18 18 19 17 19 18 20 20 21 19 21 20 22 22 23 21 23 22 24 24 25 23 26 27 28 27 29 28 29 30 28 30 31 28 31 32 28 32 33 28 33 34 28 34 35 28 35 36 28 36 37 28 37 38 28 38 26 28 42 39 40 40 41 42 41 40 43 43 44 41 44 43 45 45 46 44 46 45 47 47 48 46 48 47 49 49 50 48 50 49 51 51 52 50 52 51 53 53 54 52 54 53 55 55 56 54 56 55 57 57 58 56 58 57 59 59 60 58 60 59 61 61 62 60 62 61 39 39 42 62 66 63 64 64 65 66 65 64 67 67 68 65 68 67 69 69 70 68 70 69 71 71 72 70 72 71 73 73 74 72 74 73 75 75 76 74 76 75 77 77 78 76 78 77 79 79 80 78 80 79 81 81 82 80 82 81 83 83 84 82 84 83 85 85 86 84 86 85 87 87 88 86 </p>
        </polylist>
      </mesh>
    </geometry>
    <geometry id="meshId99" name="meshId99_name" >
      <mesh>
        <source id="meshId99-positions" name="meshId99-positions">
          <float_array id="meshId99-positions-array" count="759"> 0.319194 -0.406219 -0.227152 0.318136 -0.406219 -0.227921 0.318192 -0.406219 -0.228094 0.319341 -0.406219 -0.227259 0.316828 -0.406219 -0.227921 0.316772 -0.406219 -0.228094 0.31577 -0.406219 -0.227152 0.315623 -0.406219 -0.227259 0.31577 -0.406219 -0.227152 0.315365 -0.406219 -0.225908 0.315184 -0.406219 -0.225908 0.315623 -0.406219 -0.227259 0.31577 -0.406219 -0.224664 0.315623 -0.406219 -0.224557 0.316828 -0.406219 -0.223895 0.316772 -0.406219 -0.223722 0.318136 -0.406219 -0.223895 0.318192 -0.406219 -0.223722 0.319194 -0.406219 -0.224664 0.319341 -0.406219 -0.224557 0.319598 -0.406219 -0.225908 0.31978 -0.406219 -0.225908 0.318211 -0.406153 -0.228151 0.31939 -0.406153 -0.227294 0.316753 -0.406153 -0.228151 0.315574 -0.406153 -0.227294 0.315123 -0.406153 -0.225908 0.315574 -0.406153 -0.227294 0.315574 -0.406153 -0.224521 0.316753 -0.406153 -0.223664 0.318211 -0.406153 -0.223664 0.31939 -0.406153 -0.224521 0.319841 -0.406153 -0.225908 0.319401 -0.428125 -0.231815 0.319309 -0.426372 -0.231531 0.322265 -0.426372 -0.229383 0.322507 -0.428125 -0.229558 0.31905 -0.424784 -0.230734 0.321587 -0.424784 -0.228891 0.323394 -0.426372 -0.225908 0.323693 -0.428125 -0.225908 0.322556 -0.424784 -0.225908 0.322265 -0.426372 -0.222432 0.322507 -0.428125 -0.222257 0.321587 -0.424784 -0.222925 0.319309 -0.426372 -0.220285 0.319401 -0.428125 -0.220001 0.31905 -0.424784 -0.221082 0.315655 -0.426372 -0.220285 0.315563 -0.428125 -0.220001 0.315914 -0.424784 -0.221082 0.312698 -0.426372 -0.222432 0.312457 -0.428125 -0.222257 0.313377 -0.424784 -0.222925 0.311569 -0.426372 -0.225908 0.311271 -0.428125 -0.225908 0.312407 -0.424784 -0.225908 0.312698 -0.426372 -0.229383 0.312457 -0.428125 -0.229558 0.313377 -0.424784 -0.228891 0.312457 -0.428125 -0.229558 0.312698 -0.426372 -0.229383 0.315655 -0.426372 -0.231531 0.315563 -0.428125 -0.231815 0.313377 -0.424784 -0.228891 0.315914 -0.424784 -0.230734 0.31879 -0.423659 -0.229933 0.320906 -0.423659 -0.228396 0.321714 -0.423659 -0.225908 0.320906 -0.423659 -0.22342 0.31879 -0.423659 -0.221882 0.316174 -0.423659 -0.221882 0.314058 -0.423659 -0.22342 0.313249 -0.423659 -0.225908 0.314058 -0.423659 -0.228396 0.314058 -0.423659 -0.228396 0.316174 -0.423659 -0.229933 0.3202 -0.421532 -0.227882 0.320393 -0.422468 -0.228023 0.318594 -0.422468 -0.22933 0.31852 -0.421532 -0.229103 0.31637 -0.422468 -0.22933 0.316444 -0.421532 -0.229103 0.32108 -0.422468 -0.225908 0.320841 -0.421532 -0.225908 0.314571 -0.422468 -0.228023 0.314764 -0.421532 -0.227882 0.314764 -0.421532 -0.227882 0.314571 -0.422468 -0.228023 0.313884 -0.422468 -0.225908 0.314122 -0.421532 -0.225908 0.314571 -0.422468 -0.223793 0.314764 -0.421532 -0.223933 0.31637 -0.422468 -0.222486 0.316444 -0.421532 -0.222713 0.318594 -0.422468 -0.222486 0.31852 -0.421532 -0.222713 0.320393 -0.422468 -0.223793 0.3202 -0.421532 -0.223933 0.319696 -0.410649 -0.227517 0.318328 -0.410649 -0.228511 0.3182 -0.407083 -0.22812 0.319363 -0.407083 -0.227275 0.316636 -0.410649 -0.228511 0.316763 -0.407083 -0.22812 0.315267 -0.410649 -0.227517 0.315601 -0.407083 -0.227275 0.315267 -0.410649 -0.227517 0.314745 -0.410649 -0.225908 0.315156 -0.407083 -0.225908 0.315601 -0.407083 -0.227275 0.315267 -0.410649 -0.224299 0.315601 -0.407083 -0.224541 0.316636 -0.410649 -0.223305 0.316763 -0.407083 -0.223696 0.318328 -0.410649 -0.223305 0.3182 -0.407083 -0.223696 0.319696 -0.410649 -0.224299 0.319363 -0.407083 -0.224541 0.320219 -0.410649 -0.225908 0.319807 -0.407083 -0.225908 0.320113 -0.417793 -0.227819 0.318487 -0.417793 -0.229 0.320734 -0.417793 -0.225908 0.316477 -0.417793 -0.229 0.314851 -0.417793 -0.227819 0.314851 -0.417793 -0.227819 0.31423 -0.417793 -0.225908 0.314851 -0.417793 -0.223996 0.316477 -0.417793 -0.222815 0.318487 -0.417793 -0.222815 0.320113 -0.417793 -0.223996 0.319967 -0.414218 -0.227713 0.318431 -0.414218 -0.228829 0.316533 -0.414218 -0.228829 0.320553 -0.414218 -0.225908 0.314997 -0.414218 -0.227713 0.314997 -0.414218 -0.227713 0.31441 -0.414218 -0.225908 0.314997 -0.414218 -0.224102 0.316533 -0.414218 -0.222987 0.318431 -0.414218 -0.222987 0.319967 -0.414218 -0.224102 0.319387 -0.406059 -0.227292 0.319313 -0.405992 -0.227238 0.319745 -0.405992 -0.225908 0.319837 -0.406059 -0.225908 0.31821 -0.406059 -0.228147 0.318181 -0.405992 -0.22806 0.316754 -0.406059 -0.228147 0.316783 -0.405992 -0.22806 0.315577 -0.406059 -0.227292 0.315651 -0.405992 -0.227238 0.315651 -0.405992 -0.227238 0.315577 -0.406059 -0.227292 0.315127 -0.406059 -0.225908 0.315219 -0.405992 -0.225908 0.315577 -0.406059 -0.224524 0.315651 -0.405992 -0.224578 0.316754 -0.406059 -0.223668 0.316783 -0.405992 -0.223756 0.31821 -0.406059 -0.223668 0.318181 -0.405992 -0.223756 0.319387 -0.406059 -0.224524 0.319313 -0.405992 -0.224578 0.319165 -0.405992 -0.227131 0.319092 -0.40606 -0.227077 0.319472 -0.40606 -0.225908 0.319562 -0.405992 -0.225908 0.318125 -0.405992 -0.227886 0.318097 -0.40606 -0.2278 0.316839 -0.405992 -0.227886 0.316867 -0.40606 -0.2278 0.315799 -0.405992 -0.227131 0.315872 -0.40606 -0.227077 0.315872 -0.40606 -0.227077 0.315799 -0.405992 -0.227131 0.315402 -0.405992 -0.225908 0.315492 -0.40606 -0.225908 0.315799 -0.405992 -0.224685 0.315872 -0.40606 -0.224738 0.316839 -0.405992 -0.223929 0.316867 -0.40606 -0.224016 0.318125 -0.405992 -0.223929 0.318097 -0.40606 -0.224016 0.319165 -0.405992 -0.224685 0.319092 -0.40606 -0.224738 0.319092 -0.40606 -0.227077 0.318097 -0.40606 -0.2278 0.318097 -0.423971 -0.2278 0.319092 -0.423971 -0.227077 0.316867 -0.40606 -0.2278 0.316867 -0.423971 -0.2278 0.315872 -0.40606 -0.227077 0.315872 -0.423971 -0.227077 0.315872 -0.40606 -0.227077 0.315492 -0.40606 -0.225908 0.315492 -0.423971 -0.225908 0.315872 -0.423971 -0.227077 0.315872 -0.40606 -0.224738 0.315872 -0.423971 -0.224738 0.316867 -0.40606 -0.224016 0.316867 -0.423971 -0.224016 0.318097 -0.40606 -0.224016 0.318097 -0.423971 -0.224016 0.319092 -0.40606 -0.224738 0.319092 -0.423971 -0.224738 0.319472 -0.40606 -0.225908 0.319472 -0.423971 -0.225908 0.319454 -0.407072 -0.22734 0.319511 -0.406983 -0.227382 0.31999 -0.406983 -0.225908 0.319919 -0.407072 -0.225908 0.318235 -0.407072 -0.228226 0.318257 -0.406983 -0.228293 0.316729 -0.407072 -0.228226 0.316707 -0.406983 -0.228293 0.31551 -0.407072 -0.22734 0.315453 -0.406983 -0.227382 0.315453 -0.406983 -0.227382 0.31551 -0.407072 -0.22734 0.315045 -0.407072 -0.225908 0.314974 -0.406983 -0.225908 0.31551 -0.407072 -0.224475 0.315453 -0.406983 -0.224434 0.316729 -0.407072 -0.22359 0.316707 -0.406983 -0.223522 0.318235 -0.407072 -0.22359 0.318257 -0.406983 -0.223522 0.319454 -0.407072 -0.224475 0.319511 -0.406983 -0.224434 0.319363 -0.407083 -0.227275 0.3182 -0.407083 -0.22812 0.316763 -0.407083 -0.22812 0.315601 -0.407083 -0.227275 0.315601 -0.407083 -0.227275 0.315156 -0.407083 -0.225908 0.315601 -0.407083 -0.224541 0.316763 -0.407083 -0.223696 0.3182 -0.407083 -0.223696 0.319363 -0.407083 -0.224541 0.319807 -0.407083 -0.225908 0.318136 -0.406219 -0.227921 0.319194 -0.406219 -0.227152 0.316828 -0.406219 -0.227921 0.31577 -0.406219 -0.227152 0.315365 -0.406219 -0.225908 0.31577 -0.406219 -0.227152 0.31577 -0.406219 -0.224664 0.316828 -0.406219 -0.223895 0.318136 -0.406219 -0.223895 0.319194 -0.406219 -0.224664 0.319598 -0.406219 -0.225908 </float_array>
          <technique_common>
            <accessor count="253" offset="0" source="#meshId99-positions-array" stride="3">
              <param name="X" type="float" />
              <param name="Y" type="float" />
              <param name="Z" type="float" />
            </accessor>
          </technique_common>
        </source>
        <source id="meshId99-normals" name="meshId99-normals">
          <float_array id="meshId99-normals-array" count="759"> 0.782466 0.254106 -0.568487 0.298894 0.254059 -0.919846 0.105207 -0.940254 -0.323813 0.275424 -0.940267 -0.200097 -0.298877 0.254027 -0.91986 -0.105205 -0.940258 -0.323802 -0.782478 0.254046 -0.568497 -0.275475 -0.94024 -0.200156 -0.782478 0.254046 -0.568497 -0.967188 0.254063 4.9645e-06 -0.340573 -0.940218 5.24333e-06 -0.275475 -0.94024 -0.200156 -0.782468 0.254074 0.568499 -0.275459 -0.94025 0.20013 -0.298869 0.254082 0.919847 -0.105205 -0.940262 0.323788 0.298884 0.254113 0.919834 0.105199 -0.94026 0.323797 0.782449 0.254153 0.568489 0.275416 -0.940271 0.200093 0.967169 0.254135 1.26153e-06 0.340431 -0.94027 5.00195e-06 0.29429 -0.304681 -0.905849 0.770518 -0.304859 -0.559788 -0.294313 -0.304537 -0.90589 -0.770586 -0.304596 -0.559838 -0.952454 -0.304684 3.73614e-06 -0.770586 -0.304596 -0.559838 -0.770578 -0.30474 0.559771 -0.294279 -0.304726 0.905838 0.294251 -0.30496 0.905768 0.770482 -0.305112 0.5597 0.95237 -0.304947 1.16166e-06 0.304646 0.167654 -0.937594 0.294318 0.304787 -0.905804 0.770529 0.304784 -0.559815 0.797575 0.167631 -0.579461 0.264991 0.514405 -0.815578 0.693765 0.514409 -0.504057 0.952422 0.304781 -2.9062e-07 0.985854 0.167605 -7.13606e-08 0.857541 0.514415 -5.16074e-07 0.770525 0.304788 0.559818 0.797573 0.167625 0.579465 0.693759 0.514418 0.504057 0.294318 0.30479 0.905804 0.304648 0.167643 0.937596 0.264989 0.514416 0.815572 -0.294325 0.304781 0.905804 -0.304636 0.167631 0.937602 -0.264997 0.514416 0.815569 -0.77053 0.304784 0.559812 -0.797565 0.167638 0.579472 -0.693761 0.514423 0.504049 -0.95242 0.304788 2.01558e-07 -0.985847 0.167644 -7.13604e-08 -0.857534 0.514427 9.10874e-07 -0.770533 0.304775 -0.559813 -0.797573 0.167617 -0.579466 -0.693764 0.514423 -0.504045 -0.797573 0.167617 -0.579466 -0.770533 0.304775 -0.559813 -0.294329 0.304779 -0.905804 -0.304641 0.167628 -0.9376 -0.693764 0.514423 -0.504045 -0.264997 0.514414 -0.81557 0.258176 0.549588 -0.794543 0.675894 0.549568 -0.491062 0.835452 0.549563 -4.39109e-07 0.675887 0.549572 0.491068 0.258173 0.549591 0.794542 -0.258161 0.549597 0.794541 -0.675881 0.549597 0.491048 -0.835429 0.549598 1.10159e-06 -0.675887 0.549596 -0.491042 -0.675887 0.549596 -0.491042 -0.258164 0.549597 -0.79454 0.806577 0.0777793 -0.585989 0.743809 0.393334 -0.540404 0.284108 0.393326 -0.874401 0.308075 0.0777718 -0.948178 -0.284122 0.39334 -0.87439 -0.308076 0.0777832 -0.948177 0.919383 0.393364 6.26285e-08 0.99697 0.0777867 1.29874e-07 -0.743821 0.393327 -0.540392 -0.806566 0.0777846 -0.586004 -0.806566 0.0777846 -0.586004 -0.743821 0.393327 -0.540392 -0.919402 0.393318 7.09794e-07 -0.996971 0.0777754 1.41682e-07 -0.743818 0.393319 0.540403 -0.806566 0.0777759 0.586006 -0.284121 0.393325 0.874397 -0.308071 0.0777784 0.948178 0.284106 0.393328 0.874401 0.308078 0.0777732 0.948177 0.743801 0.393344 0.540407 0.806573 0.0777772 0.585995 0.804717 0.10306 -0.584644 0.30737 0.103061 -0.945993 0.308015 0.0804091 -0.947977 0.806401 0.0804115 -0.585877 -0.307368 0.103059 -0.945994 -0.308017 0.0804047 -0.947977 -0.804713 0.103055 -0.584651 -0.806393 0.0804031 -0.585889 -0.804713 0.103055 -0.584651 -0.994676 0.103052 -8.5927e-08 -0.996763 0.0803974 -9.1105e-08 -0.806393 0.0804031 -0.585889 -0.804707 0.103052 0.584659 -0.806386 0.0804014 0.585899 -0.307364 0.103053 0.945995 -0.308011 0.0804037 0.947979 0.307367 0.103057 0.945994 0.308007 0.0804111 0.94798 0.804711 0.103059 0.584653 0.806392 0.0804235 0.585888 0.994675 0.103057 9.5475e-08 0.996761 0.0804167 2.9216e-07 0.808413 0.0389791 -0.587324 0.308777 0.0389814 -0.950336 0.99924 0.0389757 1.57365e-07 -0.308778 0.0389843 -0.950335 -0.808404 0.0389851 -0.587335 -0.808404 0.0389851 -0.587335 -0.99924 0.0389821 7.86826e-09 -0.808396 0.0389855 0.587346 -0.308767 0.038991 0.950338 0.308778 0.038988 0.950335 0.808407 0.0389796 0.587332 0.807005 0.0706328 -0.586305 0.308241 0.0706311 -0.948683 -0.308246 0.070629 -0.948681 0.997502 0.0706363 1.20319e-07 -0.807001 0.0706341 -0.58631 -0.807001 0.0706341 -0.58631 -0.997502 0.070643 0 -0.806994 0.0706389 0.58632 -0.308238 0.0706312 0.948684 0.308239 0.0706315 0.948683 0.806997 0.0706359 0.586316 0.714524 0.469046 -0.519087 0.245674 0.95278 -0.178477 0.303614 0.952795 1.94353e-06 0.883063 0.469254 -1.37297e-06 0.272986 0.468927 -0.839992 0.0938666 0.952774 -0.288809 -0.273008 0.469025 -0.83993 -0.0938564 0.952764 -0.288845 -0.714585 0.468882 -0.519151 -0.245707 0.952763 -0.178525 -0.245707 0.952763 -0.178525 -0.714585 0.468882 -0.519151 -0.883298 0.468812 -7.19408e-07 -0.303682 0.952774 -2.8754e-06 -0.714503 0.468911 0.519238 -0.24567 0.952787 0.178449 -0.272963 0.469036 0.839939 -0.0938171 0.952779 0.288809 0.272961 0.468962 0.83998 0.0938441 0.952784 0.288782 0.714457 0.469045 0.51918 0.245638 0.952802 0.178412 -0.147047 0.983342 0.106845 -0.809013 0.00596359 0.587761 -0.999982 0.0059641 -1.03922e-08 -0.181768 0.983342 2.51985e-06 -0.0561283 0.983352 0.172824 -0.309014 0.00596541 0.951039 0.0561315 0.98335 0.172836 0.30902 0.00596542 0.951037 0.147041 0.983349 0.106789 0.809013 0.00596498 0.587761 0.809013 0.00596498 0.587761 0.147041 0.983349 0.106789 0.181757 0.983344 -7.63087e-07 0.999982 0.00596696 -6.23533e-08 0.147046 0.983346 -0.106807 0.808999 0.00596573 -0.587779 0.056132 0.98335 -0.172834 0.309009 0.00596566 -0.951041 -0.0561257 0.983354 -0.172814 -0.309002 0.00596523 -0.951043 -0.14704 0.983344 -0.106839 -0.809 0.00596358 -0.587779 -0.809013 0.00596359 0.587761 -0.309014 0.00596541 0.951039 -0.309019 0 0.951056 -0.809027 0 0.587771 0.30902 0.00596542 0.951037 0.309025 0 0.951054 0.809013 0.00596498 0.587761 0.809027 0 0.587771 0.809013 0.00596498 0.587761 0.999982 0.00596696 -6.23533e-08 1 0 2.08785e-08 0.809027 0 0.587771 0.808999 0.00596573 -0.587779 0.809014 0 -0.587789 0.309009 0.00596566 -0.951041 0.309014 0 -0.951058 -0.309002 0.00596523 -0.951043 -0.309007 0 -0.95106 -0.809 0.00596358 -0.587779 -0.809014 0 -0.587789 -0.999982 0.0059641 -1.03922e-08 -1 0 -1.04392e-08 0.442999 -0.836763 -0.321837 0.758279 0.348595 -0.550904 0.937265 0.348619 -4.35618e-07 0.547637 -0.836716 4.00941e-07 0.169181 -0.836726 -0.520833 0.289652 0.348609 -0.891389 -0.169176 -0.836701 -0.520876 -0.289655 0.348613 -0.891386 -0.44305 -0.836702 -0.321925 -0.758281 0.348591 -0.550903 -0.758281 0.348591 -0.550903 -0.44305 -0.836702 -0.321925 -0.547697 -0.836677 4.64808e-06 -0.937286 0.348562 2.02081e-06 -0.443079 -0.836678 0.321949 -0.758266 0.348606 0.550914 -0.169204 -0.836678 0.520903 -0.28965 0.348638 0.891378 0.169182 -0.836685 0.520899 0.289644 0.348649 0.891375 0.443095 -0.836689 0.321899 0.758256 0.348633 0.550911 0.806401 0.0804115 -0.585877 0.308015 0.0804091 -0.947977 -0.308017 0.0804047 -0.947977 -0.806393 0.0804031 -0.585889 -0.806393 0.0804031 -0.585889 -0.996763 0.0803974 -9.1105e-08 -0.806386 0.0804014 0.585899 -0.308011 0.0804037 0.947979 0.308007 0.0804111 0.94798 0.806392 0.0804235 0.585888 0.996761 0.0804167 2.9216e-07 0.298894 0.254059 -0.919846 0.782466 0.254106 -0.568487 -0.298877 0.254027 -0.91986 -0.782478 0.254046 -0.568497 -0.967188 0.254063 4.9645e-06 -0.782478 0.254046 -0.568497 -0.782468 0.254074 0.568499 -0.298869 0.254082 0.919847 0.298884 0.254113 0.919834 0.782449 0.254153 0.568489 0.967169 0.254135 1.26153e-06 </float_array>
          <technique_common>
            <accessor count="253" offset="0" source="#meshId99-normals-array" stride="3">
              <param name="X" type="float" />
              <param name="Y" type="float" />
              <param name="Z" type="float" />
            </accessor>
          </technique_common>
        </source>
        <source id="meshId99-tangents" name="meshId99-tangents">
          <float_array id="meshId99-tangents-array" count="759"> -0.599026 0.05786 -0.798637 -0.95425 0.0879669 -0.285777 -0.994109 -0.0909093 -0.0590123 -0.71346 -0.0604287 -0.698086 -0.934691 0.116436 0.335851 -0.786344 -0.12067 0.605889 -0.58114 0.0299259 0.813253 -0.507424 -0.0346208 0.861 -0.595035 -0.0360589 0.802891 -0.0315476 -0.120118 0.992258 -0.339814 0.123095 0.932402 -0.669197 0.0380852 0.742109 0.56687 -0.0871657 0.819183 0.364769 0.0903813 0.926701 0.944828 -0.0566415 0.322631 0.885462 0.0596313 0.46087 0.952902 -0.0275133 -0.302028 0.972702 0.0295661 -0.230168 0.587645 0.000678866 -0.809118 0.586823 -0.000422793 -0.809715 -0.00760357 0.0289421 -0.999552 -0.0838791 -0.0303743 -0.996013 -0.940317 -0.261767 -0.217443 -0.622967 -0.174222 -0.7626 -0.847534 -0.354872 0.394653 -0.477952 -0.304905 0.823768 -0.114412 0.357669 0.926813 -0.63572 0.304826 0.709184 0.497769 0.260759 0.827183 0.918028 0.173425 0.356579 0.955701 0.0868012 -0.281248 0.587633 -0.000351675 -0.809127 -0.028007 -0.0874715 -0.995773 -0.839038 -0.418653 -0.347483 -0.829632 -0.38902 -0.400467 -0.50446 -0.245263 -0.827869 -0.530194 -0.263339 -0.805945 -0.797373 -0.358699 -0.485316 -0.456576 -0.227126 -0.860205 0.0400478 -0.125148 -0.991329 0.0226523 -0.133242 -0.990825 0.0698619 -0.116462 -0.990735 0.592285 -0.017781 -0.805532 0.590157 -0.0179814 -0.807088 0.595834 -0.0167977 -0.802932 0.938254 0.0881566 -0.334526 0.941714 0.0944735 -0.322878 0.931814 0.0809245 -0.3538 0.949188 0.203721 0.239875 0.939177 0.216745 0.266397 0.962972 0.184712 0.196385 0.637138 0.342933 0.690255 0.596583 0.361439 0.716554 0.697988 0.307752 0.646608 0.164499 0.514037 0.841847 0.090125 0.529988 0.843202 0.281522 0.469288 0.836967 -0.24272 0.671808 0.699829 -0.349031 0.655251 0.669943 -0.0539732 0.660761 0.748654 -0.505529 -0.709841 0.490477 -0.574433 -0.71266 0.402669 -0.821624 -0.564815 0.0769305 -0.789858 -0.594578 0.150336 -0.680779 -0.696789 0.225885 -0.849535 -0.524669 -0.0548975 -0.789247 -0.354323 -0.501542 -0.443735 -0.228543 -0.866526 0.0781414 -0.118792 -0.98984 0.596405 -0.0163983 -0.802516 0.928939 0.0846828 -0.360419 0.964744 0.190245 0.181867 0.710529 0.308903 0.63224 0.30034 0.456536 0.837479 -0.0273147 0.647128 0.761892 -0.695741 -0.69561 0.179083 -0.854933 -0.512984 -0.077053 -0.546884 -0.278114 -0.789665 -0.473146 -0.261222 -0.841366 -0.809249 -0.390722 -0.438695 -0.857888 -0.408107 -0.312213 -0.842328 -0.538033 0.0316721 -0.814153 -0.53717 0.220463 0.0592524 -0.138487 -0.98859 0.0115382 -0.147881 -0.988938 -0.61175 -0.72633 0.313379 -0.477658 -0.669783 0.568537 -0.448943 0.564311 0.692823 -0.182875 0.657895 0.730569 0.208328 0.486976 0.848206 0.0368828 0.472784 0.880406 0.663812 0.340323 0.665983 0.572218 0.351555 0.740929 0.95313 0.214806 0.213079 0.930943 0.230033 0.283602 0.93304 0.0965282 -0.34658 0.943062 0.106393 -0.315143 0.594641 -0.0202118 -0.803737 0.588911 -0.0198246 -0.807955 -0.565886 -0.164526 -0.807901 -0.916051 -0.237099 -0.323472 -0.919408 -0.230992 -0.318325 -0.569755 -0.159759 -0.806137 -0.91559 -0.302882 0.264493 -0.915241 -0.29707 0.272184 -0.577345 -0.365172 0.730289 -0.572613 -0.353756 0.739575 -0.51828 0.358327 0.776523 0.030723 0.296546 0.954524 0.0239142 0.296489 0.954737 -0.526103 0.354926 0.772815 0.59121 0.2287 0.773412 0.587293 0.225276 0.777391 0.94455 0.153761 0.290144 0.943876 0.150748 0.293892 0.945887 0.0756001 -0.315568 0.94658 0.0741021 -0.313838 0.588168 -0.00467382 -0.808726 0.588125 -0.00523564 -0.808753 0.00892795 -0.0861693 -0.99624 0.00679855 -0.0842642 -0.99642 -0.566135 -0.221635 -0.793958 -0.897738 -0.318122 -0.304736 0.00461238 -0.118245 -0.992974 -0.876215 -0.400346 0.268272 -0.533761 -0.469209 0.703521 -0.525971 0.400125 0.750503 0.0142323 0.364821 0.930969 0.571981 0.28772 0.76815 0.935289 0.194084 0.295915 0.945852 0.0925659 -0.311119 0.588129 -0.0125719 -0.808669 -0.567217 -0.183579 -0.802848 -0.911724 -0.262744 -0.315794 -0.904899 -0.32944 0.269493 0.00692351 -0.0977698 -0.995185 -0.564125 -0.385866 0.729979 -0.528095 0.358055 0.770008 0.0219683 0.310199 0.950418 0.58378 0.245424 0.77393 0.941248 0.167295 0.293366 0.94614 0.0810504 -0.313448 0.588247 -0.00845385 -0.808637 -0.510487 -0.157809 -0.845281 -0.43194 -0.0572306 -0.900085 0.0896966 -0.0285804 -0.995559 0.0420889 -0.0792076 -0.995969 -0.877561 -0.236373 -0.417151 -0.82924 -0.0857138 -0.552281 -0.937484 -0.325609 0.122893 -0.990464 -0.118749 -0.0698601 -0.699507 -0.470848 0.53758 -0.952973 -0.20372 0.224368 0.0739035 0.202047 0.976583 -0.291791 0.474701 0.830371 0.174029 0.327893 0.928547 0.367083 0.117005 0.9228 0.667968 0.236457 0.705625 0.780249 0.0851272 0.619649 0.961643 0.157624 0.224495 0.989418 0.0569769 0.133438 0.934374 0.0785979 -0.347516 0.919095 0.028589 -0.392998 0.587993 -0.000316566 -0.808866 0.58752 5.84679e-05 -0.80921 -0.420778 0.0355694 -0.906466 -0.581389 0.139058 -0.801654 0.000414027 0.0694176 -0.997588 0.0961547 0.0177765 -0.995208 -0.820408 0.0532262 -0.569296 -0.929535 0.20964 -0.303341 -0.993382 0.0723784 -0.0891779 -0.912864 0.282391 0.294845 -0.974097 0.125208 0.188303 -0.548815 0.365727 0.751695 -0.544001 -0.37113 0.752546 0.114764 -0.124195 0.985599 0.392156 -0.0724835 0.917039 0.00169402 -0.283889 0.958856 0.796812 -0.0537846 0.601828 0.575975 -0.207686 0.790645 0.99245 -0.0360467 0.117232 0.942217 -0.137963 0.305276 0.916034 -0.0181338 -0.400691 0.948703 -0.0684407 -0.308671 0.587212 -0.000138206 -0.809433 0.587792 0.000560674 -0.809012 -0.58777 0.000177411 -0.809028 -0.951056 8.5086e-05 -0.30902 -0.951056 8.50687e-05 -0.309019 -0.587771 9.24376e-05 -0.809027 -0.951054 9.23814e-05 0.309025 -0.951054 0.000177517 0.309025 -0.58778 0.00211548 0.809018 -0.587771 0.000177524 0.809027 -0.587762 -0.00176137 0.809032 -1.02425e-06 0.000180565 1 -3.13366e-08 0.000180589 1 -0.587771 0.000346426 0.809027 0.587789 8.50017e-05 0.809014 0.587789 8.50777e-05 0.809014 0.951057 0.000180698 0.309015 0.951058 0.000180598 0.309014 0.95106 0.000173141 -0.309007 0.95106 8.81499e-05 -0.309007 0.587789 6.08472e-09 -0.809014 0.587789 8.50714e-05 -0.809014 5.54859e-07 9.2463e-05 -1 0 0.00017751 -1 0.357249 -0.16449 0.919411 0.639664 -0.234676 0.731955 0.0431239 -0.115938 0.99232 -0.126758 -0.0829639 0.988458 0.734905 -0.245028 0.632358 0.921569 -0.353085 0.161373 0.914242 -0.330639 0.234179 0.763238 -0.477844 -0.434894 0.889129 -0.456046 -0.0383762 0.353723 -0.48984 -0.796829 0.649204 0.480919 -0.58928 -0.251813 0.460781 -0.851041 -0.516464 0.338078 -0.786746 0.176603 0.47489 -0.862143 -0.831661 0.249543 -0.496053 -0.431393 0.365285 -0.824904 -0.984701 0.165847 -0.0534747 -0.890118 0.244227 -0.384763 -0.901539 0.0821874 0.424821 -0.956971 0.122714 0.262961 -0.588473 -0.000583174 0.808517 -0.588709 0.00306892 0.808339 0.588103 -0.00506135 0.80877 0.951222 -0.00777046 0.30841 0.950689 -0.0119834 -0.309914 0.58813 0.00531695 -0.808749 0.58753 -0.00393974 -0.809193 0.00100225 0.0124245 -0.999922 -0.587302 0.00741186 -0.809334 -0.950914 0.00526531 -0.309411 -0.951108 0.00201992 0.308852 -0.58782 0.000441489 0.808991 0.000198914 -0.0024691 0.999997 0.828641 -0.547175 0.118129 0.621541 -0.374237 0.68821 0.634344 -0.667245 -0.390374 0.326951 -0.60938 -0.722329 0.157876 0.601031 -0.783478 0.599842 0.55252 -0.578715 -0.396001 0.501529 -0.769189 -0.855169 0.356468 -0.376319 -0.948065 0.188982 0.255849 -0.58911 0.00626919 0.808028 0.0486192 -0.185037 0.981528 </float_array>
          <technique_common>
            <accessor count="253" offset="0" source="#meshId99-tangents-array" stride="3">
              <param name="X" type="float" />
              <param name="Y" type="float" />
              <param name="Z" type="float" />
            </accessor>
          </technique_common>
        </source>
        <source id="meshId99-bitangents" name="meshId99-bitangents">
          <float_array id="meshId99-bitangents-array" count="759"> -0.170046 0.965444 0.19749 0.00831182 0.96318 0.268729 0.0260489 0.328114 -0.944279 0.644296 0.335031 -0.687487 0.19242 0.960163 0.202637 -0.608765 0.318363 -0.726671 0.223616 0.966729 0.12422 -0.816476 0.338749 -0.467563 0.183471 0.96652 0.179381 0.252097 0.9597 0.124191 -0.876662 0.317549 -0.361423 -0.690137 0.338377 -0.639697 0.257686 0.963249 -0.0758226 -0.889419 0.328269 0.318078 0.134076 0.965523 -0.223136 -0.452647 0.335188 0.826293 -0.0514415 0.966783 -0.250368 0.206844 0.339171 0.917703 -0.206026 0.967164 -0.148821 0.761436 0.340427 0.551656 -0.254021 0.966736 0.0299242 0.936521 0.339073 -0.0892093 -0.170871 0.915777 -0.363532 0.134958 0.936327 -0.324159 -0.441662 0.883925 -0.153662 -0.421614 0.90236 0.0893735 -0.282386 0.882746 -0.375522 -0.0453613 0.902387 -0.428533 -0.398041 0.916045 -0.0492453 -0.265753 0.936518 0.228712 0.00714771 0.948401 0.316992 0.247071 0.952317 0.179023 0.303658 0.948344 -0.0918458 -0.450784 0.892537 0.0131267 -0.474433 0.869349 0.138365 -0.389623 0.9203 -0.0352314 -0.287696 0.950028 -0.121155 -0.542196 0.778924 0.31512 -0.556981 0.82692 0.077295 -0.302138 0.944164 -0.1314 -0.166067 0.976809 -0.135153 -0.509649 0.849596 -0.135809 -0.235562 0.952254 -0.194222 -0.124869 0.985687 -0.113267 -0.404576 0.857375 -0.318161 -0.181813 0.948331 -0.260024 -0.142706 0.981311 -0.12909 -0.248 0.853714 -0.457895 -0.111422 0.93038 -0.349254 -0.158564 0.961728 -0.223464 -0.0496219 0.837411 -0.544316 0.0184004 0.88854 -0.45843 -0.0893214 0.917202 -0.388281 0.177508 0.800411 -0.572567 0.256585 0.801792 -0.539717 0.141358 0.831269 -0.537596 0.430558 0.717728 -0.547253 0.589377 0.67512 -0.443675 0.49199 0.73658 -0.464108 0.718177 0.546594 -0.430647 -0.329116 0.684128 0.650885 -0.276233 0.631845 0.724201 -0.488164 0.766873 0.416655 -0.532276 0.78637 0.313535 -0.235012 0.499854 0.833616 -0.456144 0.678307 0.576048 -0.557166 0.756576 0.342283 -0.588444 0.803581 0.089392 -0.54398 0.826963 -0.142189 -0.432988 0.835286 -0.338851 -0.265367 0.831131 -0.488674 -0.0512041 0.81348 -0.579334 0.195791 0.776223 -0.599286 0.460276 0.699654 -0.54647 0.736499 0.528365 -0.422373 -0.24315 0.462678 0.85253 -0.449935 0.659386 0.602303 -0.224391 0.957394 -0.181784 -0.472103 0.881505 -0.00819471 -0.514198 0.832245 0.207291 -0.41124 0.909615 -0.0590081 -0.457993 0.745522 0.484188 -0.492183 0.83988 0.228816 -0.388876 0.908893 -0.15063 -0.0769262 0.985941 -0.14833 -0.269243 0.563683 0.780878 -0.348272 0.738472 0.577379 0.384579 0.82189 -0.420234 0.642874 0.642237 -0.417426 0.333615 0.779843 -0.529666 0.0684739 0.877739 -0.47422 0.0780325 0.854096 -0.514228 -0.148387 0.932931 -0.328057 -0.104016 0.893954 -0.435921 -0.196054 0.97007 -0.143274 -0.220724 0.914317 -0.339567 -0.125389 0.991278 -0.0405675 -0.305223 0.919169 -0.248932 -0.0512234 0.996774 -0.0617939 -0.179452 0.980974 -0.0740764 -0.257632 0.966003 0.0215318 -0.244572 0.969627 0.00277984 -0.158422 0.983876 -0.0830152 -0.259266 0.947439 0.187456 -0.259731 0.951464 0.165092 -0.138238 0.925218 0.353357 -0.147798 0.931875 0.331307 0.289521 0.927891 -0.234939 0.0983654 0.949442 -0.298133 0.0767584 0.951646 -0.297452 0.270084 0.93143 -0.24391 -0.0540103 0.968027 -0.244962 -0.0694857 0.970972 -0.228879 -0.115557 0.98272 -0.144599 -0.119276 0.985297 -0.122323 -0.104039 0.991798 -0.074243 -0.0954833 0.994003 -0.0532916 -0.0806136 0.994664 -0.0643768 -0.0619752 0.996747 -0.051521 -0.102669 0.990936 -0.0866306 -0.0801288 0.993193 -0.084538 -0.161119 0.97435 -0.157105 -0.314202 0.947248 -0.0632336 -0.0387019 0.992219 -0.118335 -0.370004 0.915534 0.157777 -0.248156 0.882226 0.400119 0.264266 0.915631 -0.302958 0.0362911 0.930261 -0.365099 -0.139044 0.956921 -0.25489 -0.172907 0.98021 -0.0963947 -0.100098 0.994943 -0.00829464 -0.0241377 0.999161 -0.0330883 -0.16434 0.980464 -0.108085 -0.271565 0.962277 -0.0165923 -0.2935 0.941531 0.165461 -0.0702962 0.992699 -0.0980146 -0.174676 0.919847 0.351241 0.26432 0.931025 -0.251649 0.0671404 0.948043 -0.310976 -0.0892273 0.966839 -0.239293 -0.137989 0.983374 -0.118048 -0.0990304 0.994204 -0.0418444 -0.0521622 0.997466 -0.0483736 -0.478392 0.86896 0.126684 -0.867797 0.298219 0.397483 -0.948564 0.302266 -0.0941399 -0.467363 0.879504 -0.0896957 -0.394165 0.85102 0.346985 -0.550954 0.291333 0.782033 -0.215849 0.820971 0.528597 -0.10086 0.279534 0.954824 0.00762014 0.747297 0.664447 0.1774 0.225258 0.958012 0.966523 0.22676 -0.120057 0.635788 0.744855 -0.202399 0.435314 0.820184 -0.371214 0.87922 0.280236 -0.385279 0.208098 0.851006 -0.482167 0.575203 0.291463 -0.764324 -0.0270984 0.869 -0.49407 0.110681 0.298271 -0.948042 -0.228993 0.879714 -0.416732 -0.382698 0.302299 -0.873016 -0.379231 0.883174 -0.276022 -0.771027 0.303593 -0.559775 -0.895166 -0.178251 0.408539 -0.0865138 -0.990266 -0.109033 -0.00594972 -0.99757 -0.0694188 -0.978629 -0.180897 -0.0977841 -0.569017 -0.17374 0.803762 -0.201185 -0.97776 -0.0592366 -0.100203 -0.166687 0.980905 -0.266806 -0.959281 0.0927102 0.171797 -0.131712 0.976288 -0.210476 -0.930703 0.299152 0.222625 -0.928562 -0.297004 0.98245 -0.132668 -0.131115 0.901764 -0.166678 -0.398798 0.00572143 -0.958839 -0.283894 0.586061 -0.173602 -0.791451 -0.117357 -0.978177 -0.171454 0.10905 -0.178109 -0.977949 -0.129387 -0.990419 -0.0482527 -0.397155 -0.180793 -0.899768 -0.0669313 -0.997637 0.0154891 -0.795966 -0.181756 -0.577411 -0.00449506 -0.999982 -0.00395893 -0.00492898 -0.999982 0.00336169 -0.00192435 -0.999982 0.00564714 -8.09051e-05 -1 -2.62878e-05 -5.43322e-05 -1 -7.47846e-05 0.0017556 -0.999982 0.00570198 -0.000168828 -1 5.4857e-05 0.00358238 -0.99998 0.00521754 -0.000104343 -1 0.000143621 0.00586112 -0.999981 0.00208102 0.00596696 -0.999982 0.000180568 -3.77042e-12 -1 0.000180589 -0.000203619 -1 0.000280268 0.00487632 -0.999982 -0.00343783 5.00077e-05 -1 6.8829e-05 0.00201533 -0.999982 -0.00561785 0.000171759 -1 5.58074e-05 -0.00167863 -0.999982 -0.00572679 8.38359e-05 -1 -2.7239e-05 -0.00482462 -0.999982 -0.00350533 5.0004e-05 -1 -6.88239e-05 -0.0059641 -0.999982 -9.24647e-05 1.85307e-12 -1 -0.00017751 -0.822268 -0.522274 0.226064 0.125872 -0.907419 -0.400934 0.345941 -0.930066 -0.123698 -0.827059 -0.541316 -0.151495 -0.656729 -0.489745 0.57346 -0.25848 -0.868218 -0.423539 -0.368159 -0.436589 0.820883 -0.577553 -0.806309 -0.127665 -0.114703 -0.303235 0.945987 -0.547622 -0.799088 0.248132 0.0595222 -0.804488 -0.590978 0.860405 -0.295989 -0.414842 0.65825 -0.430901 -0.617277 -0.300512 -0.808074 -0.506664 0.334697 -0.487543 -0.806399 -0.488807 -0.863157 -0.126597 -0.0416491 -0.521982 -0.851939 -0.351841 -0.904878 0.239589 -0.398252 -0.541483 -0.7404 -0.0177029 -0.929185 0.36919 -0.676289 -0.547679 -0.492627 0.280123 -0.937254 0.20757 0.0620691 -0.996749 -0.0513718 0.0174327 -0.996732 -0.0788803 -0.0362785 -0.99669 -0.0727487 -0.0619108 -0.996748 -0.051575 -0.0673698 -0.996755 -0.0440622 -0.0803911 -0.996686 -0.0124649 -0.0694142 -0.996735 0.0412431 -0.0298692 -0.996748 0.0748353 0.0229203 -0.99676 0.0771018 0.0648032 -0.996761 0.0476306 0.0804165 -0.996758 -0.0024771 -0.473305 -0.79753 -0.374071 -0.0378702 -0.891839 -0.450765 -0.712938 -0.700181 0.0382838 -0.529935 -0.751077 0.393766 -0.199056 -0.757769 -0.62142 0.167086 -0.79384 -0.584722 -0.480549 -0.826992 -0.291816 -0.423512 -0.899096 0.110746 -0.108817 -0.948532 0.297399 0.201799 -0.967144 0.15463 0.249441 -0.949303 -0.191318 </float_array>
          <technique_common>
            <accessor count="253" offset="0" source="#meshId99-bitangents-array" stride="3">
              <param name="X" type="float" />
              <param name="Y" type="float" />
              <param name="Z" type="float" />
            </accessor>
          </technique_common>
        </source>
        <source id="meshId99-tex0" name="meshId99-tex0">
          <float_array id="meshId99-tex0-array" count="506"> 0.413689 0.354722 0.414075 0.354824 0.414059 0.354871 0.413678 0.35477 0.414447 0.354966 0.414427 0.355012 0.414799 0.355138 0.414792 0.355193 0.410994 0.355139 0.411346 0.354966 0.411365 0.355011 0.411001 0.355192 0.411719 0.354824 0.411733 0.354871 0.412104 0.354721 0.412114 0.35477 0.412498 0.35466 0.412503 0.354709 0.412897 0.354639 0.412896 0.354689 0.413295 0.35466 0.41329 0.354709 0.414052 0.354895 0.413673 0.354795 0.414417 0.355035 0.414785 0.355219 0.411375 0.355034 0.411008 0.355218 0.411741 0.354895 0.412119 0.354795 0.412506 0.354735 0.412896 0.354714 0.413287 0.354735 0.558564 0.159031 0.558328 0.15949 0.557438 0.159165 0.557596 0.158673 0.558088 0.159953 0.557278 0.159666 0.55652 0.158974 0.556605 0.158463 0.556436 0.159493 0.555591 0.158899 0.555605 0.158382 0.555582 0.159425 0.554663 0.158936 0.554605 0.158422 0.554726 0.159458 0.553742 0.159086 0.553613 0.158586 0.55388 0.159592 0.552843 0.159362 0.552637 0.15889 0.553058 0.159836 0.551981 0.159791 0.551697 0.159363 0.552278 0.160207 0.551184 0.160421 0.550836 0.160036 0.55158 0.160752 0.560293 0.160294 0.559927 0.160654 0.559169 0.159973 0.55948 0.159568 0.559509 0.160965 0.558846 0.160373 0.557896 0.160312 0.557145 0.160058 0.556362 0.159902 0.555565 0.159841 0.554767 0.159872 0.55398 0.159995 0.55322 0.160213 0.552513 0.160536 0.551906 0.160982 0.55918 0.161173 0.55859 0.160677 0.556948 0.160721 0.557028 0.160443 0.557722 0.16067 0.557604 0.160928 0.558356 0.160982 0.558205 0.161207 0.556301 0.160303 0.556257 0.160592 0.558891 0.161379 0.558732 0.161544 0.552321 0.161385 0.552171 0.161207 0.55273 0.160852 0.552866 0.16109 0.553378 0.160578 0.55348 0.160846 0.554081 0.160385 0.554146 0.160669 0.554813 0.160275 0.554841 0.160567 0.555558 0.160247 0.55555 0.16054 0.55642 0.163844 0.556879 0.163939 0.556679 0.16495 0.556286 0.164872 0.557337 0.164065 0.557071 0.165055 0.557797 0.16422 0.557463 0.165185 0.553198 0.164202 0.553657 0.164048 0.553932 0.165044 0.553542 0.165175 0.554118 0.163924 0.554324 0.164939 0.554578 0.163835 0.554717 0.164864 0.555039 0.163781 0.555109 0.164819 0.5555 0.163764 0.555502 0.164806 0.555961 0.163785 0.555894 0.164824 0.556709 0.161793 0.557278 0.161945 0.556122 0.161696 0.557824 0.162143 0.558352 0.162372 0.55265 0.162287 0.553198 0.162077 0.553757 0.161896 0.554333 0.161761 0.554925 0.16168 0.555524 0.161658 0.556552 0.162819 0.557067 0.162937 0.557577 0.163092 0.556032 0.162744 0.558087 0.163274 0.552904 0.163231 0.553421 0.163056 0.553938 0.16291 0.554458 0.1628 0.554982 0.162735 0.555507 0.162716 0.413668 0.354822 0.413661 0.354854 0.413281 0.354795 0.413284 0.354762 0.414043 0.354922 0.414033 0.354953 0.414406 0.35506 0.414394 0.35509 0.414772 0.355245 0.414749 0.355271 0.411043 0.35527 0.411021 0.355244 0.411386 0.355059 0.411399 0.355089 0.41175 0.354922 0.41176 0.354953 0.412125 0.354822 0.412132 0.354854 0.412509 0.354762 0.412512 0.354795 0.412896 0.354742 0.412897 0.354775 0.41365 0.354904 0.413643 0.354936 0.413272 0.354878 0.413275 0.354846 0.414017 0.355002 0.414007 0.355032 0.414373 0.355136 0.414359 0.355165 0.41471 0.355309 0.414687 0.355334 0.411105 0.355334 0.411082 0.355309 0.41142 0.355136 0.411433 0.355165 0.411775 0.355002 0.411785 0.355033 0.412142 0.354905 0.412149 0.354936 0.412517 0.354846 0.41252 0.354878 0.412896 0.354826 0.412896 0.354859 0.432192 0.349916 0.432546 0.349916 0.432545 0.355068 0.432192 0.355068 0.4329 0.349916 0.432899 0.355068 0.433253 0.349916 0.433253 0.355068 0.429716 0.349915 0.43007 0.349915 0.430069 0.355067 0.429716 0.355067 0.430424 0.349915 0.430423 0.355067 0.430777 0.349915 0.430777 0.355067 0.431131 0.349915 0.431131 0.355067 0.431485 0.349915 0.431484 0.355067 0.431839 0.349915 0.431838 0.355067 0.412153 0.353641 0.412142 0.35361 0.412521 0.353505 0.412527 0.353538 0.411804 0.35381 0.411787 0.353781 0.411485 0.354037 0.411464 0.354012 0.411181 0.354327 0.411153 0.354308 0.414666 0.354309 0.414637 0.354327 0.414341 0.354037 0.414362 0.354012 0.414022 0.353807 0.414039 0.353779 0.413673 0.353639 0.413684 0.353609 0.413299 0.353537 0.413305 0.353504 0.412913 0.353503 0.412913 0.35347 0.412164 0.353671 0.411819 0.353837 0.411505 0.354061 0.411211 0.354342 0.414607 0.354342 0.41432 0.35406 0.414006 0.353834 0.413661 0.353669 0.413293 0.353568 0.412912 0.353534 0.412532 0.353569 0.411663 0.353572 0.412057 0.353382 0.411313 0.353827 0.411015 0.354101 0.414517 0.353819 0.41482 0.354095 0.414164 0.353568 0.41377 0.35338 0.413348 0.353264 0.412913 0.353226 0.412478 0.353265 </float_array>
          <technique_common>
            <accessor count="253" offset="0" source="#meshId99-tex0-array" stride="2">
              <param name="S" type="float" />
              <param name="T" type="float" />
            </accessor>
          </technique_common>
        </source>
        <vertices id="meshId99-vertices">
          <input semantic="POSITION" source="#meshId99-positions" />
        </vertices>
        <polylist count="380" material="defaultMaterial">
          <input offset="0" semantic="VERTEX" source="#meshId99-vertices" />
          <input offset="0" semantic="NORMAL" source="#meshId99-normals" />
          <input offset="0" semantic="TANGENT" source="#meshId99-tangents" />
          <input offset="0" semantic="BINORMAL" source="#meshId99-bitangents" />
          <input offset="0" semantic="TEXCOORD" source="#meshId99-tex0" set="0" />
          <vcount>3 3 3 3 3 3 3 3 3 3 3 3 3 3 3 3 3 3 3 3 3 3 3 3 3 3 3 3 3 3 3 3 3 3 3 3 3 3 3 3 3 3 3 3 3 3 3 3 3 3 3 3 3 3 3 3 3 3 3 3 3 3 3 3 3 3 3 3 3 3 3 3 3 3 3 3 3 3 3 3 3 3 3 3 3 3 3 3 3 3 3 3 3 3 3 3 3 3 3 3 3 3 3 3 3 3 3 3 3 3 3 3 3 3 3 3 3 3 3 3 3 3 3 3 3 3 3 3 3 3 3 3 3 3 3 3 3 3 3 3 3 3 3 3 3 3 3 3 3 3 3 3 3 3 3 3 3 3 3 3 3 3 3 3 3 3 3 3 3 3 3 3 3 3 3 3 3 3 3 3 3 3 3 3 3 3 3 3 3 3 3 3 3 3 3 3 3 3 3 3 3 3 3 3 3 3 3 3 3 3 3 3 3 3 3 3 3 3 3 3 3 3 3 3 3 3 3 3 3 3 3 3 3 3 3 3 3 3 3 3 3 3 3 3 3 3 3 3 3 3 3 3 3 3 3 3 3 3 3 3 3 3 3 3 3 3 3 3 3 3 3 3 3 3 3 3 3 3 3 3 3 3 3 3 3 3 3 3 3 3 3 3 3 3 3 3 3 3 3 3 3 3 3 3 3 3 3 3 3 3 3 3 3 3 3 3 3 3 3 3 3 3 3 3 3 3 3 3 3 3 3 3 3 3 3 3 3 3 3 3 3 3 3 3 3 3 3 3 3 3 3 3 3 3 3 3 3 3 3 3 3 3 3 3 3 3 3 3 3 3 3 3 3 3 3 3 3 3 3 3 </vcount>
          <p>3 0 1 1 2 3 2 1 4 4 5 2 5 4 6 6 7 5 11 8 9 9 10 11 10 9 12 12 13 10 13 12 14 14 15 13 15 14 16 16 17 15 17 16 18 18 19 17 19 18 20 20 21 19 21 20 0 0 3 21 23 3 2 2 22 23 22 2 5 5 24 22 24 5 7 7 25 24 27 11 10 10 26 27 26 10 13 13 28 26 28 13 15 15 29 28 29 15 17 17 30 29 30 17 19 19 31 30 31 19 21 21 32 31 32 21 3 3 23 32 36 33 34 34 35 36 35 34 37 37 38 35 40 36 35 35 39 40 39 35 38 38 41 39 43 40 39 39 42 43 42 39 41 41 44 42 46 43 42 42 45 46 45 42 44 44 47 45 49 46 45 45 48 49 48 45 47 47 50 48 52 49 48 48 51 52 51 48 50 50 53 51 55 52 51 51 54 55 54 51 53 53 56 54 58 55 54 54 57 58 57 54 56 56 59 57 63 60 61 61 62 63 62 61 64 64 65 62 65 37 34 34 62 65 62 34 33 33 63 62 67 38 37 37 66 67 68 41 38 38 67 68 69 44 41 41 68 69 70 47 44 44 69 70 71 50 47 47 70 71 72 53 50 50 71 72 73 56 53 53 72 73 74 59 56 56 73 74 76 65 64 64 75 76 66 37 65 65 76 66 80 77 78 78 79 80 79 78 67 67 66 79 82 80 79 79 81 82 81 79 66 66 76 81 68 67 78 78 83 68 83 78 77 77 84 83 86 82 81 81 85 86 85 81 76 76 75 85 90 87 88 88 89 90 89 88 74 74 73 89 92 90 89 89 91 92 91 89 73 73 72 91 94 92 91 91 93 94 93 91 72 72 71 93 96 94 93 93 95 96 95 93 71 71 70 95 98 96 95 95 97 98 97 95 70 70 69 97 69 68 83 83 97 69 97 83 84 84 98 97 102 99 100 100 101 102 101 100 103 103 104 101 104 103 105 105 106 104 110 107 108 108 109 110 109 108 111 111 112 109 112 111 113 113 114 112 114 113 115 115 116 114 116 115 117 117 118 116 118 117 119 119 120 118 120 119 99 99 102 120 122 121 77 77 80 122 84 77 121 121 123 84 124 122 80 80 82 124 125 124 82 82 86 125 127 126 87 87 90 127 128 127 90 90 92 128 129 128 92 92 94 129 130 129 94 94 96 130 131 130 96 96 98 131 123 131 98 98 84 123 100 99 132 132 133 100 133 132 121 121 122 133 103 100 133 133 134 103 134 133 122 122 124 134 123 121 132 132 135 123 135 132 99 99 119 135 105 103 134 134 136 105 136 134 124 124 125 136 108 107 137 137 138 108 138 137 126 126 127 138 111 108 138 138 139 111 139 138 127 127 128 139 113 111 139 139 140 113 140 139 128 128 129 140 115 113 140 140 141 115 141 140 129 129 130 141 117 115 141 141 142 117 142 141 130 130 131 142 131 123 135 135 142 131 142 135 119 119 117 142 146 143 144 144 145 146 148 144 143 143 147 148 150 148 147 147 149 150 152 150 149 149 151 152 156 153 154 154 155 156 158 156 155 155 157 158 160 158 157 157 159 160 162 160 159 159 161 162 164 162 161 161 163 164 145 164 163 163 146 145 168 165 166 166 167 168 170 166 165 165 169 170 172 170 169 169 171 172 174 172 171 171 173 174 178 175 176 176 177 178 180 178 177 177 179 180 182 180 179 179 181 182 184 182 181 181 183 184 186 184 183 183 185 186 167 186 185 185 168 167 143 23 22 22 147 143 147 22 24 24 149 147 149 24 25 25 151 149 154 27 26 26 155 154 155 26 28 28 157 155 157 28 29 29 159 157 159 29 30 30 161 159 161 30 31 31 163 161 163 31 32 32 146 163 146 32 23 23 143 146 165 144 148 148 169 165 169 148 150 150 171 169 171 150 152 152 173 171 176 153 156 156 177 176 177 156 158 158 179 177 179 158 160 160 181 179 181 160 162 162 183 181 183 162 164 164 185 183 185 164 145 145 168 185 168 145 144 144 165 168 190 187 188 188 189 190 189 188 191 191 192 189 192 191 193 193 194 192 198 195 196 196 197 198 197 196 199 199 200 197 200 199 201 201 202 200 202 201 203 203 204 202 204 203 205 205 206 204 206 205 207 207 208 206 208 207 187 187 190 208 212 209 210 210 211 212 214 210 209 209 213 214 216 214 213 213 215 216 218 216 215 215 217 218 222 219 220 220 221 222 224 222 221 221 223 224 226 224 223 223 225 226 228 226 225 225 227 228 230 228 227 227 229 230 211 230 229 229 212 211 209 231 232 232 213 209 213 232 233 233 215 213 215 233 234 234 217 215 220 235 236 236 221 220 221 236 237 237 223 221 223 237 238 238 225 223 225 238 239 239 227 225 227 239 240 240 229 227 229 240 241 241 212 229 212 241 231 231 209 212 243 210 214 214 242 243 242 214 216 216 244 242 244 216 218 218 245 244 247 219 222 222 246 247 246 222 224 224 248 246 248 224 226 226 249 248 249 226 228 228 250 249 250 228 230 230 251 250 251 230 211 211 252 251 252 211 210 210 243 252 </p>
        </polylist>
      </mesh>
    </geometry>
    <geometry id="meshId100" name="meshId100_name" >
      <mesh>
        <source id="meshId100-positions" name="meshId100-positions">
          <float_array id="meshId100-positions-array" count="288"> 0.319645 -0.426395 -0.232566 0.315318 -0.426395 -0.232566 0.315719 -0.426395 -0.231335 0.319245 -0.426395 -0.231335 0.323146 -0.426395 -0.230023 0.322099 -0.426395 -0.229262 0.324483 -0.426395 -0.225908 0.323188 -0.426395 -0.225908 0.323146 -0.426395 -0.221793 0.322099 -0.426395 -0.222554 0.319645 -0.426395 -0.21925 0.319245 -0.426395 -0.220481 0.315318 -0.426395 -0.21925 0.315719 -0.426395 -0.220481 0.311818 -0.426395 -0.221793 0.312865 -0.426395 -0.222554 0.310481 -0.426395 -0.225908 0.311775 -0.426395 -0.225908 0.311818 -0.426395 -0.230023 0.312865 -0.426395 -0.229262 0.319245 -0.426395 -0.231335 0.315719 -0.426395 -0.231335 0.315719 -0.430244 -0.231335 0.319245 -0.430244 -0.231335 0.322099 -0.426395 -0.229262 0.322099 -0.430244 -0.229262 0.323188 -0.426395 -0.225908 0.323188 -0.430244 -0.225908 0.322099 -0.426395 -0.222554 0.322099 -0.430244 -0.222554 0.319245 -0.426395 -0.220481 0.319245 -0.430244 -0.220481 0.315719 -0.426395 -0.220481 0.315719 -0.430244 -0.220481 0.312865 -0.426395 -0.222554 0.312865 -0.430244 -0.222554 0.311775 -0.426395 -0.225908 0.311775 -0.430244 -0.225908 0.312865 -0.426395 -0.229262 0.312865 -0.430244 -0.229262 0.312865 -0.426395 -0.229262 0.312865 -0.430244 -0.229262 0.323154 -0.450629 -0.230029 0.323146 -0.426395 -0.230023 0.324483 -0.426395 -0.225908 0.324493 -0.450629 -0.225908 0.319648 -0.450629 -0.232576 0.319645 -0.426395 -0.232566 0.315315 -0.450629 -0.232576 0.315318 -0.426395 -0.232566 0.31181 -0.450629 -0.230029 0.311818 -0.426395 -0.230023 0.310471 -0.450629 -0.225908 0.310481 -0.426395 -0.225908 0.311818 -0.426395 -0.230023 0.31181 -0.450629 -0.230029 0.31181 -0.450629 -0.221787 0.311818 -0.426395 -0.221793 0.315315 -0.450629 -0.21924 0.315318 -0.426395 -0.21925 0.319648 -0.450629 -0.21924 0.319645 -0.426395 -0.21925 0.323154 -0.450629 -0.221787 0.323146 -0.426395 -0.221793 0.319432 -0.451296 -0.231909 0.322587 -0.451296 -0.229617 0.317482 -0.451296 -0.225908 0.315532 -0.451296 -0.231909 0.312377 -0.451296 -0.229617 0.311171 -0.451296 -0.225908 0.312377 -0.451296 -0.222199 0.315532 -0.451296 -0.219906 0.319432 -0.451296 -0.219906 0.322587 -0.451296 -0.222199 0.323792 -0.451296 -0.225908 0.322988 -0.451101 -0.229908 0.319585 -0.451101 -0.232381 0.322988 -0.451101 -0.229908 0.319585 -0.451101 -0.232381 0.315379 -0.451101 -0.232381 0.315379 -0.451101 -0.232381 0.311976 -0.451101 -0.229908 0.311976 -0.451101 -0.229908 0.311976 -0.451101 -0.229908 0.310676 -0.451101 -0.225908 0.310676 -0.451101 -0.225908 0.311976 -0.451101 -0.221907 0.311976 -0.451101 -0.221907 0.315379 -0.451101 -0.219435 0.315379 -0.451101 -0.219435 0.319585 -0.451101 -0.219435 0.319585 -0.451101 -0.219435 0.322988 -0.451101 -0.221907 0.322988 -0.451101 -0.221907 0.324288 -0.451101 -0.225908 0.324288 -0.451101 -0.225908 </float_array>
          <technique_common>
            <accessor count="96" offset="0" source="#meshId100-positions-array" stride="3">
              <param name="X" type="float" />
              <param name="Y" type="float" />
              <param name="Z" type="float" />
            </accessor>
          </technique_common>
        </source>
        <source id="meshId100-normals" name="meshId100-normals">
          <float_array id="meshId100-normals-array" count="288"> 0.308781 0.0391422 -0.950328 -0.308783 0.0391438 -0.950327 0.281874 0.409824 0.86752 -0.281875 0.409824 0.86752 0.808397 0.039144 -0.587334 -0.737963 0.409828 0.536145 0.999233 0.0391481 5.2541e-08 -0.912169 0.409814 4.6345e-07 0.808397 0.0391447 0.587335 -0.737964 0.409825 -0.536146 0.308778 0.0391427 0.950328 -0.281877 0.409818 -0.867522 -0.308775 0.0391442 0.950329 0.281872 0.409818 -0.867523 -0.808396 0.0391452 0.587336 0.737955 0.409822 -0.53616 -0.999233 0.039146 -1.75137e-08 0.912172 0.409806 -1.54484e-08 -0.808397 0.0391456 -0.587334 0.737959 0.409811 0.536163 -0.281875 0.409824 0.86752 0.281874 0.409824 0.86752 0.309017 0 0.951056 -0.309018 0 0.951056 -0.737963 0.409828 0.536145 -0.809027 0 0.587772 -0.912169 0.409814 4.6345e-07 -1 0 0 -0.737964 0.409825 -0.536146 -0.809026 0 -0.587773 -0.281877 0.409818 -0.867522 -0.309019 0 -0.951056 0.281872 0.409818 -0.867523 0.309014 0 -0.951057 0.737955 0.409822 -0.53616 0.809015 0 -0.587788 0.912172 0.409806 -1.54484e-08 1 0 -1.69358e-08 0.737959 0.409811 0.536163 0.809015 0 0.587787 0.737959 0.409811 0.536163 0.809015 0 0.587787 0.808996 -0.00713917 -0.58777 0.808397 0.039144 -0.587334 0.999233 0.0391481 5.2541e-08 0.999975 -0.00713622 2.15315e-09 0.309009 -0.00714115 -0.951032 0.308781 0.0391422 -0.950328 -0.309013 -0.0071391 -0.951031 -0.308783 0.0391438 -0.950327 -0.808997 -0.00713704 -0.58777 -0.808397 0.0391456 -0.587334 -0.999974 -0.00713702 -4.19863e-08 -0.999233 0.039146 -1.75137e-08 -0.808397 0.0391456 -0.587334 -0.808997 -0.00713704 -0.58777 -0.808996 -0.00713752 0.587771 -0.808396 0.0391452 0.587336 -0.309005 -0.00713841 0.951034 -0.308775 0.0391442 0.950329 0.309007 -0.00714004 0.951033 0.308778 0.0391427 0.950328 0.808995 -0.00713833 0.587772 0.808397 0.0391447 0.587335 0.0236542 -0.997067 -0.0727919 0.0619205 -0.997067 -0.0449887 7.52838e-12 -1 -1.87839e-07 -0.0236522 -0.997067 -0.0727928 -0.0619194 -0.997067 -0.0449899 -0.076537 -0.997067 -4.46489e-07 -0.0619181 -0.997067 0.0449893 -0.0236514 -0.997067 0.072792 0.0236531 -0.997067 0.0727916 0.0619202 -0.997067 0.044989 0.0765379 -0.997067 -1.17188e-08 0.596415 -0.675669 -0.433314 0.227806 -0.675654 -0.701139 0.596415 -0.675669 -0.433314 0.227806 -0.675654 -0.701139 -0.227814 -0.675644 -0.701146 -0.227814 -0.675644 -0.701146 -0.596423 -0.675664 -0.433311 -0.596423 -0.675664 -0.433311 -0.596423 -0.675664 -0.433311 -0.737191 -0.675685 -1.25078e-06 -0.737191 -0.675685 -1.25078e-06 -0.59643 -0.675653 0.433318 -0.59643 -0.675653 0.433318 -0.227806 -0.675651 0.701142 -0.227806 -0.675651 0.701142 0.227798 -0.675659 0.701137 0.227798 -0.675659 0.701137 0.59641 -0.675672 0.433315 0.59641 -0.675672 0.433315 0.737184 -0.675692 0 0.737184 -0.675692 0 </float_array>
          <technique_common>
            <accessor count="96" offset="0" source="#meshId100-normals-array" stride="3">
              <param name="X" type="float" />
              <param name="Y" type="float" />
              <param name="Z" type="float" />
            </accessor>
          </technique_common>
        </source>
        <source id="meshId100-tangents" name="meshId100-tangents">
          <float_array id="meshId100-tangents-array" count="288"> 0.95033 -0.0537531 0.306567 0.950825 -0.012705 -0.309468 0.926026 0.120376 -0.35775 0.890587 0.448132 0.077668 0.0313955 -0.999233 -0.0233845 0.331516 0.912163 -0.240948 0.00210664 -0.0537696 -0.998551 0.201356 0.448181 -0.870971 0.588141 -0.0127101 -0.808658 0.626402 0.120426 -0.770142 0.950827 0.0127059 -0.309463 0.926023 -0.120383 -0.357755 0.950332 0.053752 0.306562 0.890598 -0.448108 0.0776835 0.0325405 0.999232 -0.0218082 0.331639 -0.912166 -0.240769 0.00210635 0.0537674 -0.998551 0.201352 -0.448181 -0.870971 0.58814 0.0127101 -0.808659 0.62641 -0.120412 -0.770137 0.951247 0.00137627 0.308429 0.950872 0.00132513 -0.309582 0.951055 0.00162161 -0.309017 0.951055 0.00168338 0.309017 0.588263 0.00134944 0.808668 0.587771 0.00162163 0.809026 0.000606993 0.0013499 0.999999 -2.4879e-14 0.00164993 0.999999 -0.587293 0.00132147 0.809373 -0.587772 0.00163984 0.809025 -0.95087 0.00133127 0.309588 -0.951055 0.00162877 0.309019 -0.951241 0.00132672 -0.308447 -0.951056 0.00163004 -0.309014 -0.588286 0.00136911 -0.808652 -0.587787 0.00166789 -0.809014 -0.000604351 0.00134521 -0.999999 -3.13359e-08 0.00161328 -0.999999 0.538286 0.121729 -0.833924 0.587787 0.00158682 -0.809015 0.626051 -0.119121 -0.770629 0.587787 0.00157531 -0.809014 0.587619 -0.0158772 0.808982 0.588189 -0.0147876 0.808588 0.000248792 -0.00635192 0.99998 -5.02096e-05 -0.00703647 0.999975 0.9506 -0.0287599 0.309085 0.951082 -0.0230938 0.308074 0.949679 -0.0561433 -0.308153 0.95023 -0.0308295 -0.310021 0.586339 -0.0805765 -0.806048 0.586777 -0.0256824 -0.809341 -0.000399053 0.0559164 -0.998435 0.00133361 0.0340408 -0.99942 0.588297 0.0198112 -0.808402 0.585685 0.07522 -0.807041 -0.58771 0.028635 -0.808564 -0.586693 0.0274733 -0.809343 -0.950962 0.0166794 -0.308857 -0.950649 0.0192246 -0.309671 -0.951006 0.00832328 0.30906 -0.951132 0.0106342 0.308601 -0.587783 0.000704088 0.809019 -0.587851 0.00210165 0.808966 0.954755 0.0441217 -0.294102 0.951558 0.0725756 -0.298782 0.951074 5.80424e-08 -0.308962 0.951238 -4.56615e-05 -0.308456 0.945548 -0.0441693 -0.322473 0.945686 -0.0725927 -0.316874 0.951414 -0.0725851 -0.299236 0.954678 -0.0441354 -0.294351 0.951244 4.8212e-05 -0.308439 0.945648 0.04419 -0.322174 0.945636 0.07259 -0.317021 0.579414 -0.0111903 0.814957 0.944912 -0.0204207 0.326688 0.713092 0.693843 -0.10041 0.91077 0.402538 -0.0919893 0.961128 -0.0406727 -0.273093 0.951174 -0.000412012 -0.308655 0.719758 -0.211244 -0.661305 0.790703 -0.401695 -0.461984 0.409299 0.208372 -0.888288 -0.0365773 0.0399087 -0.998534 0.634799 -0.692583 -0.342577 -0.602459 0.0201017 -0.797896 0.712796 -0.694048 -0.101087 -0.954248 0.0116774 -0.298789 0.910627 -0.402794 -0.0922814 -0.949378 0.005843 0.314082 0.95118 0.000414952 -0.308637 -0.587426 0.000481547 0.809278 0.790782 0.401995 -0.461588 -0.00451753 -0.00492866 0.999978 0.634735 0.6925 -0.342863 </float_array>
          <technique_common>
            <accessor count="96" offset="0" source="#meshId100-tangents-array" stride="3">
              <param name="X" type="float" />
              <param name="Y" type="float" />
              <param name="Z" type="float" />
            </accessor>
          </technique_common>
        </source>
        <source id="meshId100-bitangents" name="meshId100-bitangents">
          <float_array id="meshId100-bitangents-array" count="288"> -0.0390833 -0.997787 -0.0537959 -0.0241877 -0.999153 -0.0332958 -0.251043 0.904187 -0.345577 -0.356934 0.794495 -0.491301 -0.5878 0.000464343 -0.809006 -0.587799 -6.97076e-05 -0.809007 -0.0390913 0.997786 -0.0538108 -0.356937 -0.794472 -0.491335 -0.0241896 0.999153 -0.0332974 -0.251057 -0.90418 -0.345585 -0.024188 0.999153 -0.0332946 -0.251049 -0.904189 -0.345568 -0.0390819 0.997787 -0.0537973 -0.356908 -0.794511 -0.491292 -0.587739 0.00148256 -0.809049 -0.587739 -0.000135437 -0.80905 -0.0390893 -0.997786 -0.0538086 -0.356929 0.794476 -0.491334 -0.0241904 -0.999153 -0.0332979 -0.25105 0.904188 -0.34557 0.125208 0.912164 -0.390231 -0.128024 0.912164 -0.389316 -0.00154224 0.999999 0.000501104 -0.00160099 0.999999 -0.000520196 0.330691 0.912162 -0.242082 -0.000953147 0.999999 -0.00131194 0.409814 0.912168 -0.00148009 0 0.999999 -0.00164993 0.33241 0.912163 0.239712 0.000963854 0.999999 -0.00132667 0.12803 0.912166 0.389309 0.00154905 0.999999 -0.000503322 -0.125256 0.912166 0.39021 0.00155026 0.999999 0.000503705 -0.330669 0.912165 0.242103 0.000980369 0.999999 0.00134935 -0.409806 0.912171 0.00147473 2.73221e-11 0.999999 0.00161328 -0.407019 0.904011 -0.130764 -0.000932712 0.999999 0.00128376 -0.251944 0.904359 -0.34447 -0.000925949 0.999999 0.00127445 -0.0151076 -0.999848 -0.00864944 0.0229661 -0.999124 -0.0349783 0.0391473 -0.999213 -0.00635679 -0.00713604 -0.99995 -0.00703665 -0.0295588 -0.999561 -0.0020987 -0.00988792 -0.998967 -0.0443583 -0.051194 -0.998397 0.0241289 -0.0414335 -0.998758 -0.027676 -0.0416077 -0.996723 0.0693709 -0.0467663 -0.998903 -0.00220818 0.00712585 -0.99841 -0.0559178 -0.0391233 -0.998653 -0.0340669 -0.0200096 -0.999037 -0.0390446 0.0499719 -0.997141 -0.0566726 -0.0110597 -0.999565 -0.0273604 -0.0478179 -0.998856 0.000756921 -0.0136579 -0.999835 -0.0119424 -0.0303915 -0.999049 0.0312763 -0.0101224 -0.99994 -0.00421827 0.00197354 -0.999177 0.0405135 -0.00618888 -0.999974 -0.00362618 0.0304323 -0.999231 0.0247102 0.296451 -0.0625416 0.952998 0.30117 -0.0243087 0.95326 0.308962 -1.78647e-07 0.951074 0.307548 -0.076539 0.948449 0.31954 -0.0625074 0.945509 0.315944 -0.024253 0.948468 0.301624 0.0242753 0.953118 0.296701 0.0625311 0.952921 0.307531 0.0765381 0.948455 0.319241 0.0624928 0.945611 0.316091 0.0242641 0.948418 -0.55549 -0.73712 0.384818 -0.235046 -0.736936 0.633781 0.368495 -0.249106 0.895632 0.344388 -0.617621 0.707065 0.155996 -0.736105 0.658646 0.208252 -0.737228 0.642749 0.355286 -0.706296 0.612305 0.138087 -0.618158 0.77383 0.690473 -0.707149 0.152271 0.674694 -0.73611 -0.0541351 0.231473 -0.252546 0.93949 0.53039 -0.736946 -0.419043 0.369043 0.248577 0.895554 0.19369 -0.737129 -0.647399 0.344766 0.617456 0.707025 -0.216309 -0.737191 -0.640124 0.208242 0.737214 0.642767 -0.547015 -0.737202 -0.39662 0.137692 0.617954 0.774063 -0.675677 -0.737168 -0.00668579 0.23167 0.252753 0.939385 </float_array>
          <technique_common>
            <accessor count="96" offset="0" source="#meshId100-bitangents-array" stride="3">
              <param name="X" type="float" />
              <param name="Y" type="float" />
              <param name="Z" type="float" />
            </accessor>
          </technique_common>
        </source>
        <source id="meshId100-tex0" name="meshId100-tex0">
          <float_array id="meshId100-tex0-array" count="192"> 0.415982 0.351772 0.414975 0.352503 0.41486 0.352149 0.415681 0.351553 0.416367 0.350588 0.415995 0.350588 0.415982 0.349404 0.415681 0.349623 0.414975 0.348673 0.41486 0.349027 0.413731 0.348673 0.413846 0.349027 0.412724 0.349404 0.413025 0.349623 0.412339 0.350588 0.412712 0.350588 0.412724 0.351771 0.413025 0.351553 0.413731 0.352503 0.413846 0.352149 0.412319 0.348415 0.411304 0.348417 0.411303 0.34731 0.412317 0.347308 0.413333 0.348414 0.413331 0.347306 0.414348 0.348412 0.414346 0.347305 0.415362 0.34841 0.41536 0.347303 0.416377 0.348409 0.416375 0.347302 0.417391 0.348407 0.417389 0.3473 0.418406 0.348406 0.418404 0.347298 0.41942 0.348404 0.419418 0.347297 0.420435 0.348403 0.420433 0.347295 0.41029 0.348418 0.410288 0.347311 0.611439 0.246561 0.611363 0.239597 0.612629 0.239584 0.612664 0.246547 0.610213 0.246586 0.610098 0.239619 0.608984 0.246632 0.608836 0.239651 0.607753 0.246727 0.607581 0.239691 0.618796 0.246633 0.618951 0.239672 0.620196 0.239711 0.620037 0.246726 0.617565 0.246589 0.617692 0.239635 0.616338 0.246563 0.616429 0.239607 0.615112 0.246549 0.615163 0.23959 0.613888 0.246543 0.613896 0.239582 0.428452 0.351073 0.429111 0.35198 0.427385 0.352542 0.427385 0.350726 0.426318 0.351073 0.425658 0.351981 0.425658 0.353103 0.426318 0.35401 0.427385 0.354357 0.428452 0.35401 0.429111 0.353102 0.611442 0.246707 0.610219 0.246732 0.429258 0.351933 0.428542 0.350948 0.608997 0.246777 0.427385 0.350572 0.607789 0.246872 0.426227 0.350948 0.620002 0.246872 0.618784 0.246779 0.425512 0.351933 0.61756 0.246736 0.425512 0.35315 0.616335 0.24671 0.426227 0.354134 0.615112 0.246695 0.427385 0.354511 0.613888 0.24669 0.428542 0.354135 0.612665 0.246694 0.429258 0.35315 </float_array>
          <technique_common>
            <accessor count="96" offset="0" source="#meshId100-tex0-array" stride="2">
              <param name="S" type="float" />
              <param name="T" type="float" />
            </accessor>
          </technique_common>
        </source>
        <vertices id="meshId100-vertices">
          <input semantic="POSITION" source="#meshId100-positions" />
        </vertices>
        <polylist count="110" material="defaultMaterial">
          <input offset="0" semantic="VERTEX" source="#meshId100-vertices" />
          <input offset="0" semantic="NORMAL" source="#meshId100-normals" />
          <input offset="0" semantic="TANGENT" source="#meshId100-tangents" />
          <input offset="0" semantic="BINORMAL" source="#meshId100-bitangents" />
          <input offset="0" semantic="TEXCOORD" source="#meshId100-tex0" set="0" />
          <vcount>3 3 3 3 3 3 3 3 3 3 3 3 3 3 3 3 3 3 3 3 3 3 3 3 3 3 3 3 3 3 3 3 3 3 3 3 3 3 3 3 3 3 3 3 3 3 3 3 3 3 3 3 3 3 3 3 3 3 3 3 3 3 3 3 3 3 3 3 3 3 3 3 3 3 3 3 3 3 3 3 3 3 3 3 3 3 3 3 3 3 3 3 3 3 3 3 3 3 3 3 3 3 3 3 3 3 3 3 3 3 </vcount>
          <p>3 0 1 1 2 3 5 4 0 0 3 5 7 6 4 4 5 7 9 8 6 6 7 9 11 10 8 8 9 11 13 12 10 10 11 13 15 14 12 12 13 15 17 16 14 14 15 17 19 18 16 16 17 19 2 1 18 18 19 2 23 20 21 21 22 23 25 24 20 20 23 25 27 26 24 24 25 27 29 28 26 26 27 29 31 30 28 28 29 31 33 32 30 30 31 33 35 34 32 32 33 35 37 36 34 34 35 37 39 38 36 36 37 39 22 21 40 40 41 22 45 42 43 43 44 45 42 46 47 47 43 42 46 48 49 49 47 46 48 50 51 51 49 48 55 52 53 53 54 55 52 56 57 57 53 52 56 58 59 59 57 56 58 60 61 61 59 58 60 62 63 63 61 60 62 45 44 44 63 62 64 65 66 67 64 66 68 67 66 69 68 66 70 69 66 71 70 66 72 71 66 73 72 66 74 73 66 65 74 66 46 42 75 75 76 46 78 77 65 65 64 78 48 46 76 76 79 48 80 78 64 64 67 80 50 48 79 79 81 50 82 80 67 67 68 82 52 55 83 83 84 52 85 82 68 68 69 85 56 52 84 84 86 56 87 85 69 69 70 87 58 56 86 86 88 58 89 87 70 70 71 89 60 58 88 88 90 60 91 89 71 71 72 91 62 60 90 90 92 62 93 91 72 72 73 93 45 62 92 92 94 45 95 93 73 73 74 95 74 65 77 77 95 74 94 75 42 42 45 94 </p>
        </polylist>
      </mesh>
    </geometry>
    <geometry id="meshId101" name="meshId101_name" >
      <mesh>
        <source id="meshId101-positions" name="meshId101-positions">
          <float_array id="meshId101-positions-array" count="648"> 0.314441 -0.450537 -0.24569 0.31428 -0.450551 -0.246222 0.314214 -0.449827 -0.246182 0.314369 -0.449841 -0.245667 0.31396 -0.449827 -0.246532 0.314019 -0.450551 -0.246582 0.313562 -0.450537 -0.246899 0.313518 -0.449841 -0.246839 0.31312 -0.450551 -0.247235 0.313089 -0.449827 -0.247164 0.312679 -0.449827 -0.247298 0.312696 -0.450551 -0.247373 0.312141 -0.450537 -0.247361 0.312141 -0.449841 -0.247286 0.311585 -0.450551 -0.247373 0.311603 -0.449827 -0.247298 0.311192 -0.449827 -0.247164 0.311162 -0.450551 -0.247235 0.310719 -0.450537 -0.246899 0.310763 -0.449841 -0.246839 0.310263 -0.450551 -0.246582 0.310321 -0.449827 -0.246532 0.310068 -0.449827 -0.246182 0.310001 -0.450551 -0.246222 0.309841 -0.450537 -0.24569 0.309912 -0.449841 -0.245667 0.309658 -0.450551 -0.245166 0.309735 -0.449827 -0.245159 0.309735 -0.449827 -0.244727 0.309658 -0.450551 -0.24472 0.309841 -0.450537 -0.244195 0.309912 -0.449841 -0.244219 0.310001 -0.450551 -0.243664 0.310068 -0.449827 -0.243703 0.310321 -0.449827 -0.243354 0.310263 -0.450551 -0.243303 0.310719 -0.450537 -0.242986 0.310763 -0.449841 -0.243047 0.311162 -0.450551 -0.24265 0.311192 -0.449827 -0.242721 0.311603 -0.449827 -0.242588 0.311585 -0.450551 -0.242513 0.312141 -0.450537 -0.242524 0.312141 -0.449841 -0.2426 0.312696 -0.450551 -0.242513 0.312679 -0.449827 -0.242588 0.313089 -0.449827 -0.242721 0.31312 -0.450551 -0.24265 0.313562 -0.450537 -0.242986 0.313518 -0.449841 -0.243047 0.314019 -0.450551 -0.243303 0.31396 -0.449827 -0.243354 0.314214 -0.449827 -0.243703 0.31428 -0.450551 -0.243664 0.314441 -0.450537 -0.244195 0.314369 -0.449841 -0.244219 0.314624 -0.450551 -0.24472 0.314547 -0.449827 -0.244727 0.314547 -0.449827 -0.245159 0.314624 -0.450551 -0.245166 0.314441 -0.450537 -0.24569 0.314369 -0.449841 -0.245667 0.31389 -0.450873 -0.246213 0.314197 -0.450873 -0.245611 0.312141 -0.450873 -0.244943 0.313411 -0.450873 -0.246692 0.312809 -0.450873 -0.246999 0.312141 -0.450873 -0.247104 0.311473 -0.450873 -0.246999 0.31087 -0.450873 -0.246692 0.310392 -0.450873 -0.246213 0.310085 -0.450873 -0.245611 0.309979 -0.450873 -0.244943 0.310085 -0.450873 -0.244275 0.310392 -0.450873 -0.243672 0.31087 -0.450873 -0.243194 0.311473 -0.450873 -0.242887 0.312141 -0.450873 -0.242781 0.312809 -0.450873 -0.242887 0.313411 -0.450873 -0.243194 0.31389 -0.450873 -0.243672 0.314197 -0.450873 -0.244275 0.314302 -0.450873 -0.244943 0.314411 -0.45078 -0.245681 0.314072 -0.45078 -0.246346 0.31408 -0.450756 -0.246352 0.314411 -0.45078 -0.245681 0.314072 -0.45078 -0.246346 0.313544 -0.45078 -0.246874 0.313544 -0.45078 -0.246874 0.312879 -0.45078 -0.247213 0.312882 -0.450756 -0.247223 0.312879 -0.45078 -0.247213 0.312141 -0.45078 -0.24733 0.312141 -0.45078 -0.24733 0.311403 -0.45078 -0.247213 0.3114 -0.450756 -0.247223 0.311403 -0.45078 -0.247213 0.310737 -0.45078 -0.246874 0.310737 -0.45078 -0.246874 0.310209 -0.45078 -0.246346 0.310201 -0.450756 -0.246352 0.310209 -0.45078 -0.246346 0.30987 -0.45078 -0.245681 0.30987 -0.45078 -0.245681 0.309753 -0.45078 -0.244943 0.309743 -0.450756 -0.244943 0.309753 -0.45078 -0.244943 0.30987 -0.45078 -0.244205 0.30987 -0.45078 -0.244205 0.310209 -0.45078 -0.243539 0.310201 -0.450756 -0.243534 0.310209 -0.45078 -0.243539 0.310737 -0.45078 -0.243011 0.310737 -0.45078 -0.243011 0.311403 -0.45078 -0.242672 0.3114 -0.450756 -0.242663 0.311403 -0.45078 -0.242672 0.312141 -0.45078 -0.242555 0.312141 -0.45078 -0.242555 0.312879 -0.45078 -0.242672 0.312882 -0.450756 -0.242663 0.312879 -0.45078 -0.242672 0.313544 -0.45078 -0.243011 0.313544 -0.45078 -0.243011 0.314072 -0.45078 -0.243539 0.31408 -0.450756 -0.243534 0.314072 -0.45078 -0.243539 0.314411 -0.45078 -0.244205 0.314411 -0.45078 -0.244205 0.314528 -0.45078 -0.244943 0.314538 -0.450756 -0.244943 0.314528 -0.45078 -0.244943 0.314411 -0.45078 -0.245681 0.313973 -0.449821 -0.246274 0.314295 -0.449821 -0.245643 0.312841 -0.449821 -0.247097 0.313472 -0.449821 -0.246775 0.311441 -0.449821 -0.247097 0.312141 -0.449821 -0.247208 0.310308 -0.449821 -0.246274 0.310809 -0.449821 -0.246775 0.309875 -0.449821 -0.244943 0.309986 -0.449821 -0.245643 0.310308 -0.449821 -0.243611 0.309986 -0.449821 -0.244243 0.311441 -0.449821 -0.242788 0.310809 -0.449821 -0.24311 0.312841 -0.449821 -0.242788 0.312141 -0.449821 -0.242678 0.313973 -0.449821 -0.243611 0.313472 -0.449821 -0.24311 0.314406 -0.449821 -0.244943 0.314295 -0.449821 -0.244243 0.314295 -0.449821 -0.245643 0.313907 -0.450183 -0.245517 0.313216 -0.450424 -0.245292 0.313272 -0.450424 -0.244943 0.313998 -0.450183 -0.244943 0.313643 -0.450183 -0.246034 0.313056 -0.450424 -0.245608 0.313232 -0.450183 -0.246445 0.312805 -0.450424 -0.245858 0.312715 -0.450183 -0.246709 0.31249 -0.450424 -0.246018 0.312141 -0.450183 -0.2468 0.312141 -0.450424 -0.246074 0.311567 -0.450183 -0.246709 0.311791 -0.450424 -0.246018 0.311049 -0.450183 -0.246445 0.311476 -0.450424 -0.245858 0.310638 -0.450183 -0.246034 0.311226 -0.450424 -0.245608 0.310375 -0.450183 -0.245517 0.311065 -0.450424 -0.245292 0.310284 -0.450183 -0.244943 0.31101 -0.450424 -0.244943 0.310375 -0.450183 -0.244369 0.311065 -0.450424 -0.244593 0.310638 -0.450183 -0.243851 0.311226 -0.450424 -0.244278 0.311049 -0.450183 -0.24344 0.311476 -0.450424 -0.244028 0.311567 -0.450183 -0.243177 0.311791 -0.450424 -0.243867 0.312141 -0.450183 -0.243086 0.312141 -0.450424 -0.243812 0.312715 -0.450183 -0.243177 0.31249 -0.450424 -0.243867 0.313232 -0.450183 -0.24344 0.312805 -0.450424 -0.244028 0.313643 -0.450183 -0.243851 0.313056 -0.450424 -0.244278 0.313907 -0.450183 -0.244369 0.313216 -0.450424 -0.244593 0.312141 -0.450564 -0.244943 0.314295 -0.449821 -0.245643 0.313973 -0.449821 -0.246274 0.313472 -0.449821 -0.246775 0.312841 -0.449821 -0.247097 0.312141 -0.449821 -0.247208 0.311441 -0.449821 -0.247097 0.310809 -0.449821 -0.246775 0.310308 -0.449821 -0.246274 0.309986 -0.449821 -0.245643 0.309875 -0.449821 -0.244943 0.309986 -0.449821 -0.244243 0.310308 -0.449821 -0.243611 0.310809 -0.449821 -0.24311 0.311441 -0.449821 -0.242788 0.312141 -0.449821 -0.242678 0.312841 -0.449821 -0.242788 0.313472 -0.449821 -0.24311 0.313973 -0.449821 -0.243611 0.314295 -0.449821 -0.244243 0.314406 -0.449821 -0.244943 </float_array>
          <technique_common>
            <accessor count="216" offset="0" source="#meshId101-positions-array" stride="3">
              <param name="X" type="float" />
              <param name="Y" type="float" />
              <param name="Z" type="float" />
            </accessor>
          </technique_common>
        </source>
        <source id="meshId101-normals" name="meshId101-normals">
          <float_array id="meshId101-normals-array" count="648"> 0.950685 -0.02775 -0.308914 0.905275 -0.019123 -0.424395 0.869202 0.27494 -0.41097 0.908422 0.296036 -0.295182 0.659471 0.27489 -0.699667 0.68337 -0.0191556 -0.729821 0.587556 -0.0277958 -0.808706 0.561436 0.29599 -0.772774 0.482922 -0.0191731 -0.875453 0.461631 0.274899 -0.843402 0.122264 0.274919 -0.953662 0.12388 -0.0191703 -0.992112 -1.71601e-06 -0.0277972 -0.999614 -1.76392e-06 0.296033 -0.955178 -0.123878 -0.0191797 -0.992112 -0.122258 0.274931 -0.953659 -0.461648 0.274898 -0.843393 -0.482927 -0.019173 -0.875451 -0.587552 -0.0277971 -0.808709 -0.561426 0.296071 -0.77275 -0.683371 -0.0192133 -0.729819 -0.659458 0.274964 -0.69965 -0.869222 0.274872 -0.410973 -0.905276 -0.0192139 -0.424388 -0.950689 -0.0278359 -0.308893 -0.908444 0.295987 -0.295164 -0.981838 -0.0192203 -0.188744 -0.944775 0.274911 -0.178392 -0.944761 0.274961 0.17839 -0.981838 -0.019209 0.188746 -0.950689 -0.0278027 0.308898 -0.90843 0.296031 0.295163 -0.905277 -0.0191774 0.424388 -0.86922 0.27488 0.410971 -0.659465 0.274978 0.699638 -0.683377 -0.0192222 0.729812 -0.587554 -0.0277982 0.808708 -0.561427 0.296087 0.772743 -0.482925 -0.0191642 0.875452 -0.461644 0.274915 0.84339 -0.122259 0.274933 0.953659 -0.123879 -0.0191716 0.992112 -4.89396e-07 -0.0277924 0.999614 -6.22143e-07 0.296032 0.955178 0.123882 -0.0191729 0.992112 0.122266 0.274911 0.953664 0.461629 0.274913 0.843399 0.48292 -0.0191563 0.875455 0.587556 -0.027789 0.808706 0.561437 0.296005 0.772767 0.683376 -0.0191706 0.729815 0.659479 0.274893 0.699658 0.86921 0.274915 0.410968 0.905278 -0.0191343 0.424389 0.950683 -0.0277923 0.308915 0.908428 0.296014 0.295184 0.981831 -0.019206 0.188784 0.944772 0.27489 0.178443 0.944768 0.274904 -0.178441 0.981832 -0.0191454 -0.188783 0.950685 -0.02775 -0.308914 0.908422 0.296036 -0.295182 0.0695018 -0.996303 -0.0504968 0.0817048 -0.996303 -0.0265443 0 -1 3.80628e-07 0.0504973 -0.996303 -0.0695063 0.0265487 -0.996303 -0.0817056 -5.996e-07 -0.996302 -0.0859162 -0.0265514 -0.996302 -0.0817154 -0.0504945 -0.996304 -0.069493 -0.0694997 -0.996303 -0.0504945 -0.0817078 -0.996303 -0.0265528 -0.0859125 -0.996303 6.98849e-06 -0.0817091 -0.996302 0.02656 -0.0695 -0.996303 0.0504963 -0.0504927 -0.996304 0.069493 -0.0265491 -0.996303 0.0817091 6.05282e-07 -0.996303 0.0859151 0.0265507 -0.996302 0.0817096 0.0505004 -0.996302 0.0695076 0.0695012 -0.996303 0.0504974 0.0817031 -0.996303 0.0265449 0.0859113 -0.996303 -1.03372e-09 0.69293 -0.684952 -0.225143 0.587642 -0.687319 -0.426931 0.754647 -0.360315 -0.548344 0.69293 -0.684952 -0.225143 0.587642 -0.687319 -0.426931 0.428254 -0.684949 -0.589443 0.428254 -0.684949 -0.589443 0.224379 -0.687337 -0.690813 0.288342 -0.360433 -0.8871 0.224379 -0.687337 -0.690813 -2.21591e-06 -0.684939 -0.7286 -2.21591e-06 -0.684939 -0.7286 -0.224513 -0.687318 -0.690787 -0.288181 -0.360371 -0.887178 -0.224513 -0.687318 -0.690787 -0.428237 -0.684967 -0.589435 -0.428237 -0.684967 -0.589435 -0.587617 -0.687357 -0.426903 -0.754597 -0.360506 -0.548286 -0.587617 -0.687357 -0.426903 -0.692909 -0.684975 -0.225138 -0.692909 -0.684975 -0.225138 -0.72629 -0.687389 2.25296e-06 -0.932705 -0.36064 -1.08646e-07 -0.72629 -0.687389 2.25296e-06 -0.692925 -0.684953 0.225153 -0.692925 -0.684953 0.225153 -0.587636 -0.687329 0.426923 -0.754613 -0.360453 0.548301 -0.587636 -0.687329 0.426923 -0.428237 -0.684957 0.589447 -0.428237 -0.684957 0.589447 -0.224517 -0.68731 0.690794 -0.288172 -0.360357 0.887187 -0.224517 -0.68731 0.690794 1.24211e-06 -0.684937 0.728602 1.24211e-06 -0.684937 0.728602 0.224391 -0.687311 0.690835 0.288343 -0.36037 0.887126 0.224391 -0.687311 0.690835 0.428248 -0.684949 0.589447 0.428248 -0.684949 0.589447 0.587617 -0.687355 0.426908 0.754643 -0.360344 0.54833 0.587617 -0.687355 0.426908 0.692872 -0.685015 0.225127 0.692872 -0.685015 0.225127 0.726283 -0.687396 -6.54678e-06 0.932802 -0.36039 -1.04945e-05 0.726283 -0.687396 -6.54678e-06 0.69293 -0.684952 -0.225143 -0.464619 0.818641 0.337574 -0.501114 0.849927 0.162814 -0.177471 0.818637 0.546202 -0.309714 0.849929 0.426261 0.17747 0.818632 0.546211 9.5696e-07 0.84992 0.526911 0.464635 0.818628 0.337583 0.309722 0.849912 0.426288 0.574314 0.818635 -6.42401e-07 0.501132 0.849914 0.162828 0.464627 0.818637 -0.337572 0.501127 0.849918 -0.162823 0.177471 0.81864 -0.546199 0.309708 0.849924 -0.426274 -0.177473 0.818642 -0.546194 -1.42666e-06 0.84993 -0.526896 -0.464613 0.818648 -0.337564 -0.309684 0.849953 -0.426234 -0.574308 0.818639 8.43986e-07 -0.501124 0.84992 -0.162822 -0.501114 0.849927 0.162814 -0.488294 0.858136 0.158655 -0.242945 0.966823 0.0789399 -0.25544 0.966825 1.67148e-06 -0.513411 0.858143 1.81084e-06 -0.415359 0.85814 0.301782 -0.206668 0.966821 0.150148 -0.301773 0.858146 0.415352 -0.150148 0.966824 0.206656 -0.158654 0.858139 0.48829 -0.078936 0.966824 0.242941 8.22439e-07 0.858132 0.513429 6.31949e-07 0.966824 0.255444 0.158649 0.858143 0.488284 0.0789212 0.966832 0.242914 0.301777 0.858143 0.415357 0.150139 0.966827 0.20665 0.415357 0.858143 0.301777 0.206661 0.966824 0.150144 0.48828 0.858145 0.158651 0.242926 0.966828 0.078935 0.513398 0.85815 -6.86594e-07 0.255437 0.966826 1.51529e-09 0.488287 0.858141 -0.158651 0.242928 0.966828 -0.0789309 0.415356 0.858145 -0.301773 0.20666 0.966825 -0.150137 0.301772 0.858145 -0.415357 0.150136 0.966828 -0.206648 0.15865 0.858147 -0.488277 0.0789224 0.966833 -0.242912 -2.14784e-06 0.858141 -0.513414 -1.38659e-06 0.966823 -0.255447 -0.158654 0.858142 -0.488284 -0.0789359 0.966823 -0.242946 -0.301758 0.858157 -0.415341 -0.150149 0.966824 -0.206658 -0.415349 0.858148 -0.301774 -0.20666 0.966823 -0.150151 -0.488296 0.858135 -0.158655 -0.242941 0.966824 -0.0789383 -5.76028e-07 1 6.57967e-07 -0.501114 0.849927 0.162814 -0.464619 0.818641 0.337574 -0.309714 0.849929 0.426261 -0.177471 0.818637 0.546202 9.5696e-07 0.84992 0.526911 0.17747 0.818632 0.546211 0.309722 0.849912 0.426288 0.464635 0.818628 0.337583 0.501132 0.849914 0.162828 0.574314 0.818635 -6.42401e-07 0.501127 0.849918 -0.162823 0.464627 0.818637 -0.337572 0.309708 0.849924 -0.426274 0.177471 0.81864 -0.546199 -1.42666e-06 0.84993 -0.526896 -0.177473 0.818642 -0.546194 -0.309684 0.849953 -0.426234 -0.464613 0.818648 -0.337564 -0.501124 0.84992 -0.162822 -0.574308 0.818639 8.43986e-07 </float_array>
          <technique_common>
            <accessor count="216" offset="0" source="#meshId101-normals-array" stride="3">
              <param name="X" type="float" />
              <param name="Y" type="float" />
              <param name="Z" type="float" />
            </accessor>
          </technique_common>
        </source>
        <source id="meshId101-tangents" name="meshId101-tangents">
          <float_array id="meshId101-tangents-array" count="648"> -0.21771 0.649683 -0.728364 -0.312897 0.645705 -0.696534 -0.494428 0.492413 -0.71629 -0.415724 0.565253 -0.712504 -0.737057 0.419446 -0.529918 -0.566991 0.615825 -0.547067 -0.652135 0.575413 -0.493578 -0.799514 0.43491 -0.414283 -0.733275 0.537614 -0.416267 -0.856443 0.385799 -0.343022 -0.948116 0.316477 -0.0303195 -0.867643 0.483062 -0.117672 -0.896852 0.44216 -0.012294 -0.940212 0.325323 0.100827 -0.908053 0.40534 0.105546 -0.936684 0.28572 0.202452 -0.82527 0.215548 0.521984 -0.826364 0.340692 0.448388 -0.776911 0.298821 0.554179 -0.748276 0.217145 0.626842 -0.707579 0.263653 0.655606 -0.677307 0.186463 0.711679 -0.394704 0.114815 0.911606 -0.419801 0.193607 0.886726 -0.309476 0.150497 0.938922 -0.274748 0.109364 0.955276 -0.189695 0.115463 0.97503 -0.160309 0.0870906 0.983217 0.189711 0.0149144 0.981727 0.187747 0.0447368 0.981198 0.30904 -0.000851614 0.951049 0.309481 0.00158751 0.950904 0.424817 -0.0364099 0.904547 0.424062 -0.0129075 0.905541 0.708279 -0.084571 0.700848 0.727408 -0.103138 0.67841 0.802187 -0.151169 0.57762 0.784673 -0.106124 0.610758 0.861656 -0.188498 0.471188 0.855516 -0.113327 0.505222 0.966875 -0.183933 0.17698 0.962033 -0.247362 0.115343 0.954499 -0.2981 -0.00828765 0.974465 -0.214475 0.0664712 0.933315 -0.337313 -0.123059 0.974669 -0.214565 -0.0631071 0.877197 -0.28295 -0.387898 0.80463 -0.384736 -0.45227 0.719832 -0.438564 -0.538055 0.82025 -0.322575 -0.472373 0.633893 -0.480345 -0.606175 0.749227 -0.31614 -0.581991 0.491075 -0.383151 -0.782331 0.355075 -0.514359 -0.780613 0.238665 -0.57055 -0.785819 0.402902 -0.431659 -0.807057 0.137734 -0.612207 -0.778609 0.284842 -0.419461 -0.861927 -0.0215889 -0.491075 -0.87085 -0.158146 -0.632351 -0.758368 -0.251691 -0.651045 -0.716095 -0.0840807 -0.562278 -0.822663 0.701456 0.0848 -0.70765 0.697295 0.0761727 -0.712725 0.707186 -2.69114e-07 -0.707027 0.708396 0.0847889 -0.700704 0.714263 0.076089 -0.695729 0.716622 0.0599228 -0.694883 0.715001 0.0382008 -0.698079 0.710565 0.0130576 -0.70351 0.704265 -0.0131531 -0.709815 0.698461 -0.0382358 -0.714626 0.695958 -0.0600184 -0.71557 0.697282 -0.0761863 -0.712736 0.701773 -0.0848046 -0.707335 0.70837 -0.0847768 -0.700731 0.714115 -0.0761001 -0.69588 0.716653 -0.0599193 -0.694851 0.714962 -0.0382015 -0.698119 0.710494 -0.0130725 -0.703582 0.704257 0.0131511 -0.709823 0.698696 0.0382635 -0.714395 0.695889 0.0600065 -0.715638 0.121344 0.418596 -0.90003 -0.136767 0.435677 -0.889651 -0.280561 0.578263 -0.766092 0.417444 0.63573 -0.649298 0.444773 0.715176 -0.539166 0.532317 0.718315 -0.447952 -0.462517 0.394229 -0.794142 -0.72776 0.353255 -0.587857 -0.76289 0.473412 -0.440318 0.647047 0.635153 -0.421794 0.737872 0.491761 -0.462295 -0.90607 0.308292 -0.289815 -0.966301 0.248627 0.0666795 -0.925664 0.342028 0.16175 0.772051 0.307073 -0.556456 0.743256 0.104021 -0.66087 -0.892462 0.218177 0.394855 -0.682329 0.137371 0.718022 -0.636176 0.197148 0.745931 0.66158 -0.104383 -0.742574 0.554738 -0.306987 -0.773321 -0.4167 0.125607 0.900324 -0.0247204 0.0261227 0.999353 -0.0189965 0.0491294 0.998612 0.463415 -0.489643 -0.738577 0.417408 -0.635712 -0.649339 0.281744 0.030217 0.959014 0.64752 -0.0830898 0.757505 0.614622 -0.0956641 0.783 0.445506 -0.715302 -0.538393 0.532531 -0.718272 -0.447769 0.842508 -0.0667394 0.534533 0.973538 -0.189199 0.128168 0.94791 -0.238675 0.210951 0.646757 -0.63535 -0.421942 0.737907 -0.491735 -0.462266 0.97399 -0.165094 -0.155201 0.787756 -0.289385 -0.54378 0.827489 -0.372383 -0.42023 0.772032 -0.30721 -0.556407 0.743298 -0.103964 -0.660833 0.607773 -0.264401 -0.748802 0.20517 -0.383791 -0.900339 0.342069 -0.497075 -0.797437 0.661599 0.104408 -0.742553 0.5549 0.307179 -0.773128 -0.0565627 -0.362889 -0.930114 -0.444428 -0.469563 -0.762885 -0.227476 -0.588757 -0.775642 0.463365 0.489585 -0.738647 -0.599049 -0.373163 -0.708442 -0.850468 -0.306353 -0.427612 -0.72645 -0.31091 -0.612866 -0.971669 -0.233789 0.0346858 -0.945894 -0.22979 -0.229088 -0.836903 -0.166473 0.521421 -0.946872 -0.169459 0.273343 -0.464248 -0.0994388 0.880106 -0.684108 -0.11218 0.720702 0.047604 -0.0333958 0.998308 -0.220876 -0.0563039 0.973675 0.549322 0.0325363 0.834977 0.31037 -0.0008861 0.950615 0.893499 0.0986064 0.438106 0.753012 0.0544919 0.655747 0.983615 0.165437 -0.0716433 0.97761 0.110873 0.178845 0.805812 0.232813 -0.544486 0.926217 0.168303 -0.337338 0.436186 0.306003 -0.846229 0.627848 0.227596 -0.744316 0.223645 0.308942 -0.924412 0.855668 0.506519 -0.106169 0.956317 0.252354 -0.147568 0.954847 0.252275 -0.156922 0.848783 0.507811 -0.147294 0.886247 0.456531 -0.0783912 0.96347 0.227818 -0.140798 0.929032 0.362522 -0.0740081 0.973588 0.180956 -0.139216 0.967889 0.232846 -0.0947272 0.982829 0.116249 -0.143294 0.987897 0.0796385 -0.133107 0.987604 0.0400956 -0.151759 0.981215 -0.082058 -0.174593 0.986079 -0.0399379 -0.161412 0.950336 -0.235987 -0.202908 0.978853 -0.115992 -0.168498 0.907183 -0.36631 -0.206969 0.968779 -0.180721 -0.169726 0.86839 -0.45976 -0.185796 0.959627 -0.227627 -0.165232 0.84879 -0.507799 -0.147292 0.954839 -0.25227 -0.156976 0.855637 -0.506528 -0.106372 0.956314 -0.252337 -0.147611 0.886209 -0.456572 -0.0785777 0.963478 -0.227804 -0.140766 0.929018 -0.362546 -0.07407 0.973594 -0.180939 -0.139199 0.967832 -0.232977 -0.0949916 0.982782 -0.116298 -0.143578 0.987884 -0.0796782 -0.133182 0.987571 -0.0401485 -0.151961 0.981227 0.0821208 -0.174497 0.986114 0.040009 -0.161181 0.950354 0.23605 -0.202749 0.978935 0.116136 -0.167922 0.907174 0.366236 -0.207138 0.968772 0.180709 -0.169782 0.868371 0.459748 -0.185913 0.959591 0.227615 -0.165457 0.987677 6.74041e-07 -0.156506 0.842027 0.522297 -0.134893 0.848461 0.520679 -0.0949064 0.917988 0.384092 -0.0988538 0.956908 0.273171 -0.0985073 0.986805 0.0853129 -0.137614 0.979861 -0.0953683 -0.175434 0.948729 -0.246473 -0.197897 0.884708 -0.413019 -0.216118 0.860765 -0.470173 -0.194989 0.807198 -0.56629 -0.166577 0.841956 -0.522333 -0.135197 0.848312 -0.520825 -0.0954409 0.917931 -0.384173 -0.0990615 0.95685 -0.273299 -0.0987203 0.986777 -0.0854009 -0.137762 0.979855 0.0953418 -0.175482 0.948745 0.24648 -0.197814 0.884715 0.412953 -0.216217 0.860756 0.47013 -0.195135 0.807193 0.566278 -0.166639 </float_array>
          <technique_common>
            <accessor count="216" offset="0" source="#meshId101-tangents-array" stride="3">
              <param name="X" type="float" />
              <param name="Y" type="float" />
              <param name="Z" type="float" />
            </accessor>
          </technique_common>
        </source>
        <source id="meshId101-bitangents" name="meshId101-bitangents">
          <float_array id="meshId101-bitangents-array" count="648"> 0.220909 0.759699 0.611602 0.287354 0.763347 0.578557 0.0054307 0.825795 0.563944 -0.0440745 0.769969 0.636557 0.147803 0.865159 0.479222 0.459921 0.78765 0.409975 0.479059 0.817391 0.31996 0.213464 0.850437 0.480822 0.478637 0.842973 0.245567 0.231087 0.880676 0.413533 0.293477 0.907889 0.299348 0.481508 0.875376 0.0432088 0.442331 0.896505 -0.0249308 0.340589 0.89807 0.278333 0.400118 0.913965 -0.067629 0.32814 0.918029 0.222592 0.325284 0.937001 0.127357 0.289662 0.939979 -0.180373 0.226255 0.953904 -0.197169 0.353389 0.930156 0.0996323 0.179823 0.964426 -0.193768 0.326145 0.9432 0.0632705 0.29776 0.954601 0.00869349 0.0651272 0.980891 -0.183334 0.0203519 0.988218 -0.151691 0.31503 0.948911 -0.0180289 0.00305258 0.993126 -0.117012 0.285833 0.957517 -0.0382104 0.267276 0.96134 -0.0662536 -0.0272917 0.998814 -0.0403179 -0.0261786 0.999613 0.00940176 0.281028 0.955177 -0.0930581 -0.00189495 0.999153 0.0411079 0.25422 0.961392 -0.105347 0.251887 0.957724 -0.138989 0.0622307 0.994481 0.0844644 0.106194 0.988117 0.111119 0.262844 0.949247 -0.172751 0.155991 0.981887 0.107543 0.234471 0.954766 -0.182877 0.224067 0.943706 -0.243338 0.2432 0.968733 0.0490866 0.298215 0.95413 0.026528 0.224539 0.930788 -0.288472 0.337012 0.941197 -0.0238929 0.187274 0.937222 -0.294181 0.132001 0.918892 -0.37177 0.345483 0.922828 -0.170383 0.369621 0.89827 -0.237677 0.10945 0.89907 -0.423904 0.362184 0.87687 -0.316104 0.0612047 0.908014 -0.414446 -0.0576115 0.881826 -0.468043 0.233225 0.857362 -0.458844 0.198091 0.820792 -0.53578 -0.111481 0.852083 -0.511396 0.130529 0.790464 -0.598438 -0.162085 0.865152 -0.474595 -0.327028 0.826603 -0.458017 -0.104858 0.774445 -0.623891 -0.181246 0.758532 -0.625923 -0.409512 0.772144 -0.485895 0.709316 0.0137617 0.704757 0.712112 0.0397239 0.700941 0.707027 2.69175e-07 0.707186 0.704007 -0.0138543 0.710058 0.699374 -0.0398886 0.713642 0.697462 -0.0615699 0.713973 0.698619 -0.0769616 0.711343 0.701817 -0.0849027 0.70728 0.706527 -0.0848935 0.702576 0.710968 -0.0769366 0.699003 0.712925 -0.0614715 0.698541 0.712124 -0.0397173 0.700929 0.709003 -0.0137229 0.705072 0.704033 0.0138449 0.710033 0.699525 0.0398747 0.713495 0.69743 0.0615718 0.714003 0.698659 0.0769548 0.711304 0.701889 0.0849159 0.707206 0.706535 0.0848967 0.702567 0.710738 0.0769151 0.699239 0.712992 0.0614814 0.698471 0.71072 0.596338 0.373172 0.797478 0.581187 0.16202 0.593121 0.731973 0.335295 0.587868 0.355934 0.726445 0.67591 0.12695 0.725968 0.730231 -0.121934 0.672232 0.776323 0.612722 -0.14797 0.648089 0.634649 -0.420953 0.578669 0.803722 -0.138465 0.728686 -0.352347 0.587255 0.674941 -0.537614 0.505396 0.423128 0.660162 -0.620604 0.125918 0.682479 -0.719977 0.245149 0.867842 -0.432148 0.594584 -0.658255 0.461703 0.513988 -0.72111 0.46456 -0.141861 0.69514 -0.704738 -0.434894 0.713211 -0.549725 -0.160819 0.911684 -0.378112 0.465852 -0.71878 0.516079 0.460591 -0.660733 0.592695 -0.588421 0.717658 -0.372463 -0.686944 0.72582 -0.0359651 -0.36014 0.93141 -0.0526741 0.507691 -0.53642 0.674169 0.587899 -0.355963 0.726406 -0.663683 0.72796 0.172043 -0.485182 0.721578 0.493885 -0.229782 0.927859 0.293731 0.675432 -0.126183 0.726547 0.730085 0.122148 0.672351 -0.326793 0.725521 0.605662 0.0426067 0.70129 0.711601 0.135732 0.901763 0.410365 0.728901 0.352043 0.58717 0.674902 0.537641 0.505419 0.226591 0.709651 0.667122 0.573663 0.666228 0.476498 0.481789 0.855257 0.190827 0.594656 0.658199 0.46169 0.513918 0.721135 0.464599 0.668742 0.678923 0.303064 0.782695 0.616643 -0.0844974 0.559912 0.789347 -0.251851 0.465825 0.718779 0.516105 0.46045 0.660602 0.592951 0.718839 0.631716 -0.290182 0.524401 0.554073 -0.646534 0.279527 0.723522 -0.631174 0.507746 0.536464 0.674092 0.401234 0.625772 -0.668895 -0.246644 -0.485773 0.838565 -0.470271 -0.425392 0.773231 0.156091 -0.524572 0.836935 -0.0967577 -0.474149 0.875112 0.517781 -0.549662 0.655572 0.32161 -0.498918 0.804766 0.754048 -0.56565 0.333843 0.660355 -0.514844 0.546687 0.81725 -0.573342 -0.05815 0.836708 -0.523905 0.15951 0.694527 -0.573389 -0.434578 0.807801 -0.526914 -0.264233 0.41251 -0.565779 -0.713954 0.580563 -0.524079 -0.623127 0.0317108 -0.549959 -0.834589 0.210424 -0.515099 -0.8309 -0.367153 -0.524989 -0.767845 -0.214985 -0.499254 -0.839361 -0.692757 -0.485996 -0.532819 -0.595552 -0.475222 -0.647674 -0.835983 -0.426823 -0.344898 -0.171469 0.0839142 -0.981609 -0.162593 0.0396407 -0.985897 -0.151716 -0.0400825 -0.987611 -0.126401 -0.0756211 -0.989093 -0.205043 0.234893 -0.950149 -0.170333 0.115565 -0.978586 -0.214084 0.363542 -0.906645 -0.171993 0.180295 -0.968459 -0.194985 0.457582 -0.867525 -0.166782 0.227458 -0.959399 -0.155113 0.507215 -0.847746 -0.156967 0.252278 -0.954839 -0.109758 0.506811 -0.855041 -0.146357 0.252271 -0.956524 -0.0761051 0.455962 -0.88674 -0.138938 0.227578 -0.963797 -0.0670653 0.359733 -0.930642 -0.136961 0.180532 -0.973987 -0.0864983 0.228491 -0.969696 -0.141783 0.115887 -0.983091 -0.126399 0.0756189 -0.989093 -0.151768 0.0400975 -0.987602 -0.171644 -0.0838076 -0.981588 -0.162632 -0.0396238 -0.985891 -0.205212 -0.234796 -0.950136 -0.170298 -0.115563 -0.978593 -0.214149 -0.363521 -0.906638 -0.171972 -0.180293 -0.968463 -0.195274 -0.4575 -0.867503 -0.167066 -0.227398 -0.959364 -0.155197 -0.507193 -0.847743 -0.157175 -0.252272 -0.954806 -0.109645 -0.506802 -0.855061 -0.146113 -0.252295 -0.956555 -0.0759491 -0.455902 -0.886784 -0.138351 -0.227518 -0.963896 -0.0672347 -0.359796 -0.930605 -0.137016 -0.180549 -0.973976 -0.0865972 -0.228552 -0.969673 -0.142001 -0.115945 -0.983053 -0.156506 5.59708e-07 -0.987677 -0.199686 0.0694967 -0.977392 -0.253462 0.242323 -0.936502 -0.247742 0.360686 -0.899183 -0.229849 0.505184 -0.831841 -0.161913 0.519959 -0.838705 -0.091525 0.566345 -0.819071 -0.0631268 0.465725 -0.882675 -0.037492 0.399079 -0.91615 -0.0891669 0.237872 -0.967195 -0.136367 0.0956672 -0.986028 -0.199954 -0.0693388 -0.977349 -0.253947 -0.242022 -0.936449 -0.247958 -0.36061 -0.899154 -0.230092 -0.50511 -0.831818 -0.162085 -0.519929 -0.838691 -0.0915817 -0.566335 -0.819071 -0.0630746 -0.465648 -0.882719 -0.0376073 -0.399106 -0.916134 -0.0893017 -0.237937 -0.967167 -0.136418 -0.0957013 -0.986018 </float_array>
          <technique_common>
            <accessor count="216" offset="0" source="#meshId101-bitangents-array" stride="3">
              <param name="X" type="float" />
              <param name="Y" type="float" />
              <param name="Z" type="float" />
            </accessor>
          </technique_common>
        </source>
        <source id="meshId101-tex0" name="meshId101-tex0">
          <float_array id="meshId101-tex0-array" count="432"> 0.410871 0.354838 0.410991 0.354726 0.411125 0.35488 0.411023 0.354989 0.411216 0.354803 0.411088 0.354645 0.411218 0.354549 0.411341 0.354719 0.411351 0.354456 0.41146 0.354628 0.411562 0.354567 0.41146 0.35439 0.411603 0.354316 0.411698 0.354503 0.411749 0.354245 0.41183 0.354432 0.41194 0.354387 0.411866 0.354196 0.412019 0.354145 0.412084 0.354345 0.412174 0.354097 0.412225 0.354295 0.412341 0.354267 0.412297 0.354068 0.412457 0.35404 0.41249 0.354248 0.412617 0.354017 0.412637 0.35422 0.412756 0.354211 0.412743 0.354007 0.412905 0.354005 0.412905 0.354215 0.413067 0.354007 0.413055 0.35421 0.413174 0.354219 0.413193 0.354016 0.413354 0.354039 0.413321 0.354246 0.413513 0.354065 0.41347 0.354265 0.413586 0.354292 0.413637 0.354094 0.413792 0.354142 0.413728 0.354342 0.413945 0.354193 0.413872 0.354383 0.413982 0.354428 0.414063 0.35424 0.414208 0.354311 0.414114 0.354499 0.414352 0.354385 0.414251 0.354562 0.414353 0.354623 0.414461 0.35445 0.414594 0.354542 0.414472 0.354713 0.414724 0.354638 0.414597 0.354796 0.414688 0.354873 0.414822 0.354719 0.414942 0.35483 0.414791 0.354982 0.414316 0.360515 0.414256 0.3607 0.413702 0.360418 0.414316 0.36032 0.414256 0.360135 0.414142 0.359978 0.413984 0.359864 0.413799 0.359804 0.413604 0.359804 0.41342 0.359864 0.413262 0.359978 0.413148 0.360136 0.413088 0.36032 0.413088 0.360515 0.413148 0.3607 0.413262 0.360857 0.41342 0.360972 0.413605 0.361032 0.413799 0.361032 0.413984 0.360972 0.414142 0.360857 0.410826 0.35478 0.410992 0.354627 0.410997 0.354633 0.414319 0.360732 0.414385 0.360526 0.414385 0.360309 0.411176 0.354489 0.411366 0.354359 0.41137 0.354365 0.414318 0.360104 0.414191 0.359928 0.41157 0.35425 0.411778 0.354151 0.411781 0.354158 0.414016 0.359801 0.41381 0.359734 0.411997 0.354075 0.412218 0.354009 0.41222 0.354016 0.413594 0.359734 0.413388 0.359801 0.412445 0.353968 0.412674 0.353937 0.412675 0.353944 0.413212 0.359928 0.413085 0.360104 0.412905 0.353931 0.413136 0.353936 0.413135 0.353943 0.413018 0.360309 0.413018 0.360526 0.413365 0.353966 0.413592 0.354006 0.41359 0.354014 0.413085 0.360732 0.413212 0.360907 0.413814 0.354072 0.414032 0.354146 0.414029 0.354153 0.413388 0.361034 0.413594 0.361101 0.414241 0.354245 0.414445 0.354353 0.414441 0.354359 0.41381 0.361101 0.414016 0.361034 0.414636 0.354482 0.414821 0.35462 0.414816 0.354626 0.414191 0.360907 0.414987 0.354772 0.411201 0.354877 0.411041 0.355005 0.411535 0.354638 0.411355 0.354739 0.411902 0.354453 0.411709 0.354525 0.412294 0.354327 0.412091 0.354368 0.4127 0.354262 0.412494 0.354272 0.413111 0.354262 0.412905 0.354239 0.413518 0.354324 0.413318 0.354271 0.413909 0.354449 0.41372 0.354365 0.414277 0.354632 0.414103 0.35452 0.414612 0.35487 0.414458 0.354733 0.414772 0.354998 0.608873 0.238007 0.608659 0.237973 0.608659 0.237872 0.608874 0.237839 0.608821 0.238167 0.608628 0.238068 0.608722 0.238304 0.608569 0.23815 0.608586 0.238402 0.608488 0.238209 0.608425 0.238454 0.608392 0.23824 0.608257 0.238454 0.608291 0.23824 0.608097 0.238402 0.608196 0.238209 0.60796 0.238303 0.608114 0.23815 0.607861 0.238166 0.608055 0.238068 0.60781 0.238006 0.608024 0.237973 0.60781 0.237838 0.608024 0.237872 0.607862 0.237677 0.608055 0.237776 0.607961 0.237541 0.608114 0.237695 0.608098 0.237442 0.608195 0.237636 0.608258 0.23739 0.608291 0.237605 0.608426 0.237391 0.608392 0.237605 0.608587 0.237443 0.608487 0.237636 0.608723 0.237542 0.608569 0.237695 0.608822 0.237678 0.608628 0.237776 0.608342 0.237922 0.609028 0.238031 0.608961 0.238238 0.608833 0.238413 0.608657 0.238541 0.608451 0.238609 0.608233 0.238609 0.608026 0.238541 0.60785 0.238414 0.607723 0.238238 0.607656 0.238031 0.607655 0.237814 0.607722 0.237607 0.60785 0.237431 0.608026 0.237304 0.608233 0.237236 0.60845 0.237236 0.608657 0.237303 0.608833 0.237431 0.60896 0.237607 0.609028 0.237813 </float_array>
          <technique_common>
            <accessor count="216" offset="0" source="#meshId101-tex0-array" stride="2">
              <param name="S" type="float" />
              <param name="T" type="float" />
            </accessor>
          </technique_common>
        </source>
        <vertices id="meshId101-vertices">
          <input semantic="POSITION" source="#meshId101-positions" />
        </vertices>
        <polylist count="340" material="defaultMaterial">
          <input offset="0" semantic="VERTEX" source="#meshId101-vertices" />
          <input offset="0" semantic="NORMAL" source="#meshId101-normals" />
          <input offset="0" semantic="TANGENT" source="#meshId101-tangents" />
          <input offset="0" semantic="BINORMAL" source="#meshId101-bitangents" />
          <input offset="0" semantic="TEXCOORD" source="#meshId101-tex0" set="0" />
          <vcount>3 3 3 3 3 3 3 3 3 3 3 3 3 3 3 3 3 3 3 3 3 3 3 3 3 3 3 3 3 3 3 3 3 3 3 3 3 3 3 3 3 3 3 3 3 3 3 3 3 3 3 3 3 3 3 3 3 3 3 3 3 3 3 3 3 3 3 3 3 3 3 3 3 3 3 3 3 3 3 3 3 3 3 3 3 3 3 3 3 3 3 3 3 3 3 3 3 3 3 3 3 3 3 3 3 3 3 3 3 3 3 3 3 3 3 3 3 3 3 3 3 3 3 3 3 3 3 3 3 3 3 3 3 3 3 3 3 3 3 3 3 3 3 3 3 3 3 3 3 3 3 3 3 3 3 3 3 3 3 3 3 3 3 3 3 3 3 3 3 3 3 3 3 3 3 3 3 3 3 3 3 3 3 3 3 3 3 3 3 3 3 3 3 3 3 3 3 3 3 3 3 3 3 3 3 3 3 3 3 3 3 3 3 3 3 3 3 3 3 3 3 3 3 3 3 3 3 3 3 3 3 3 3 3 3 3 3 3 3 3 3 3 3 3 3 3 3 3 3 3 3 3 3 3 3 3 3 3 3 3 3 3 3 3 3 3 3 3 3 3 3 3 3 3 3 3 3 3 3 3 3 3 3 3 3 3 3 3 3 3 3 3 3 3 3 3 3 3 3 3 3 3 3 3 3 3 3 3 3 3 3 3 3 3 3 3 3 3 3 3 3 3 3 3 3 3 3 3 3 3 3 3 3 3 3 3 3 3 3 3 </vcount>
          <p>3 0 1 1 2 3 7 4 5 5 6 7 7 6 8 8 9 7 13 10 11 11 12 13 13 12 14 14 15 13 19 16 17 17 18 19 19 18 20 20 21 19 25 22 23 23 24 25 25 24 26 26 27 25 31 28 29 29 30 31 31 30 32 32 33 31 37 34 35 35 36 37 37 36 38 38 39 37 43 40 41 41 42 43 43 42 44 44 45 43 49 46 47 47 48 49 49 48 50 50 51 49 55 52 53 53 54 55 55 54 56 56 57 55 61 58 59 59 60 61 62 63 64 65 62 64 66 65 64 67 66 64 68 67 64 69 68 64 70 69 64 71 70 64 72 71 64 73 72 64 74 73 64 75 74 64 76 75 64 77 76 64 78 77 64 79 78 64 80 79 64 81 80 64 82 81 64 63 82 64 1 0 83 1 83 84 84 85 1 87 86 63 63 62 87 88 87 62 62 65 88 8 6 89 8 89 90 90 91 8 92 88 65 65 66 92 93 92 66 66 67 93 14 12 94 14 94 95 95 96 14 97 93 67 67 68 97 98 97 68 68 69 98 20 18 99 20 99 100 100 101 20 102 98 69 69 70 102 103 102 70 70 71 103 26 24 104 26 104 105 105 106 26 107 103 71 71 72 107 108 107 72 72 73 108 32 30 109 32 109 110 110 111 32 112 108 73 73 74 112 113 112 74 74 75 113 38 36 114 38 114 115 115 116 38 117 113 75 75 76 117 118 117 76 76 77 118 44 42 119 44 119 120 120 121 44 122 118 77 77 78 122 123 122 78 78 79 123 50 48 124 50 124 125 125 126 50 127 123 79 79 80 127 128 127 80 80 81 128 56 54 129 56 129 130 130 131 56 132 128 81 81 82 132 82 63 86 86 132 82 130 133 60 130 60 59 59 131 130 135 3 2 2 134 135 137 7 9 9 136 137 139 13 15 15 138 139 141 19 21 21 140 141 143 25 27 27 142 143 145 31 33 33 144 145 147 37 39 39 146 147 149 43 45 45 148 149 151 49 51 51 150 151 153 55 57 57 152 153 137 134 4 4 7 137 6 5 85 6 85 84 84 89 6 139 136 10 10 13 139 12 11 91 12 91 90 90 94 12 141 138 16 16 19 141 18 17 96 18 96 95 95 99 18 143 140 22 22 25 143 24 23 101 24 101 100 100 104 24 145 142 28 28 31 145 30 29 106 30 106 105 105 109 30 147 144 34 34 37 147 36 35 111 36 111 110 110 114 36 149 146 40 40 43 149 42 41 116 42 116 115 115 119 42 151 148 46 46 49 151 48 47 121 48 121 120 120 124 48 153 150 52 52 55 153 54 53 126 54 126 125 125 129 54 154 152 58 58 61 154 5 4 2 2 1 5 11 10 9 9 8 11 17 16 15 15 14 17 23 22 21 21 20 23 29 28 27 27 26 29 35 34 33 33 32 35 41 40 39 39 38 41 47 46 45 45 44 47 53 52 51 51 50 53 59 58 57 57 56 59 134 2 4 1 85 5 136 9 10 8 91 11 138 15 16 14 96 17 140 21 22 20 101 23 142 27 28 26 106 29 144 33 34 32 111 35 146 39 40 38 116 41 148 45 46 44 121 47 150 51 52 50 126 53 152 57 58 56 131 59 158 155 156 156 157 158 160 156 155 155 159 160 162 160 159 159 161 162 164 162 161 161 163 164 166 164 163 163 165 166 168 166 165 165 167 168 170 168 167 167 169 170 172 170 169 169 171 172 174 172 171 171 173 174 176 174 173 173 175 176 178 176 175 175 177 178 180 178 177 177 179 180 182 180 179 179 181 182 184 182 181 181 183 184 186 184 183 183 185 186 188 186 185 185 187 188 190 188 187 187 189 190 192 190 189 189 191 192 194 192 191 191 193 194 157 194 193 193 158 157 156 160 195 160 162 195 162 164 195 164 166 195 166 168 195 168 170 195 170 172 195 172 174 195 174 176 195 176 178 195 178 180 195 180 182 195 182 184 195 184 186 195 186 188 195 188 190 195 190 192 195 192 194 195 194 157 195 157 156 195 155 196 197 197 159 155 159 197 198 198 161 159 161 198 199 199 163 161 163 199 200 200 165 163 165 200 201 201 167 165 167 201 202 202 169 167 169 202 203 203 171 169 171 203 204 204 173 171 173 204 205 205 175 173 175 205 206 206 177 175 177 206 207 207 179 177 179 207 208 208 181 179 181 208 209 209 183 181 183 209 210 210 185 183 185 210 211 211 187 185 187 211 212 212 189 187 189 212 213 213 191 189 191 213 214 214 193 191 193 214 215 215 158 193 158 215 196 196 155 158 </p>
        </polylist>
      </mesh>
    </geometry>
    <geometry id="meshId102" name="meshId102_name" >
      <mesh>
        <source id="meshId102-positions" name="meshId102-positions">
          <float_array id="meshId102-positions-array" count="42"> -0.639626 -0.578758 0.86408 -0.0878078 -0.578758 0.86408 -0.0878078 -0.565179 0.86408 -0.639626 -0.565179 0.86408 -0.0878078 -0.565179 0.795914 -0.639626 -0.565179 0.795914 -0.0878078 -0.578758 0.795914 -0.639626 -0.578758 0.795914 -0.639626 -0.578758 0.795914 -0.0878078 -0.578758 0.795914 -0.0878078 -0.578758 0.795914 -0.0878078 -0.565179 0.795914 -0.639626 -0.578758 0.795914 -0.639626 -0.565179 0.795914 </float_array>
          <technique_common>
            <accessor count="14" offset="0" source="#meshId102-positions-array" stride="3">
              <param name="X" type="float" />
              <param name="Y" type="float" />
              <param name="Z" type="float" />
            </accessor>
          </technique_common>
        </source>
        <source id="meshId102-normals" name="meshId102-normals">
          <float_array id="meshId102-normals-array" count="42"> -0.0241275 -0.980443 0.195317 0.0241275 -0.980443 0.195317 0.0241275 0.980443 0.195317 -0.0241275 0.980443 0.195317 0.0241275 0.980443 -0.195317 -0.0241275 0.980443 -0.195317 0.0241275 -0.980443 -0.195317 -0.0241275 -0.980443 -0.195317 -0.0241275 -0.980443 -0.195317 0.0241275 -0.980443 -0.195317 0.0241275 -0.980443 -0.195317 0.0241275 0.980443 -0.195317 -0.0241275 -0.980443 -0.195317 -0.0241275 0.980443 -0.195317 </float_array>
          <technique_common>
            <accessor count="14" offset="0" source="#meshId102-normals-array" stride="3">
              <param name="X" type="float" />
              <param name="Y" type="float" />
              <param name="Z" type="float" />
            </accessor>
          </technique_common>
        </source>
        <source id="meshId102-tangents" name="meshId102-tangents">
          <float_array id="meshId102-tangents-array" count="42"> -0.0889798 0.196705 0.976417 0.0889876 0.196705 0.976416 -0.0889784 0.196705 -0.976417 0.0889884 0.196705 -0.976416 0.0600419 -0.196443 -0.978675 -0.0599418 -0.196442 -0.978682 -0.1202 -0.196802 0.973047 0.120352 -0.196802 0.973028 -0.00478647 -0.195259 0.98074 0.00481792 -0.195258 0.98074 0.120191 0.196802 -0.973048 -0.120209 0.196802 0.973046 -0.120219 0.196802 -0.973045 0.120181 0.196802 0.97305 </float_array>
          <technique_common>
            <accessor count="14" offset="0" source="#meshId102-tangents-array" stride="3">
              <param name="X" type="float" />
              <param name="Y" type="float" />
              <param name="Z" type="float" />
            </accessor>
          </technique_common>
        </source>
        <source id="meshId102-bitangents" name="meshId102-bitangents">
          <float_array id="meshId102-bitangents-array" count="42"> -0.995741 0.00617915 -0.0919857 -0.99574 -0.00617761 0.0919933 -0.995741 0.00617944 0.0919842 -0.99574 -0.00617745 -0.0919941 -0.997904 0.0118857 -0.0636073 -0.99791 -0.0119054 0.0635092 -0.992456 -1.86265e-09 -0.122598 -0.992438 -3.02028e-05 0.122747 -0.999697 0.0245976 1.82334e-05 -0.999697 -0.0246038 1.26199e-05 0.992458 1.8701e-06 0.122588 0.992455 1.8701e-06 0.122607 0.992454 3.74392e-06 -0.122616 0.992459 3.7346e-06 -0.122579 </float_array>
          <technique_common>
            <accessor count="14" offset="0" source="#meshId102-bitangents-array" stride="3">
              <param name="X" type="float" />
              <param name="Y" type="float" />
              <param name="Z" type="float" />
            </accessor>
          </technique_common>
        </source>
        <source id="meshId102-tex0" name="meshId102-tex0">
          <float_array id="meshId102-tex0-array" count="28"> 0.474016 0.545927 0.474018 0.387193 0.477925 0.387193 0.477922 0.545927 0.497533 0.387194 0.497531 0.545928 0.501439 0.387194 0.501437 0.545928 0.454408 0.545927 0.45441 0.387193 0.474019 0.367585 0.477925 0.367585 0.474016 0.565536 0.477922 0.565536 </float_array>
          <technique_common>
            <accessor count="14" offset="0" source="#meshId102-tex0-array" stride="2">
              <param name="S" type="float" />
              <param name="T" type="float" />
            </accessor>
          </technique_common>
        </source>
        <vertices id="meshId102-vertices">
          <input semantic="POSITION" source="#meshId102-positions" />
        </vertices>
        <polylist count="12" material="defaultMaterial">
          <input offset="0" semantic="VERTEX" source="#meshId102-vertices" />
          <input offset="0" semantic="NORMAL" source="#meshId102-normals" />
          <input offset="0" semantic="TANGENT" source="#meshId102-tangents" />
          <input offset="0" semantic="BINORMAL" source="#meshId102-bitangents" />
          <input offset="0" semantic="TEXCOORD" source="#meshId102-tex0" set="0" />
          <vcount>3 3 3 3 3 3 3 3 3 3 3 3 </vcount>
          <p>3 0 1 1 2 3 5 3 2 2 4 5 7 5 4 4 6 7 0 8 9 9 1 0 2 1 10 10 11 2 13 12 0 0 3 13 </p>
        </polylist>
      </mesh>
    </geometry>
    <geometry id="meshId103" name="meshId103_name" >
      <mesh>
        <source id="meshId103-positions" name="meshId103-positions">
          <float_array id="meshId103-positions-array" count="42"> -0.639626 -0.600321 0.931481 -0.0878078 -0.600321 0.931481 -0.0878078 -0.586741 0.931481 -0.639626 -0.586741 0.931481 -0.0878078 -0.586741 0.863316 -0.639626 -0.586741 0.863316 -0.0878078 -0.600321 0.863316 -0.639626 -0.600321 0.863316 -0.639626 -0.600321 0.863316 -0.0878078 -0.600321 0.863316 -0.0878078 -0.600321 0.863316 -0.0878078 -0.586741 0.863316 -0.639626 -0.600321 0.863316 -0.639626 -0.586741 0.863316 </float_array>
          <technique_common>
            <accessor count="14" offset="0" source="#meshId103-positions-array" stride="3">
              <param name="X" type="float" />
              <param name="Y" type="float" />
              <param name="Z" type="float" />
            </accessor>
          </technique_common>
        </source>
        <source id="meshId103-normals" name="meshId103-normals">
          <float_array id="meshId103-normals-array" count="42"> -0.0241275 -0.980443 0.195317 0.0241275 -0.980443 0.195317 0.0241275 0.980443 0.195317 -0.0241275 0.980443 0.195317 0.0241275 0.980443 -0.195317 -0.0241275 0.980443 -0.195317 0.0241275 -0.980443 -0.195317 -0.0241275 -0.980443 -0.195317 -0.0241275 -0.980443 -0.195317 0.0241275 -0.980443 -0.195317 0.0241275 -0.980443 -0.195317 0.0241275 0.980443 -0.195317 -0.0241275 -0.980443 -0.195317 -0.0241275 0.980443 -0.195317 </float_array>
          <technique_common>
            <accessor count="14" offset="0" source="#meshId103-normals-array" stride="3">
              <param name="X" type="float" />
              <param name="Y" type="float" />
              <param name="Z" type="float" />
            </accessor>
          </technique_common>
        </source>
        <source id="meshId103-tangents" name="meshId103-tangents">
          <float_array id="meshId103-tangents-array" count="42"> -0.0889812 0.196705 0.976417 0.0889884 0.196705 0.976416 -0.0889797 0.196705 -0.976417 0.0889892 0.196705 -0.976416 0.0600785 -0.196443 -0.978673 -0.0599804 -0.196442 -0.978679 -0.120124 -0.196802 0.973057 0.120276 -0.196802 0.973038 -0.00479266 -0.195258 0.98074 0.0048203 -0.195258 0.98074 0.120181 0.196802 -0.97305 -0.120219 0.196802 0.973045 -0.120219 0.196802 -0.973045 0.120181 0.196802 0.97305 </float_array>
          <technique_common>
            <accessor count="14" offset="0" source="#meshId103-tangents-array" stride="3">
              <param name="X" type="float" />
              <param name="Y" type="float" />
              <param name="Z" type="float" />
            </accessor>
          </technique_common>
        </source>
        <source id="meshId103-bitangents" name="meshId103-bitangents">
          <float_array id="meshId103-bitangents-array" count="42"> -0.995741 0.00617889 -0.091987 -0.99574 -0.00617745 0.0919941 -0.995741 0.00617918 0.0919855 -0.99574 -0.0061773 -0.0919949 -0.997902 0.0118785 -0.0636432 -0.997908 -0.0118978 0.0635471 -0.992466 -1.51414e-05 -0.122523 -0.992447 -1.51433e-05 0.122673 -0.999697 0.0245988 1.21547e-05 -0.999697 -0.0246042 1.49617e-05 0.992459 3.73088e-06 0.122579 0.992454 3.74205e-06 0.122616 0.992454 3.74205e-06 -0.122616 0.992459 3.73088e-06 -0.122579 </float_array>
          <technique_common>
            <accessor count="14" offset="0" source="#meshId103-bitangents-array" stride="3">
              <param name="X" type="float" />
              <param name="Y" type="float" />
              <param name="Z" type="float" />
            </accessor>
          </technique_common>
        </source>
        <source id="meshId103-tex0" name="meshId103-tex0">
          <float_array id="meshId103-tex0-array" count="28"> 0.474016 0.545927 0.474018 0.387193 0.477925 0.387193 0.477922 0.545927 0.497533 0.387194 0.497531 0.545928 0.501439 0.387194 0.501437 0.545928 0.454408 0.545927 0.45441 0.387193 0.474019 0.367585 0.477925 0.367585 0.474016 0.565536 0.477922 0.565536 </float_array>
          <technique_common>
            <accessor count="14" offset="0" source="#meshId103-tex0-array" stride="2">
              <param name="S" type="float" />
              <param name="T" type="float" />
            </accessor>
          </technique_common>
        </source>
        <vertices id="meshId103-vertices">
          <input semantic="POSITION" source="#meshId103-positions" />
        </vertices>
        <polylist count="12" material="defaultMaterial">
          <input offset="0" semantic="VERTEX" source="#meshId103-vertices" />
          <input offset="0" semantic="NORMAL" source="#meshId103-normals" />
          <input offset="0" semantic="TANGENT" source="#meshId103-tangents" />
          <input offset="0" semantic="BINORMAL" source="#meshId103-bitangents" />
          <input offset="0" semantic="TEXCOORD" source="#meshId103-tex0" set="0" />
          <vcount>3 3 3 3 3 3 3 3 3 3 3 3 </vcount>
          <p>3 0 1 1 2 3 5 3 2 2 4 5 7 5 4 4 6 7 0 8 9 9 1 0 2 1 10 10 11 2 13 12 0 0 3 13 </p>
        </polylist>
      </mesh>
    </geometry>
    <geometry id="meshId104" name="meshId104_name" >
      <mesh>
        <source id="meshId104-positions" name="meshId104-positions">
          <float_array id="meshId104-positions-array" count="42"> -0.639626 -0.620802 1 -0.0878078 -0.620802 1 -0.0878078 -0.607222 1 -0.639626 -0.607222 1 -0.0878078 -0.607222 0.931834 -0.639626 -0.607222 0.931834 -0.0878078 -0.620802 0.931834 -0.639626 -0.620802 0.931834 -0.639626 -0.620802 0.931834 -0.0878078 -0.620802 0.931834 -0.0878078 -0.620802 0.931834 -0.0878078 -0.607222 0.931834 -0.639626 -0.620802 0.931834 -0.639626 -0.607222 0.931834 </float_array>
          <technique_common>
            <accessor count="14" offset="0" source="#meshId104-positions-array" stride="3">
              <param name="X" type="float" />
              <param name="Y" type="float" />
              <param name="Z" type="float" />
            </accessor>
          </technique_common>
        </source>
        <source id="meshId104-normals" name="meshId104-normals">
          <float_array id="meshId104-normals-array" count="42"> -0.0241275 -0.980443 0.195317 0.0241275 -0.980443 0.195317 0.0241275 0.980443 0.195317 -0.0241275 0.980443 0.195317 0.0241275 0.980443 -0.195317 -0.0241275 0.980443 -0.195317 0.0241275 -0.980443 -0.195317 -0.0241275 -0.980443 -0.195317 -0.0241275 -0.980443 -0.195317 0.0241275 -0.980443 -0.195317 0.0241275 -0.980443 -0.195317 0.0241275 0.980443 -0.195317 -0.0241275 -0.980443 -0.195317 -0.0241275 0.980443 -0.195317 </float_array>
          <technique_common>
            <accessor count="14" offset="0" source="#meshId104-normals-array" stride="3">
              <param name="X" type="float" />
              <param name="Y" type="float" />
              <param name="Z" type="float" />
            </accessor>
          </technique_common>
        </source>
        <source id="meshId104-tangents" name="meshId104-tangents">
          <float_array id="meshId104-tangents-array" count="42"> -0.0889797 0.196705 0.976417 0.0889892 0.196705 0.976416 -0.0889804 0.196705 -0.976417 0.0889892 0.196705 -0.976416 0.0600373 -0.196443 -0.978675 -0.0599805 -0.196442 -0.978679 -0.1202 -0.196802 0.973047 0.120276 -0.196802 0.973038 -0.00478647 -0.195259 0.98074 0.00482364 -0.195258 0.98074 0.120191 0.196802 -0.973048 -0.120209 0.196802 0.973046 -0.1202 0.196802 -0.973047 0.1202 0.196802 0.973047 </float_array>
          <technique_common>
            <accessor count="14" offset="0" source="#meshId104-tangents-array" stride="3">
              <param name="X" type="float" />
              <param name="Y" type="float" />
              <param name="Z" type="float" />
            </accessor>
          </technique_common>
        </source>
        <source id="meshId104-bitangents" name="meshId104-bitangents">
          <float_array id="meshId104-bitangents-array" count="42"> -0.995741 0.00617917 -0.0919856 -0.99574 -0.0061773 0.0919948 -0.995741 0.00617903 0.0919862 -0.99574 -0.0061773 -0.0919948 -0.997904 0.0118866 -0.0636028 -0.997908 -0.0118978 0.0635471 -0.992456 -1.86265e-09 -0.122598 -0.992447 -1.51005e-05 0.122672 -0.999697 0.0245976 1.82334e-05 -0.999697 -0.0246049 1.82334e-05 0.992458 1.8701e-06 0.122588 0.992455 1.8701e-06 0.122607 0.992456 -3.72529e-09 -0.122598 0.992456 3.72529e-09 -0.122598 </float_array>
          <technique_common>
            <accessor count="14" offset="0" source="#meshId104-bitangents-array" stride="3">
              <param name="X" type="float" />
              <param name="Y" type="float" />
              <param name="Z" type="float" />
            </accessor>
          </technique_common>
        </source>
        <source id="meshId104-tex0" name="meshId104-tex0">
          <float_array id="meshId104-tex0-array" count="28"> 0.474016 0.545928 0.474018 0.387193 0.477925 0.387193 0.477922 0.545928 0.497533 0.387193 0.497531 0.545928 0.501439 0.387193 0.501437 0.545928 0.454408 0.545927 0.45441 0.387193 0.474019 0.367585 0.477925 0.367585 0.474016 0.565536 0.477922 0.565536 </float_array>
          <technique_common>
            <accessor count="14" offset="0" source="#meshId104-tex0-array" stride="2">
              <param name="S" type="float" />
              <param name="T" type="float" />
            </accessor>
          </technique_common>
        </source>
        <vertices id="meshId104-vertices">
          <input semantic="POSITION" source="#meshId104-positions" />
        </vertices>
        <polylist count="12" material="defaultMaterial">
          <input offset="0" semantic="VERTEX" source="#meshId104-vertices" />
          <input offset="0" semantic="NORMAL" source="#meshId104-normals" />
          <input offset="0" semantic="TANGENT" source="#meshId104-tangents" />
          <input offset="0" semantic="BINORMAL" source="#meshId104-bitangents" />
          <input offset="0" semantic="TEXCOORD" source="#meshId104-tex0" set="0" />
          <vcount>3 3 3 3 3 3 3 3 3 3 3 3 </vcount>
          <p>3 0 1 1 2 3 5 3 2 2 4 5 7 5 4 4 6 7 0 8 9 9 1 0 2 1 10 10 11 2 13 12 0 0 3 13 </p>
        </polylist>
      </mesh>
    </geometry>
    <geometry id="meshId105" name="meshId105_name" >
      <mesh>
        <source id="meshId105-positions" name="meshId105-positions">
          <float_array id="meshId105-positions-array" count="30"> -0.107484 -0.643437 0.836718 -0.0939041 -0.643437 0.836718 -0.0939041 -0.576082 0.836718 -0.107484 -0.576082 0.836718 -0.107484 -0.576082 0.823139 -0.0939041 -0.576082 0.823139 -0.0939041 -0.643437 0.823139 -0.107484 -0.643437 0.823139 -0.107484 -0.643437 0.823139 -0.107484 -0.576082 0.823139 </float_array>
          <technique_common>
            <accessor count="10" offset="0" source="#meshId105-positions-array" stride="3">
              <param name="X" type="float" />
              <param name="Y" type="float" />
              <param name="Z" type="float" />
            </accessor>
          </technique_common>
        </source>
        <source id="meshId105-normals" name="meshId105-normals">
          <float_array id="meshId105-normals-array" count="30"> -0.707108 0 0.707105 0.707108 0 0.707105 0.707108 0 0.707105 -0.707108 0 0.707105 -0.707108 0 -0.707105 0.707108 0 -0.707105 0.707108 0 -0.707105 -0.707108 0 -0.707105 -0.707108 0 -0.707105 -0.707108 0 -0.707105 </float_array>
          <technique_common>
            <accessor count="10" offset="0" source="#meshId105-normals-array" stride="3">
              <param name="X" type="float" />
              <param name="Y" type="float" />
              <param name="Z" type="float" />
            </accessor>
          </technique_common>
        </source>
        <source id="meshId105-tangents" name="meshId105-tangents">
          <float_array id="meshId105-tangents-array" count="30"> -6.92177e-05 -1 -6.9218e-05 -6.838e-05 -1 6.83803e-05 -6.76798e-05 -1 6.76801e-05 -6.85175e-05 -1 -6.85178e-05 6.76791e-05 -1 -6.76793e-05 6.76799e-05 -1 6.76802e-05 6.76799e-05 -1 6.76802e-05 6.76791e-05 -1 -6.76793e-05 6.92174e-05 -1 -6.92177e-05 6.92174e-05 -1 -6.92177e-05 </float_array>
          <technique_common>
            <accessor count="10" offset="0" source="#meshId105-tangents-array" stride="3">
              <param name="X" type="float" />
              <param name="Y" type="float" />
              <param name="Z" type="float" />
            </accessor>
          </technique_common>
        </source>
        <source id="meshId105-bitangents" name="meshId105-bitangents">
          <float_array id="meshId105-bitangents-array" count="30"> 0.707105 -9.78888e-05 0.707108 0.707105 -9.67041e-05 -0.707108 0.707105 -9.57138e-05 -0.707108 0.707105 -9.68985e-05 0.707108 -0.707105 -9.57128e-05 0.707108 -0.707105 -9.5714e-05 -0.707108 -0.707105 -9.5714e-05 -0.707108 -0.707105 -9.57128e-05 0.707108 -0.707105 -9.78883e-05 0.707108 -0.707105 -9.78883e-05 0.707108 </float_array>
          <technique_common>
            <accessor count="10" offset="0" source="#meshId105-bitangents-array" stride="3">
              <param name="X" type="float" />
              <param name="Y" type="float" />
              <param name="Z" type="float" />
            </accessor>
          </technique_common>
        </source>
        <source id="meshId105-tex0" name="meshId105-tex0">
          <float_array id="meshId105-tex0-array" count="20"> 0.576111 0.225288 0.576111 0.229194 0.556736 0.229192 0.556736 0.225285 0.556734 0.237004 0.556735 0.233098 0.57611 0.2331 0.576109 0.237007 0.576112 0.221382 0.556737 0.221379 </float_array>
          <technique_common>
            <accessor count="10" offset="0" source="#meshId105-tex0-array" stride="2">
              <param name="S" type="float" />
              <param name="T" type="float" />
            </accessor>
          </technique_common>
        </source>
        <vertices id="meshId105-vertices">
          <input semantic="POSITION" source="#meshId105-positions" />
        </vertices>
        <polylist count="8" material="defaultMaterial">
          <input offset="0" semantic="VERTEX" source="#meshId105-vertices" />
          <input offset="0" semantic="NORMAL" source="#meshId105-normals" />
          <input offset="0" semantic="TANGENT" source="#meshId105-tangents" />
          <input offset="0" semantic="BINORMAL" source="#meshId105-bitangents" />
          <input offset="0" semantic="TEXCOORD" source="#meshId105-tex0" set="0" />
          <vcount>3 3 3 3 3 3 3 3 </vcount>
          <p>3 0 1 1 2 3 7 4 5 5 6 7 2 1 6 6 5 2 9 8 0 0 3 9 </p>
        </polylist>
      </mesh>
    </geometry>
    <geometry id="meshId106" name="meshId106_name" >
      <mesh>
        <source id="meshId106-positions" name="meshId106-positions">
          <float_array id="meshId106-positions-array" count="30"> -0.63332 -0.643437 0.836718 -0.619741 -0.643437 0.836718 -0.619741 -0.576082 0.836718 -0.63332 -0.576082 0.836718 -0.63332 -0.576082 0.823139 -0.619741 -0.576082 0.823139 -0.619741 -0.643437 0.823139 -0.63332 -0.643437 0.823139 -0.63332 -0.643437 0.823139 -0.63332 -0.576082 0.823139 </float_array>
          <technique_common>
            <accessor count="10" offset="0" source="#meshId106-positions-array" stride="3">
              <param name="X" type="float" />
              <param name="Y" type="float" />
              <param name="Z" type="float" />
            </accessor>
          </technique_common>
        </source>
        <source id="meshId106-normals" name="meshId106-normals">
          <float_array id="meshId106-normals-array" count="30"> -0.707108 0 0.707105 0.707108 0 0.707105 0.707108 0 0.707105 -0.707108 0 0.707105 -0.707108 0 -0.707105 0.707108 0 -0.707105 0.707108 0 -0.707105 -0.707108 0 -0.707105 -0.707108 0 -0.707105 -0.707108 0 -0.707105 </float_array>
          <technique_common>
            <accessor count="10" offset="0" source="#meshId106-normals-array" stride="3">
              <param name="X" type="float" />
              <param name="Y" type="float" />
              <param name="Z" type="float" />
            </accessor>
          </technique_common>
        </source>
        <source id="meshId106-tangents" name="meshId106-tangents">
          <float_array id="meshId106-tangents-array" count="30"> -6.93569e-05 -1 -6.93572e-05 -6.99177e-05 -1 6.9918e-05 -6.92174e-05 -1 6.92177e-05 -7.00571e-05 -1 -7.00574e-05 6.76794e-05 -1 -6.76797e-05 6.85181e-05 -1 6.85184e-05 6.92184e-05 -1 6.92187e-05 6.90798e-05 -1 -6.90801e-05 6.76802e-05 -1 -6.76805e-05 7.04812e-05 -1 -7.04815e-05 </float_array>
          <technique_common>
            <accessor count="10" offset="0" source="#meshId106-tangents-array" stride="3">
              <param name="X" type="float" />
              <param name="Y" type="float" />
              <param name="Z" type="float" />
            </accessor>
          </technique_common>
        </source>
        <source id="meshId106-bitangents" name="meshId106-bitangents">
          <float_array id="meshId106-bitangents-array" count="30"> 0.707105 -9.80857e-05 0.707108 0.707105 -9.88788e-05 -0.707108 0.707105 -9.78885e-05 -0.707108 0.707105 -9.9076e-05 0.707108 -0.707105 -9.57133e-05 0.707108 -0.707105 -9.68995e-05 -0.707108 -0.707105 -9.78898e-05 -0.707108 -0.707105 -9.76938e-05 0.707108 -0.707105 -9.57145e-05 0.707108 -0.707105 -9.96757e-05 0.707108 </float_array>
          <technique_common>
            <accessor count="10" offset="0" source="#meshId106-bitangents-array" stride="3">
              <param name="X" type="float" />
              <param name="Y" type="float" />
              <param name="Z" type="float" />
            </accessor>
          </technique_common>
        </source>
        <source id="meshId106-tex0" name="meshId106-tex0">
          <float_array id="meshId106-tex0-array" count="20"> 0.576111 0.225288 0.57611 0.229194 0.556735 0.229192 0.556736 0.225285 0.556734 0.237004 0.556735 0.233098 0.57611 0.2331 0.576109 0.237007 0.576112 0.221382 0.556737 0.221379 </float_array>
          <technique_common>
            <accessor count="10" offset="0" source="#meshId106-tex0-array" stride="2">
              <param name="S" type="float" />
              <param name="T" type="float" />
            </accessor>
          </technique_common>
        </source>
        <vertices id="meshId106-vertices">
          <input semantic="POSITION" source="#meshId106-positions" />
        </vertices>
        <polylist count="8" material="defaultMaterial">
          <input offset="0" semantic="VERTEX" source="#meshId106-vertices" />
          <input offset="0" semantic="NORMAL" source="#meshId106-normals" />
          <input offset="0" semantic="TANGENT" source="#meshId106-tangents" />
          <input offset="0" semantic="BINORMAL" source="#meshId106-bitangents" />
          <input offset="0" semantic="TEXCOORD" source="#meshId106-tex0" set="0" />
          <vcount>3 3 3 3 3 3 3 3 </vcount>
          <p>3 0 1 1 2 3 7 4 5 5 6 7 2 1 6 6 5 2 9 8 0 0 3 9 </p>
        </polylist>
      </mesh>
    </geometry>
    <geometry id="meshId107" name="meshId107_name" >
      <mesh>
        <source id="meshId107-positions" name="meshId107-positions">
          <float_array id="meshId107-positions-array" count="30"> -0.63332 -0.665723 0.902258 -0.619741 -0.665723 0.902258 -0.619741 -0.598369 0.902258 -0.63332 -0.598369 0.902258 -0.63332 -0.598369 0.888678 -0.619741 -0.598369 0.888678 -0.619741 -0.665723 0.888678 -0.63332 -0.665723 0.888678 -0.63332 -0.665723 0.888678 -0.63332 -0.598369 0.888678 </float_array>
          <technique_common>
            <accessor count="10" offset="0" source="#meshId107-positions-array" stride="3">
              <param name="X" type="float" />
              <param name="Y" type="float" />
              <param name="Z" type="float" />
            </accessor>
          </technique_common>
        </source>
        <source id="meshId107-normals" name="meshId107-normals">
          <float_array id="meshId107-normals-array" count="30"> -0.707106 0 0.707107 0.707106 0 0.707107 0.707106 0 0.707107 -0.707106 0 0.707107 -0.707106 0 -0.707107 0.707106 0 -0.707107 0.707106 0 -0.707107 -0.707106 0 -0.707107 -0.707106 0 -0.707107 -0.707106 0 -0.707107 </float_array>
          <technique_common>
            <accessor count="10" offset="0" source="#meshId107-normals-array" stride="3">
              <param name="X" type="float" />
              <param name="Y" type="float" />
              <param name="Z" type="float" />
            </accessor>
          </technique_common>
        </source>
        <source id="meshId107-tangents" name="meshId107-tangents">
          <float_array id="meshId107-tangents-array" count="30"> -6.92183e-05 -1 -6.92182e-05 -6.83801e-05 -1 6.838e-05 -6.76799e-05 -1 6.76798e-05 -6.85181e-05 -1 -6.8518e-05 6.76798e-05 -1 -6.76797e-05 6.76805e-05 -1 6.76804e-05 6.76805e-05 -1 6.76804e-05 6.76798e-05 -1 -6.76797e-05 6.92189e-05 -1 -6.92188e-05 6.92189e-05 -1 -6.92188e-05 </float_array>
          <technique_common>
            <accessor count="10" offset="0" source="#meshId107-tangents-array" stride="3">
              <param name="X" type="float" />
              <param name="Y" type="float" />
              <param name="Z" type="float" />
            </accessor>
          </technique_common>
        </source>
        <source id="meshId107-bitangents" name="meshId107-bitangents">
          <float_array id="meshId107-bitangents-array" count="30"> 0.707107 -9.78894e-05 0.707106 0.707107 -9.6704e-05 -0.707106 0.707107 -9.57137e-05 -0.707106 0.707107 -9.68991e-05 0.707106 -0.707107 -9.57136e-05 0.707106 -0.707107 -9.57146e-05 -0.707106 -0.707107 -9.57146e-05 -0.707106 -0.707107 -9.57136e-05 0.707106 -0.707107 -9.78903e-05 0.707106 -0.707107 -9.78903e-05 0.707106 </float_array>
          <technique_common>
            <accessor count="10" offset="0" source="#meshId107-bitangents-array" stride="3">
              <param name="X" type="float" />
              <param name="Y" type="float" />
              <param name="Z" type="float" />
            </accessor>
          </technique_common>
        </source>
        <source id="meshId107-tex0" name="meshId107-tex0">
          <float_array id="meshId107-tex0-array" count="20"> 0.576111 0.225288 0.57611 0.229194 0.556735 0.229192 0.556736 0.225285 0.556734 0.237004 0.556735 0.233098 0.57611 0.2331 0.576109 0.237007 0.576112 0.221382 0.556737 0.221379 </float_array>
          <technique_common>
            <accessor count="10" offset="0" source="#meshId107-tex0-array" stride="2">
              <param name="S" type="float" />
              <param name="T" type="float" />
            </accessor>
          </technique_common>
        </source>
        <vertices id="meshId107-vertices">
          <input semantic="POSITION" source="#meshId107-positions" />
        </vertices>
        <polylist count="8" material="defaultMaterial">
          <input offset="0" semantic="VERTEX" source="#meshId107-vertices" />
          <input offset="0" semantic="NORMAL" source="#meshId107-normals" />
          <input offset="0" semantic="TANGENT" source="#meshId107-tangents" />
          <input offset="0" semantic="BINORMAL" source="#meshId107-bitangents" />
          <input offset="0" semantic="TEXCOORD" source="#meshId107-tex0" set="0" />
          <vcount>3 3 3 3 3 3 3 3 </vcount>
          <p>3 0 1 1 2 3 7 4 5 5 6 7 2 1 6 6 5 2 9 8 0 0 3 9 </p>
        </polylist>
      </mesh>
    </geometry>
    <geometry id="meshId108" name="meshId108_name" >
      <mesh>
        <source id="meshId108-positions" name="meshId108-positions">
          <float_array id="meshId108-positions-array" count="30"> -0.107484 -0.665723 0.902258 -0.0939041 -0.665723 0.902258 -0.0939041 -0.598369 0.902258 -0.107484 -0.598369 0.902258 -0.107484 -0.598369 0.888678 -0.0939041 -0.598369 0.888678 -0.0939041 -0.665723 0.888678 -0.107484 -0.665723 0.888678 -0.107484 -0.665723 0.888678 -0.107484 -0.598369 0.888678 </float_array>
          <technique_common>
            <accessor count="10" offset="0" source="#meshId108-positions-array" stride="3">
              <param name="X" type="float" />
              <param name="Y" type="float" />
              <param name="Z" type="float" />
            </accessor>
          </technique_common>
        </source>
        <source id="meshId108-normals" name="meshId108-normals">
          <float_array id="meshId108-normals-array" count="30"> -0.707108 0 0.707105 0.707108 0 0.707105 0.707108 0 0.707105 -0.707108 0 0.707105 -0.707108 0 -0.707105 0.707108 0 -0.707105 0.707108 0 -0.707105 -0.707108 0 -0.707105 -0.707108 0 -0.707105 -0.707108 0 -0.707105 </float_array>
          <technique_common>
            <accessor count="10" offset="0" source="#meshId108-normals-array" stride="3">
              <param name="X" type="float" />
              <param name="Y" type="float" />
              <param name="Z" type="float" />
            </accessor>
          </technique_common>
        </source>
        <source id="meshId108-tangents" name="meshId108-tangents">
          <float_array id="meshId108-tangents-array" count="30"> -6.92177e-05 -1 -6.9218e-05 -6.83795e-05 -1 6.83798e-05 -6.83795e-05 -1 6.83798e-05 -6.85175e-05 -1 -6.85178e-05 6.76796e-05 -1 -6.76799e-05 6.85189e-05 -1 6.85192e-05 6.85189e-05 -1 6.85192e-05 6.908e-05 -1 -6.90803e-05 6.92179e-05 -1 -6.92182e-05 6.92179e-05 -1 -6.92182e-05 </float_array>
          <technique_common>
            <accessor count="10" offset="0" source="#meshId108-tangents-array" stride="3">
              <param name="X" type="float" />
              <param name="Y" type="float" />
              <param name="Z" type="float" />
            </accessor>
          </technique_common>
        </source>
        <source id="meshId108-bitangents" name="meshId108-bitangents">
          <float_array id="meshId108-bitangents-array" count="30"> 0.707105 -9.78888e-05 0.707108 0.707105 -9.67034e-05 -0.707108 0.707105 -9.67034e-05 -0.707108 0.707105 -9.68985e-05 0.707108 -0.707105 -9.57136e-05 0.707108 -0.707105 -9.69006e-05 -0.707108 -0.707105 -9.69006e-05 -0.707108 -0.707105 -9.76941e-05 0.707108 -0.707105 -9.78891e-05 0.707108 -0.707105 -9.78891e-05 0.707108 </float_array>
          <technique_common>
            <accessor count="10" offset="0" source="#meshId108-bitangents-array" stride="3">
              <param name="X" type="float" />
              <param name="Y" type="float" />
              <param name="Z" type="float" />
            </accessor>
          </technique_common>
        </source>
        <source id="meshId108-tex0" name="meshId108-tex0">
          <float_array id="meshId108-tex0-array" count="20"> 0.576111 0.225288 0.576111 0.229194 0.556736 0.229192 0.556736 0.225285 0.556734 0.237004 0.556735 0.233098 0.57611 0.2331 0.576109 0.237007 0.576112 0.221382 0.556737 0.221379 </float_array>
          <technique_common>
            <accessor count="10" offset="0" source="#meshId108-tex0-array" stride="2">
              <param name="S" type="float" />
              <param name="T" type="float" />
            </accessor>
          </technique_common>
        </source>
        <vertices id="meshId108-vertices">
          <input semantic="POSITION" source="#meshId108-positions" />
        </vertices>
        <polylist count="8" material="defaultMaterial">
          <input offset="0" semantic="VERTEX" source="#meshId108-vertices" />
          <input offset="0" semantic="NORMAL" source="#meshId108-normals" />
          <input offset="0" semantic="TANGENT" source="#meshId108-tangents" />
          <input offset="0" semantic="BINORMAL" source="#meshId108-bitangents" />
          <input offset="0" semantic="TEXCOORD" source="#meshId108-tex0" set="0" />
          <vcount>3 3 3 3 3 3 3 3 </vcount>
          <p>3 0 1 1 2 3 7 4 5 5 6 7 2 1 6 6 5 2 9 8 0 0 3 9 </p>
        </polylist>
      </mesh>
    </geometry>
    <geometry id="meshId109" name="meshId109_name" >
      <mesh>
        <source id="meshId109-positions" name="meshId109-positions">
          <float_array id="meshId109-positions-array" count="30"> -0.63332 -0.684633 0.973582 -0.619741 -0.684633 0.973582 -0.619741 -0.617278 0.973582 -0.63332 -0.617278 0.973582 -0.63332 -0.617278 0.960003 -0.619741 -0.617278 0.960003 -0.619741 -0.684633 0.960003 -0.63332 -0.684633 0.960003 -0.63332 -0.684633 0.960003 -0.63332 -0.617278 0.960003 </float_array>
          <technique_common>
            <accessor count="10" offset="0" source="#meshId109-positions-array" stride="3">
              <param name="X" type="float" />
              <param name="Y" type="float" />
              <param name="Z" type="float" />
            </accessor>
          </technique_common>
        </source>
        <source id="meshId109-normals" name="meshId109-normals">
          <float_array id="meshId109-normals-array" count="30"> -0.707106 0 0.707107 0.707106 0 0.707107 0.707106 0 0.707107 -0.707106 0 0.707107 -0.707106 0 -0.707107 0.707106 0 -0.707107 0.707106 0 -0.707107 -0.707106 0 -0.707107 -0.707106 0 -0.707107 -0.707106 0 -0.707107 </float_array>
          <technique_common>
            <accessor count="10" offset="0" source="#meshId109-normals-array" stride="3">
              <param name="X" type="float" />
              <param name="Y" type="float" />
              <param name="Z" type="float" />
            </accessor>
          </technique_common>
        </source>
        <source id="meshId109-tangents" name="meshId109-tangents">
          <float_array id="meshId109-tangents-array" count="30"> -6.85184e-05 -1 -6.85182e-05 -6.92186e-05 -1 6.92185e-05 -6.92186e-05 -1 6.92185e-05 -6.92186e-05 -1 -6.92185e-05 6.92177e-05 -1 -6.92176e-05 6.92183e-05 -1 6.92182e-05 6.92183e-05 -1 6.92182e-05 6.92177e-05 -1 -6.92176e-05 6.76797e-05 -1 -6.76796e-05 6.90802e-05 -1 -6.90801e-05 </float_array>
          <technique_common>
            <accessor count="10" offset="0" source="#meshId109-tangents-array" stride="3">
              <param name="X" type="float" />
              <param name="Y" type="float" />
              <param name="Z" type="float" />
            </accessor>
          </technique_common>
        </source>
        <source id="meshId109-bitangents" name="meshId109-bitangents">
          <float_array id="meshId109-bitangents-array" count="30"> 0.707107 -9.68995e-05 0.707106 0.707107 -9.78898e-05 -0.707106 0.707107 -9.78898e-05 -0.707106 0.707107 -9.78898e-05 0.707106 -0.707107 -9.78885e-05 0.707106 -0.707107 -9.78894e-05 -0.707106 -0.707107 -9.78894e-05 -0.707106 -0.707107 -9.78885e-05 0.707106 -0.707107 -9.57135e-05 0.707106 -0.707107 -9.7694e-05 0.707106 </float_array>
          <technique_common>
            <accessor count="10" offset="0" source="#meshId109-bitangents-array" stride="3">
              <param name="X" type="float" />
              <param name="Y" type="float" />
              <param name="Z" type="float" />
            </accessor>
          </technique_common>
        </source>
        <source id="meshId109-tex0" name="meshId109-tex0">
          <float_array id="meshId109-tex0-array" count="20"> 0.576111 0.225288 0.576111 0.229194 0.556735 0.229192 0.556736 0.225285 0.556734 0.237004 0.556735 0.233098 0.57611 0.2331 0.576109 0.237007 0.576112 0.221382 0.556737 0.221379 </float_array>
          <technique_common>
            <accessor count="10" offset="0" source="#meshId109-tex0-array" stride="2">
              <param name="S" type="float" />
              <param name="T" type="float" />
            </accessor>
          </technique_common>
        </source>
        <vertices id="meshId109-vertices">
          <input semantic="POSITION" source="#meshId109-positions" />
        </vertices>
        <polylist count="8" material="defaultMaterial">
          <input offset="0" semantic="VERTEX" source="#meshId109-vertices" />
          <input offset="0" semantic="NORMAL" source="#meshId109-normals" />
          <input offset="0" semantic="TANGENT" source="#meshId109-tangents" />
          <input offset="0" semantic="BINORMAL" source="#meshId109-bitangents" />
          <input offset="0" semantic="TEXCOORD" source="#meshId109-tex0" set="0" />
          <vcount>3 3 3 3 3 3 3 3 </vcount>
          <p>3 0 1 1 2 3 7 4 5 5 6 7 2 1 6 6 5 2 9 8 0 0 3 9 </p>
        </polylist>
      </mesh>
    </geometry>
    <geometry id="meshId110" name="meshId110_name" >
      <mesh>
        <source id="meshId110-positions" name="meshId110-positions">
          <float_array id="meshId110-positions-array" count="30"> -0.107484 -0.684633 0.973582 -0.0939041 -0.684633 0.973582 -0.0939041 -0.617278 0.973582 -0.107484 -0.617278 0.973582 -0.107484 -0.617278 0.960003 -0.0939039 -0.617278 0.960003 -0.0939039 -0.684633 0.960003 -0.107484 -0.684633 0.960003 -0.107484 -0.684633 0.960003 -0.107484 -0.617278 0.960003 </float_array>
          <technique_common>
            <accessor count="10" offset="0" source="#meshId110-positions-array" stride="3">
              <param name="X" type="float" />
              <param name="Y" type="float" />
              <param name="Z" type="float" />
            </accessor>
          </technique_common>
        </source>
        <source id="meshId110-normals" name="meshId110-normals">
          <float_array id="meshId110-normals-array" count="30"> -0.707106 0 0.707107 0.707102 0 0.707111 0.707102 0 0.707111 -0.707106 0 0.707107 -0.707102 0 -0.707111 0.707106 0 -0.707107 0.707106 0 -0.707107 -0.707102 0 -0.707111 -0.707102 0 -0.707111 -0.707102 0 -0.707111 </float_array>
          <technique_common>
            <accessor count="10" offset="0" source="#meshId110-normals-array" stride="3">
              <param name="X" type="float" />
              <param name="Y" type="float" />
              <param name="Z" type="float" />
            </accessor>
          </technique_common>
        </source>
        <source id="meshId110-tangents" name="meshId110-tangents">
          <float_array id="meshId110-tangents-array" count="30"> -6.83799e-05 -1 -6.83798e-05 -6.76816e-05 -1 6.76808e-05 -6.76816e-05 -1 6.76808e-05 -6.76797e-05 -1 -6.76796e-05 6.92205e-05 -1 -6.92196e-05 6.83809e-05 -1 6.83807e-05 6.76806e-05 -1 6.76805e-05 6.782e-05 -1 -6.78191e-05 6.92184e-05 -1 -6.92175e-05 6.7818e-05 -1 -6.78171e-05 </float_array>
          <technique_common>
            <accessor count="10" offset="0" source="#meshId110-tangents-array" stride="3">
              <param name="X" type="float" />
              <param name="Y" type="float" />
              <param name="Z" type="float" />
            </accessor>
          </technique_common>
        </source>
        <source id="meshId110-bitangents" name="meshId110-bitangents">
          <float_array id="meshId110-bitangents-array" count="30"> 0.707107 -9.67038e-05 0.707106 0.707111 -9.57157e-05 -0.707102 0.707111 -9.57157e-05 -0.707102 0.707107 -9.57135e-05 0.707106 -0.707111 -9.7892e-05 0.707102 -0.707107 -9.67051e-05 -0.707106 -0.707107 -9.57148e-05 -0.707106 -0.707111 -9.59114e-05 0.707102 -0.707111 -9.7889e-05 0.707102 -0.707111 -9.59084e-05 0.707102 </float_array>
          <technique_common>
            <accessor count="10" offset="0" source="#meshId110-bitangents-array" stride="3">
              <param name="X" type="float" />
              <param name="Y" type="float" />
              <param name="Z" type="float" />
            </accessor>
          </technique_common>
        </source>
        <source id="meshId110-tex0" name="meshId110-tex0">
          <float_array id="meshId110-tex0-array" count="20"> 0.576111 0.225288 0.57611 0.229194 0.556736 0.229192 0.556736 0.225285 0.556735 0.237004 0.556735 0.233098 0.57611 0.2331 0.576109 0.237007 0.576111 0.221382 0.556737 0.221379 </float_array>
          <technique_common>
            <accessor count="10" offset="0" source="#meshId110-tex0-array" stride="2">
              <param name="S" type="float" />
              <param name="T" type="float" />
            </accessor>
          </technique_common>
        </source>
        <vertices id="meshId110-vertices">
          <input semantic="POSITION" source="#meshId110-positions" />
        </vertices>
        <polylist count="8" material="defaultMaterial">
          <input offset="0" semantic="VERTEX" source="#meshId110-vertices" />
          <input offset="0" semantic="NORMAL" source="#meshId110-normals" />
          <input offset="0" semantic="TANGENT" source="#meshId110-tangents" />
          <input offset="0" semantic="BINORMAL" source="#meshId110-bitangents" />
          <input offset="0" semantic="TEXCOORD" source="#meshId110-tex0" set="0" />
          <vcount>3 3 3 3 3 3 3 3 </vcount>
          <p>3 0 1 1 2 3 7 4 5 5 6 7 2 1 6 6 5 2 9 8 0 0 3 9 </p>
        </polylist>
      </mesh>
    </geometry>
    <geometry id="meshId111" name="meshId111_name" >
      <mesh>
        <source id="meshId111-positions" name="meshId111-positions">
          <float_array id="meshId111-positions-array" count="30"> -0.372895 -0.643437 0.836718 -0.359315 -0.643437 0.836718 -0.359315 -0.576082 0.836718 -0.372895 -0.576082 0.836718 -0.372895 -0.576082 0.823139 -0.359315 -0.576082 0.823139 -0.359315 -0.643437 0.823139 -0.372895 -0.643437 0.823139 -0.372895 -0.643437 0.823139 -0.372895 -0.576082 0.823139 </float_array>
          <technique_common>
            <accessor count="10" offset="0" source="#meshId111-positions-array" stride="3">
              <param name="X" type="float" />
              <param name="Y" type="float" />
              <param name="Z" type="float" />
            </accessor>
          </technique_common>
        </source>
        <source id="meshId111-normals" name="meshId111-normals">
          <float_array id="meshId111-normals-array" count="30"> -0.707108 0 0.707105 0.707108 0 0.707105 0.707108 0 0.707105 -0.707108 0 0.707105 -0.707108 0 -0.707105 0.707108 0 -0.707105 0.707108 0 -0.707105 -0.707108 0 -0.707105 -0.707108 0 -0.707105 -0.707108 0 -0.707105 </float_array>
          <technique_common>
            <accessor count="10" offset="0" source="#meshId111-normals-array" stride="3">
              <param name="X" type="float" />
              <param name="Y" type="float" />
              <param name="Z" type="float" />
            </accessor>
          </technique_common>
        </source>
        <source id="meshId111-tangents" name="meshId111-tangents">
          <float_array id="meshId111-tangents-array" count="30"> -6.83797e-05 -1 -6.838e-05 -6.76796e-05 -1 6.76799e-05 -6.76796e-05 -1 6.76799e-05 -6.76795e-05 -1 -6.76798e-05 6.92193e-05 -1 -6.92196e-05 6.83805e-05 -1 6.83808e-05 6.76803e-05 -1 6.76806e-05 6.78188e-05 -1 -6.78191e-05 6.92195e-05 -1 -6.92198e-05 6.7819e-05 -1 -6.78193e-05 </float_array>
          <technique_common>
            <accessor count="10" offset="0" source="#meshId111-tangents-array" stride="3">
              <param name="X" type="float" />
              <param name="Y" type="float" />
              <param name="Z" type="float" />
            </accessor>
          </technique_common>
        </source>
        <source id="meshId111-bitangents" name="meshId111-bitangents">
          <float_array id="meshId111-bitangents-array" count="30"> 0.707105 -9.67038e-05 0.707108 0.707105 -9.57136e-05 -0.707108 0.707105 -9.57136e-05 -0.707108 0.707105 -9.57135e-05 0.707108 -0.707105 -9.78911e-05 0.707108 -0.707105 -9.67048e-05 -0.707108 -0.707105 -9.57146e-05 -0.707108 -0.707105 -9.59105e-05 0.707108 -0.707105 -9.78913e-05 0.707108 -0.707105 -9.59107e-05 0.707108 </float_array>
          <technique_common>
            <accessor count="10" offset="0" source="#meshId111-bitangents-array" stride="3">
              <param name="X" type="float" />
              <param name="Y" type="float" />
              <param name="Z" type="float" />
            </accessor>
          </technique_common>
        </source>
        <source id="meshId111-tex0" name="meshId111-tex0">
          <float_array id="meshId111-tex0-array" count="20"> 0.576111 0.225288 0.57611 0.229194 0.556736 0.229192 0.556736 0.225285 0.556734 0.237004 0.556735 0.233098 0.57611 0.2331 0.576109 0.237007 0.576112 0.221382 0.556737 0.221379 </float_array>
          <technique_common>
            <accessor count="10" offset="0" source="#meshId111-tex0-array" stride="2">
              <param name="S" type="float" />
              <param name="T" type="float" />
            </accessor>
          </technique_common>
        </source>
        <vertices id="meshId111-vertices">
          <input semantic="POSITION" source="#meshId111-positions" />
        </vertices>
        <polylist count="8" material="defaultMaterial">
          <input offset="0" semantic="VERTEX" source="#meshId111-vertices" />
          <input offset="0" semantic="NORMAL" source="#meshId111-normals" />
          <input offset="0" semantic="TANGENT" source="#meshId111-tangents" />
          <input offset="0" semantic="BINORMAL" source="#meshId111-bitangents" />
          <input offset="0" semantic="TEXCOORD" source="#meshId111-tex0" set="0" />
          <vcount>3 3 3 3 3 3 3 3 </vcount>
          <p>3 0 1 1 2 3 7 4 5 5 6 7 2 1 6 6 5 2 9 8 0 0 3 9 </p>
        </polylist>
      </mesh>
    </geometry>
    <geometry id="meshId112" name="meshId112_name" >
      <mesh>
        <source id="meshId112-positions" name="meshId112-positions">
          <float_array id="meshId112-positions-array" count="30"> -0.372895 -0.684633 0.973582 -0.359315 -0.684633 0.973582 -0.359315 -0.617278 0.973582 -0.372895 -0.617278 0.973582 -0.372895 -0.617278 0.960003 -0.359315 -0.617278 0.960003 -0.359315 -0.684633 0.960003 -0.372895 -0.684633 0.960003 -0.372895 -0.684633 0.960003 -0.372895 -0.617278 0.960003 </float_array>
          <technique_common>
            <accessor count="10" offset="0" source="#meshId112-positions-array" stride="3">
              <param name="X" type="float" />
              <param name="Y" type="float" />
              <param name="Z" type="float" />
            </accessor>
          </technique_common>
        </source>
        <source id="meshId112-normals" name="meshId112-normals">
          <float_array id="meshId112-normals-array" count="30"> -0.707106 0 0.707107 0.707102 0 0.707111 0.707102 0 0.707111 -0.707106 0 0.707107 -0.707102 0 -0.707111 0.707106 0 -0.707107 0.707106 0 -0.707107 -0.707102 0 -0.707111 -0.707102 0 -0.707111 -0.707102 0 -0.707111 </float_array>
          <technique_common>
            <accessor count="10" offset="0" source="#meshId112-normals-array" stride="3">
              <param name="X" type="float" />
              <param name="Y" type="float" />
              <param name="Z" type="float" />
            </accessor>
          </technique_common>
        </source>
        <source id="meshId112-tangents" name="meshId112-tangents">
          <float_array id="meshId112-tangents-array" count="30"> -6.76792e-05 -1 -6.76791e-05 -6.85187e-05 -1 6.85178e-05 -6.85187e-05 -1 6.85178e-05 -6.83794e-05 -1 -6.83793e-05 6.92197e-05 -1 -6.92188e-05 6.83795e-05 -1 6.83794e-05 6.83795e-05 -1 6.83794e-05 6.78192e-05 -1 -6.78183e-05 6.76802e-05 -1 -6.76793e-05 6.76802e-05 -1 -6.76793e-05 </float_array>
          <technique_common>
            <accessor count="10" offset="0" source="#meshId112-tangents-array" stride="3">
              <param name="X" type="float" />
              <param name="Y" type="float" />
              <param name="Z" type="float" />
            </accessor>
          </technique_common>
        </source>
        <source id="meshId112-bitangents" name="meshId112-bitangents">
          <float_array id="meshId112-bitangents-array" count="30"> 0.707107 -9.57127e-05 0.707106 0.707111 -9.68994e-05 -0.707102 0.707111 -9.68994e-05 -0.707102 0.707107 -9.6703e-05 0.707106 -0.707111 -9.78907e-05 0.707102 -0.707107 -9.67032e-05 -0.707106 -0.707107 -9.67032e-05 -0.707106 -0.707111 -9.59102e-05 0.707102 -0.707111 -9.57137e-05 0.707102 -0.707111 -9.57137e-05 0.707102 </float_array>
          <technique_common>
            <accessor count="10" offset="0" source="#meshId112-bitangents-array" stride="3">
              <param name="X" type="float" />
              <param name="Y" type="float" />
              <param name="Z" type="float" />
            </accessor>
          </technique_common>
        </source>
        <source id="meshId112-tex0" name="meshId112-tex0">
          <float_array id="meshId112-tex0-array" count="20"> 0.576111 0.225288 0.576111 0.229194 0.556735 0.229192 0.556736 0.225285 0.556734 0.237004 0.556735 0.233098 0.57611 0.2331 0.576109 0.237007 0.576112 0.221382 0.556737 0.221379 </float_array>
          <technique_common>
            <accessor count="10" offset="0" source="#meshId112-tex0-array" stride="2">
              <param name="S" type="float" />
              <param name="T" type="float" />
            </accessor>
          </technique_common>
        </source>
        <vertices id="meshId112-vertices">
          <input semantic="POSITION" source="#meshId112-positions" />
        </vertices>
        <polylist count="8" material="defaultMaterial">
          <input offset="0" semantic="VERTEX" source="#meshId112-vertices" />
          <input offset="0" semantic="NORMAL" source="#meshId112-normals" />
          <input offset="0" semantic="TANGENT" source="#meshId112-tangents" />
          <input offset="0" semantic="BINORMAL" source="#meshId112-bitangents" />
          <input offset="0" semantic="TEXCOORD" source="#meshId112-tex0" set="0" />
          <vcount>3 3 3 3 3 3 3 3 </vcount>
          <p>3 0 1 1 2 3 7 4 5 5 6 7 2 1 6 6 5 2 9 8 0 0 3 9 </p>
        </polylist>
      </mesh>
    </geometry>
    <geometry id="meshId113" name="meshId113_name" >
      <mesh>
        <source id="meshId113-positions" name="meshId113-positions">
          <float_array id="meshId113-positions-array" count="30"> -0.372895 -0.665723 0.902258 -0.359315 -0.665723 0.902258 -0.359315 -0.598369 0.902258 -0.372895 -0.598369 0.902258 -0.372895 -0.598369 0.888678 -0.359315 -0.598369 0.888678 -0.359315 -0.665723 0.888678 -0.372895 -0.665723 0.888678 -0.372895 -0.665723 0.888678 -0.372895 -0.598369 0.888678 </float_array>
          <technique_common>
            <accessor count="10" offset="0" source="#meshId113-positions-array" stride="3">
              <param name="X" type="float" />
              <param name="Y" type="float" />
              <param name="Z" type="float" />
            </accessor>
          </technique_common>
        </source>
        <source id="meshId113-normals" name="meshId113-normals">
          <float_array id="meshId113-normals-array" count="30"> -0.707108 0 0.707105 0.707108 0 0.707105 0.707108 0 0.707105 -0.707108 0 0.707105 -0.707108 0 -0.707105 0.707108 0 -0.707105 0.707108 0 -0.707105 -0.707108 0 -0.707105 -0.707108 0 -0.707105 -0.707108 0 -0.707105 </float_array>
          <technique_common>
            <accessor count="10" offset="0" source="#meshId113-normals-array" stride="3">
              <param name="X" type="float" />
              <param name="Y" type="float" />
              <param name="Z" type="float" />
            </accessor>
          </technique_common>
        </source>
        <source id="meshId113-tangents" name="meshId113-tangents">
          <float_array id="meshId113-tangents-array" count="30"> -7.00561e-05 -1 -7.00565e-05 -6.90797e-05 -1 6.908e-05 -6.90797e-05 -1 6.908e-05 -6.93559e-05 -1 -6.93562e-05 6.76787e-05 -1 -6.7679e-05 6.93572e-05 -1 6.93575e-05 6.93572e-05 -1 6.93575e-05 7.04797e-05 -1 -7.048e-05 6.92163e-05 -1 -6.92166e-05 7.06168e-05 -1 -7.06171e-05 </float_array>
          <technique_common>
            <accessor count="10" offset="0" source="#meshId113-tangents-array" stride="3">
              <param name="X" type="float" />
              <param name="Y" type="float" />
              <param name="Z" type="float" />
            </accessor>
          </technique_common>
        </source>
        <source id="meshId113-bitangents" name="meshId113-bitangents">
          <float_array id="meshId113-bitangents-array" count="30"> 0.707105 -9.90746e-05 0.707108 0.707105 -9.76937e-05 -0.707108 0.707105 -9.76937e-05 -0.707108 0.707105 -9.80843e-05 0.707108 -0.707105 -9.57124e-05 0.707108 -0.707105 -9.80862e-05 -0.707108 -0.707105 -9.80862e-05 -0.707108 -0.707105 -9.96735e-05 0.707108 -0.707105 -9.78868e-05 0.707108 -0.707105 -9.98674e-05 0.707108 </float_array>
          <technique_common>
            <accessor count="10" offset="0" source="#meshId113-bitangents-array" stride="3">
              <param name="X" type="float" />
              <param name="Y" type="float" />
              <param name="Z" type="float" />
            </accessor>
          </technique_common>
        </source>
        <source id="meshId113-tex0" name="meshId113-tex0">
          <float_array id="meshId113-tex0-array" count="20"> 0.576111 0.225288 0.57611 0.229194 0.556735 0.229192 0.556736 0.225285 0.556734 0.237004 0.556735 0.233098 0.57611 0.2331 0.576109 0.237007 0.576112 0.221382 0.556737 0.221379 </float_array>
          <technique_common>
            <accessor count="10" offset="0" source="#meshId113-tex0-array" stride="2">
              <param name="S" type="float" />
              <param name="T" type="float" />
            </accessor>
          </technique_common>
        </source>
        <vertices id="meshId113-vertices">
          <input semantic="POSITION" source="#meshId113-positions" />
        </vertices>
        <polylist count="8" material="defaultMaterial">
          <input offset="0" semantic="VERTEX" source="#meshId113-vertices" />
          <input offset="0" semantic="NORMAL" source="#meshId113-normals" />
          <input offset="0" semantic="TANGENT" source="#meshId113-tangents" />
          <input offset="0" semantic="BINORMAL" source="#meshId113-bitangents" />
          <input offset="0" semantic="TEXCOORD" source="#meshId113-tex0" set="0" />
          <vcount>3 3 3 3 3 3 3 3 </vcount>
          <p>3 0 1 1 2 3 7 4 5 5 6 7 2 1 6 6 5 2 9 8 0 0 3 9 </p>
        </polylist>
      </mesh>
    </geometry>
  </library_geometries>
  <library_visual_scenes>
    <visual_scene id="root" name="root">
      <node id="concrete_wall_low" name="concrete_wall_low">
        <matrix>1 0 0 0 0 1 0 0 0 0 1 0 0 0 0 1</matrix>
        <instance_geometry url="#meshId0">
          <bind_material>
            <technique_common>
              <instance_material symbol="defaultMaterial" target="#cabinmat1" />
            </technique_common>
          </bind_material>
        </instance_geometry>
      </node>
      <node id="wood_beam1_low" name="wood_beam1_low">
        <matrix>1 0 0 0 0 1 0 0 0 0 1 0 0 0 0 1</matrix>
        <instance_geometry url="#meshId1">
          <bind_material>
            <technique_common>
              <instance_material symbol="defaultMaterial" target="#cabinmat1" />
            </technique_common>
          </bind_material>
        </instance_geometry>
      </node>
      <node id="wood_beam3_low" name="wood_beam3_low">
        <matrix>1 0 0 0 0 1 0 0 0 0 1 0 0 0 0 1</matrix>
        <instance_geometry url="#meshId2">
          <bind_material>
            <technique_common>
              <instance_material symbol="defaultMaterial" target="#cabinmat1" />
            </technique_common>
          </bind_material>
        </instance_geometry>
      </node>
      <node id="wood_beam4_low" name="wood_beam4_low">
        <matrix>1 0 0 0 0 1 0 0 0 0 1 0 0 0 0 1</matrix>
        <instance_geometry url="#meshId3">
          <bind_material>
            <technique_common>
              <instance_material symbol="defaultMaterial" target="#cabinmat1" />
            </technique_common>
          </bind_material>
        </instance_geometry>
      </node>
      <node id="wood_beam2_low" name="wood_beam2_low">
        <matrix>1 0 0 0 0 1 0 0 0 0 1 0 0 0 0 1</matrix>
        <instance_geometry url="#meshId4">
          <bind_material>
            <technique_common>
              <instance_material symbol="defaultMaterial" target="#cabinmat1" />
            </technique_common>
          </bind_material>
        </instance_geometry>
      </node>
      <node id="chimney_low" name="chimney_low">
        <matrix>1 0 0 0 0 1 0 0 0 0 1 0 0 0 0 1</matrix>
        <instance_geometry url="#meshId5">
          <bind_material>
            <technique_common>
              <instance_material symbol="defaultMaterial" target="#cabinmat1" />
            </technique_common>
          </bind_material>
        </instance_geometry>
      </node>
      <node id="log26_low" name="log26_low">
        <matrix>1 0 0 0 0 1 0 0 0 0 1 0 0 0 0 1</matrix>
        <instance_geometry url="#meshId6">
          <bind_material>
            <technique_common>
              <instance_material symbol="defaultMaterial" target="#cabinmat1" />
            </technique_common>
          </bind_material>
        </instance_geometry>
      </node>
      <node id="log25_low" name="log25_low">
        <matrix>1 0 0 0 0 1 0 0 0 0 1 0 0 0 0 1</matrix>
        <instance_geometry url="#meshId7">
          <bind_material>
            <technique_common>
              <instance_material symbol="defaultMaterial" target="#cabinmat1" />
            </technique_common>
          </bind_material>
        </instance_geometry>
      </node>
      <node id="log24_low" name="log24_low">
        <matrix>1 0 0 0 0 1 0 0 0 0 1 0 0 0 0 1</matrix>
        <instance_geometry url="#meshId8">
          <bind_material>
            <technique_common>
              <instance_material symbol="defaultMaterial" target="#cabinmat1" />
            </technique_common>
          </bind_material>
        </instance_geometry>
      </node>
      <node id="log23_low" name="log23_low">
        <matrix>1 0 0 0 0 1 0 0 0 0 1 0 0 0 0 1</matrix>
        <instance_geometry url="#meshId9">
          <bind_material>
            <technique_common>
              <instance_material symbol="defaultMaterial" target="#cabinmat1" />
            </technique_common>
          </bind_material>
        </instance_geometry>
      </node>
      <node id="log22_low" name="log22_low">
        <matrix>1 0 0 0 0 1 0 0 0 0 1 0 0 0 0 1</matrix>
        <instance_geometry url="#meshId10">
          <bind_material>
            <technique_common>
              <instance_material symbol="defaultMaterial" target="#cabinmat1" />
            </technique_common>
          </bind_material>
        </instance_geometry>
      </node>
      <node id="log21_low" name="log21_low">
        <matrix>1 0 0 0 0 1 0 0 0 0 1 0 0 0 0 1</matrix>
        <instance_geometry url="#meshId11">
          <bind_material>
            <technique_common>
              <instance_material symbol="defaultMaterial" target="#cabinmat1" />
            </technique_common>
          </bind_material>
        </instance_geometry>
      </node>
      <node id="log20_low" name="log20_low">
        <matrix>1 0 0 0 0 1 0 0 0 0 1 0 0 0 0 1</matrix>
        <instance_geometry url="#meshId12">
          <bind_material>
            <technique_common>
              <instance_material symbol="defaultMaterial" target="#cabinmat1" />
            </technique_common>
          </bind_material>
        </instance_geometry>
      </node>
      <node id="log19_low" name="log19_low">
        <matrix>1 0 0 0 0 1 0 0 0 0 1 0 0 0 0 1</matrix>
        <instance_geometry url="#meshId13">
          <bind_material>
            <technique_common>
              <instance_material symbol="defaultMaterial" target="#cabinmat1" />
            </technique_common>
          </bind_material>
        </instance_geometry>
      </node>
      <node id="log18_low" name="log18_low">
        <matrix>1 0 0 0 0 1 0 0 0 0 1 0 0 0 0 1</matrix>
        <instance_geometry url="#meshId14">
          <bind_material>
            <technique_common>
              <instance_material symbol="defaultMaterial" target="#cabinmat1" />
            </technique_common>
          </bind_material>
        </instance_geometry>
      </node>
      <node id="log17_low" name="log17_low">
        <matrix>1 0 0 0 0 1 0 0 0 0 1 0 0 0 0 1</matrix>
        <instance_geometry url="#meshId15">
          <bind_material>
            <technique_common>
              <instance_material symbol="defaultMaterial" target="#cabinmat1" />
            </technique_common>
          </bind_material>
        </instance_geometry>
      </node>
      <node id="log16_low" name="log16_low">
        <matrix>1 0 0 0 0 1 0 0 0 0 1 0 0 0 0 1</matrix>
        <instance_geometry url="#meshId16">
          <bind_material>
            <technique_common>
              <instance_material symbol="defaultMaterial" target="#cabinmat1" />
            </technique_common>
          </bind_material>
        </instance_geometry>
      </node>
      <node id="log15_low" name="log15_low">
        <matrix>1 0 0 0 0 1 0 0 0 0 1 0 0 0 0 1</matrix>
        <instance_geometry url="#meshId17">
          <bind_material>
            <technique_common>
              <instance_material symbol="defaultMaterial" target="#cabinmat1" />
            </technique_common>
          </bind_material>
        </instance_geometry>
      </node>
      <node id="log14_low" name="log14_low">
        <matrix>1 0 0 0 0 1 0 0 0 0 1 0 0 0 0 1</matrix>
        <instance_geometry url="#meshId18">
          <bind_material>
            <technique_common>
              <instance_material symbol="defaultMaterial" target="#cabinmat1" />
            </technique_common>
          </bind_material>
        </instance_geometry>
      </node>
      <node id="log13_low" name="log13_low">
        <matrix>1 0 0 0 0 1 0 0 0 0 1 0 0 0 0 1</matrix>
        <instance_geometry url="#meshId19">
          <bind_material>
            <technique_common>
              <instance_material symbol="defaultMaterial" target="#cabinmat1" />
            </technique_common>
          </bind_material>
        </instance_geometry>
      </node>
      <node id="log12_low" name="log12_low">
        <matrix>1 0 0 0 0 1 0 0 0 0 1 0 0 0 0 1</matrix>
        <instance_geometry url="#meshId20">
          <bind_material>
            <technique_common>
              <instance_material symbol="defaultMaterial" target="#cabinmat1" />
            </technique_common>
          </bind_material>
        </instance_geometry>
      </node>
      <node id="log11_low" name="log11_low">
        <matrix>1 0 0 0 0 1 0 0 0 0 1 0 0 0 0 1</matrix>
        <instance_geometry url="#meshId21">
          <bind_material>
            <technique_common>
              <instance_material symbol="defaultMaterial" target="#cabinmat1" />
            </technique_common>
          </bind_material>
        </instance_geometry>
      </node>
      <node id="log10_low" name="log10_low">
        <matrix>1 0 0 0 0 1 0 0 0 0 1 0 0 0 0 1</matrix>
        <instance_geometry url="#meshId22">
          <bind_material>
            <technique_common>
              <instance_material symbol="defaultMaterial" target="#cabinmat1" />
            </technique_common>
          </bind_material>
        </instance_geometry>
      </node>
      <node id="log9_low" name="log9_low">
        <matrix>1 0 0 0 0 1 0 0 0 0 1 0 0 0 0 1</matrix>
        <instance_geometry url="#meshId23">
          <bind_material>
            <technique_common>
              <instance_material symbol="defaultMaterial" target="#cabinmat1" />
            </technique_common>
          </bind_material>
        </instance_geometry>
      </node>
      <node id="log8_low" name="log8_low">
        <matrix>1 0 0 0 0 1 0 0 0 0 1 0 0 0 0 1</matrix>
        <instance_geometry url="#meshId24">
          <bind_material>
            <technique_common>
              <instance_material symbol="defaultMaterial" target="#cabinmat1" />
            </technique_common>
          </bind_material>
        </instance_geometry>
      </node>
      <node id="log7_low" name="log7_low">
        <matrix>1 0 0 0 0 1 0 0 0 0 1 0 0 0 0 1</matrix>
        <instance_geometry url="#meshId25">
          <bind_material>
            <technique_common>
              <instance_material symbol="defaultMaterial" target="#cabinmat1" />
            </technique_common>
          </bind_material>
        </instance_geometry>
      </node>
      <node id="log6_low" name="log6_low">
        <matrix>1 0 0 0 0 1 0 0 0 0 1 0 0 0 0 1</matrix>
        <instance_geometry url="#meshId26">
          <bind_material>
            <technique_common>
              <instance_material symbol="defaultMaterial" target="#cabinmat1" />
            </technique_common>
          </bind_material>
        </instance_geometry>
      </node>
      <node id="log4_low" name="log4_low">
        <matrix>1 0 0 0 0 1 0 0 0 0 1 0 0 0 0 1</matrix>
        <instance_geometry url="#meshId27">
          <bind_material>
            <technique_common>
              <instance_material symbol="defaultMaterial" target="#cabinmat1" />
            </technique_common>
          </bind_material>
        </instance_geometry>
      </node>
      <node id="log3_low" name="log3_low">
        <matrix>1 0 0 0 0 1 0 0 0 0 1 0 0 0 0 1</matrix>
        <instance_geometry url="#meshId28">
          <bind_material>
            <technique_common>
              <instance_material symbol="defaultMaterial" target="#cabinmat1" />
            </technique_common>
          </bind_material>
        </instance_geometry>
      </node>
      <node id="log2_low" name="log2_low">
        <matrix>1 0 0 0 0 1 0 0 0 0 1 0 0 0 0 1</matrix>
        <instance_geometry url="#meshId29">
          <bind_material>
            <technique_common>
              <instance_material symbol="defaultMaterial" target="#cabinmat1" />
            </technique_common>
          </bind_material>
        </instance_geometry>
      </node>
      <node id="log1_low" name="log1_low">
        <matrix>1 0 0 0 0 1 0 0 0 0 1 0 0 0 0 1</matrix>
        <instance_geometry url="#meshId30">
          <bind_material>
            <technique_common>
              <instance_material symbol="defaultMaterial" target="#cabinmat1" />
            </technique_common>
          </bind_material>
        </instance_geometry>
      </node>
      <node id="window_frame_low" name="window_frame_low">
        <matrix>1 0 0 0 0 1 0 0 0 0 1 0 0 0 0 1</matrix>
        <instance_geometry url="#meshId31">
          <bind_material>
            <technique_common>
              <instance_material symbol="defaultMaterial" target="#cabinmat1" />
            </technique_common>
          </bind_material>
        </instance_geometry>
      </node>
      <node id="window_beam4_low" name="window_beam4_low">
        <matrix>1 0 0 0 0 1 0 0 0 0 1 0 0 0 0 1</matrix>
        <instance_geometry url="#meshId32">
          <bind_material>
            <technique_common>
              <instance_material symbol="defaultMaterial" target="#cabinmat1" />
            </technique_common>
          </bind_material>
        </instance_geometry>
      </node>
      <node id="window_beam3_low" name="window_beam3_low">
        <matrix>1 0 0 0 0 1 0 0 0 0 1 0 0 0 0 1</matrix>
        <instance_geometry url="#meshId33">
          <bind_material>
            <technique_common>
              <instance_material symbol="defaultMaterial" target="#cabinmat1" />
            </technique_common>
          </bind_material>
        </instance_geometry>
      </node>
      <node id="window_frame_low" name="window_frame_low">
        <matrix>1 0 0 0 0 1 0 0 0 0 1 0 0 0 0 1</matrix>
        <instance_geometry url="#meshId34">
          <bind_material>
            <technique_common>
              <instance_material symbol="defaultMaterial" target="#cabinmat1" />
            </technique_common>
          </bind_material>
        </instance_geometry>
      </node>
      <node id="window_beam1_low" name="window_beam1_low">
        <matrix>1 0 0 0 0 1 0 0 0 0 1 0 0 0 0 1</matrix>
        <instance_geometry url="#meshId35">
          <bind_material>
            <technique_common>
              <instance_material symbol="defaultMaterial" target="#cabinmat1" />
            </technique_common>
          </bind_material>
        </instance_geometry>
      </node>
      <node id="window_beam2_low" name="window_beam2_low">
        <matrix>1 0 0 0 0 1 0 0 0 0 1 0 0 0 0 1</matrix>
        <instance_geometry url="#meshId36">
          <bind_material>
            <technique_common>
              <instance_material symbol="defaultMaterial" target="#cabinmat1" />
            </technique_common>
          </bind_material>
        </instance_geometry>
      </node>
      <node id="benchpiece1_low" name="benchpiece1_low">
        <matrix>1 0 0 0 0 1 0 0 0 0 1 0 0 0 0 1</matrix>
        <instance_geometry url="#meshId37">
          <bind_material>
            <technique_common>
              <instance_material symbol="defaultMaterial" target="#cabinmat1" />
            </technique_common>
          </bind_material>
        </instance_geometry>
      </node>
      <node id="benchpiece2_low" name="benchpiece2_low">
        <matrix>1 0 0 0 0 1 0 0 0 0 1 0 0 0 0 1</matrix>
        <instance_geometry url="#meshId38">
          <bind_material>
            <technique_common>
              <instance_material symbol="defaultMaterial" target="#cabinmat1" />
            </technique_common>
          </bind_material>
        </instance_geometry>
      </node>
      <node id="benchpiece3_low" name="benchpiece3_low">
        <matrix>1 0 0 0 0 1 0 0 0 0 1 0 0 0 0 1</matrix>
        <instance_geometry url="#meshId39">
          <bind_material>
            <technique_common>
              <instance_material symbol="defaultMaterial" target="#cabinmat1" />
            </technique_common>
          </bind_material>
        </instance_geometry>
      </node>
      <node id="benchpiece4_low" name="benchpiece4_low">
        <matrix>1 0 0 0 0 1 0 0 0 0 1 0 0 0 0 1</matrix>
        <instance_geometry url="#meshId40">
          <bind_material>
            <technique_common>
              <instance_material symbol="defaultMaterial" target="#cabinmat1" />
            </technique_common>
          </bind_material>
        </instance_geometry>
      </node>
      <node id="benchpiece5_low" name="benchpiece5_low">
        <matrix>1 0 0 0 0 1 0 0 0 0 1 0 0 0 0 1</matrix>
        <instance_geometry url="#meshId41">
          <bind_material>
            <technique_common>
              <instance_material symbol="defaultMaterial" target="#cabinmat1" />
            </technique_common>
          </bind_material>
        </instance_geometry>
      </node>
      <node id="benchpiece6_low" name="benchpiece6_low">
        <matrix>1 0 0 0 0 1 0 0 0 0 1 0 0 0 0 1</matrix>
        <instance_geometry url="#meshId42">
          <bind_material>
            <technique_common>
              <instance_material symbol="defaultMaterial" target="#cabinmat1" />
            </technique_common>
          </bind_material>
        </instance_geometry>
      </node>
      <node id="benchpiece7_low" name="benchpiece7_low">
        <matrix>1 0 0 0 0 1 0 0 0 0 1 0 0 0 0 1</matrix>
        <instance_geometry url="#meshId43">
          <bind_material>
            <technique_common>
              <instance_material symbol="defaultMaterial" target="#cabinmat1" />
            </technique_common>
          </bind_material>
        </instance_geometry>
      </node>
      <node id="benchpiece8_low" name="benchpiece8_low">
        <matrix>1 0 0 0 0 1 0 0 0 0 1 0 0 0 0 1</matrix>
        <instance_geometry url="#meshId44">
          <bind_material>
            <technique_common>
              <instance_material symbol="defaultMaterial" target="#cabinmat1" />
            </technique_common>
          </bind_material>
        </instance_geometry>
      </node>
      <node id="benchpiece9_low" name="benchpiece9_low">
        <matrix>1 0 0 0 0 1 0 0 0 0 1 0 0 0 0 1</matrix>
        <instance_geometry url="#meshId45">
          <bind_material>
            <technique_common>
              <instance_material symbol="defaultMaterial" target="#cabinmat1" />
            </technique_common>
          </bind_material>
        </instance_geometry>
      </node>
      <node id="benchpiece10_low" name="benchpiece10_low">
        <matrix>1 0 0 0 0 1 0 0 0 0 1 0 0 0 0 1</matrix>
        <instance_geometry url="#meshId46">
          <bind_material>
            <technique_common>
              <instance_material symbol="defaultMaterial" target="#cabinmat1" />
            </technique_common>
          </bind_material>
        </instance_geometry>
      </node>
      <node id="benchpiece11_low" name="benchpiece11_low">
        <matrix>1 0 0 0 0 1 0 0 0 0 1 0 0 0 0 1</matrix>
        <instance_geometry url="#meshId47">
          <bind_material>
            <technique_common>
              <instance_material symbol="defaultMaterial" target="#cabinmat1" />
            </technique_common>
          </bind_material>
        </instance_geometry>
      </node>
      <node id="benchpiece12_low" name="benchpiece12_low">
        <matrix>1 0 0 0 0 1 0 0 0 0 1 0 0 0 0 1</matrix>
        <instance_geometry url="#meshId48">
          <bind_material>
            <technique_common>
              <instance_material symbol="defaultMaterial" target="#cabinmat1" />
            </technique_common>
          </bind_material>
        </instance_geometry>
      </node>
      <node id="benchpiece13_low" name="benchpiece13_low">
        <matrix>1 0 0 0 0 1 0 0 0 0 1 0 0 0 0 1</matrix>
        <instance_geometry url="#meshId49">
          <bind_material>
            <technique_common>
              <instance_material symbol="defaultMaterial" target="#cabinmat1" />
            </technique_common>
          </bind_material>
        </instance_geometry>
      </node>
      <node id="benchpiece14_low" name="benchpiece14_low">
        <matrix>1 0 0 0 0 1 0 0 0 0 1 0 0 0 0 1</matrix>
        <instance_geometry url="#meshId50">
          <bind_material>
            <technique_common>
              <instance_material symbol="defaultMaterial" target="#cabinmat1" />
            </technique_common>
          </bind_material>
        </instance_geometry>
      </node>
      <node id="benchpiece15_low" name="benchpiece15_low">
        <matrix>1 0 0 0 0 1 0 0 0 0 1 0 0 0 0 1</matrix>
        <instance_geometry url="#meshId51">
          <bind_material>
            <technique_common>
              <instance_material symbol="defaultMaterial" target="#cabinmat1" />
            </technique_common>
          </bind_material>
        </instance_geometry>
      </node>
      <node id="benchpiece16_low" name="benchpiece16_low">
        <matrix>1 0 0 0 0 1 0 0 0 0 1 0 0 0 0 1</matrix>
        <instance_geometry url="#meshId52">
          <bind_material>
            <technique_common>
              <instance_material symbol="defaultMaterial" target="#cabinmat1" />
            </technique_common>
          </bind_material>
        </instance_geometry>
      </node>
      <node id="benchpiece17_low" name="benchpiece17_low">
        <matrix>1 0 0 0 0 1 0 0 0 0 1 0 0 0 0 1</matrix>
        <instance_geometry url="#meshId53">
          <bind_material>
            <technique_common>
              <instance_material symbol="defaultMaterial" target="#cabinmat1" />
            </technique_common>
          </bind_material>
        </instance_geometry>
      </node>
      <node id="benchpiece18_low" name="benchpiece18_low">
        <matrix>1 0 0 0 0 1 0 0 0 0 1 0 0 0 0 1</matrix>
        <instance_geometry url="#meshId54">
          <bind_material>
            <technique_common>
              <instance_material symbol="defaultMaterial" target="#cabinmat1" />
            </technique_common>
          </bind_material>
        </instance_geometry>
      </node>
      <node id="patio_floor_low" name="patio_floor_low">
        <matrix>1 0 0 0 0 1 0 0 0 0 1 0 0 0 0 1</matrix>
        <instance_geometry url="#meshId55">
          <bind_material>
            <technique_common>
              <instance_material symbol="defaultMaterial" target="#cabinmat1" />
            </technique_common>
          </bind_material>
        </instance_geometry>
      </node>
      <node id="patio_roof_low" name="patio_roof_low">
        <matrix>1 0 0 0 0 1 0 0 0 0 1 0 0 0 0 1</matrix>
        <instance_geometry url="#meshId56">
          <bind_material>
            <technique_common>
              <instance_material symbol="defaultMaterial" target="#cabinmat1" />
            </technique_common>
          </bind_material>
        </instance_geometry>
      </node>
      <node id="patio_roof_beam1_low" name="patio_roof_beam1_low">
        <matrix>1 0 0 0 0 1 0 0 0 0 1 0 0 0 0 1</matrix>
        <instance_geometry url="#meshId57">
          <bind_material>
            <technique_common>
              <instance_material symbol="defaultMaterial" target="#cabinmat1" />
            </technique_common>
          </bind_material>
        </instance_geometry>
      </node>
      <node id="patio_roof_beam2_low" name="patio_roof_beam2_low">
        <matrix>1 0 0 0 0 1 0 0 0 0 1 0 0 0 0 1</matrix>
        <instance_geometry url="#meshId58">
          <bind_material>
            <technique_common>
              <instance_material symbol="defaultMaterial" target="#cabinmat1" />
            </technique_common>
          </bind_material>
        </instance_geometry>
      </node>
      <node id="patio_roof_beam3_low" name="patio_roof_beam3_low">
        <matrix>1 0 0 0 0 1 0 0 0 0 1 0 0 0 0 1</matrix>
        <instance_geometry url="#meshId59">
          <bind_material>
            <technique_common>
              <instance_material symbol="defaultMaterial" target="#cabinmat1" />
            </technique_common>
          </bind_material>
        </instance_geometry>
      </node>
      <node id="patio_beam1_low" name="patio_beam1_low">
        <matrix>1 0 0 0 0 1 0 0 0 0 1 0 0 0 0 1</matrix>
        <instance_geometry url="#meshId60">
          <bind_material>
            <technique_common>
              <instance_material symbol="defaultMaterial" target="#cabinmat1" />
            </technique_common>
          </bind_material>
        </instance_geometry>
      </node>
      <node id="patio_beam2_low" name="patio_beam2_low">
        <matrix>1 0 0 0 0 1 0 0 0 0 1 0 0 0 0 1</matrix>
        <instance_geometry url="#meshId61">
          <bind_material>
            <technique_common>
              <instance_material symbol="defaultMaterial" target="#cabinmat1" />
            </technique_common>
          </bind_material>
        </instance_geometry>
      </node>
      <node id="patio_beam3_low" name="patio_beam3_low">
        <matrix>1 0 0 0 0 1 0 0 0 0 1 0 0 0 0 1</matrix>
        <instance_geometry url="#meshId62">
          <bind_material>
            <technique_common>
              <instance_material symbol="defaultMaterial" target="#cabinmat1" />
            </technique_common>
          </bind_material>
        </instance_geometry>
      </node>
      <node id="door_frame_low" name="door_frame_low">
        <matrix>1 0 0 0 0 1 0 0 0 0 1 0 0 0 0 1</matrix>
        <instance_geometry url="#meshId63">
          <bind_material>
            <technique_common>
              <instance_material symbol="defaultMaterial" target="#cabinmat1" />
            </technique_common>
          </bind_material>
        </instance_geometry>
      </node>
      <node id="door_main_low" name="door_main_low">
        <matrix>1 0 0 0 0 1 0 0 0 0 1 0 0 0 0 1</matrix>
        <instance_geometry url="#meshId64">
          <bind_material>
            <technique_common>
              <instance_material symbol="defaultMaterial" target="#cabinmat1" />
            </technique_common>
          </bind_material>
        </instance_geometry>
      </node>
      <node id="door_knob_low" name="door_knob_low">
        <matrix>1 0 0 0 0 1 0 0 0 0 1 0 0 0 0 1</matrix>
        <instance_geometry url="#meshId65">
          <bind_material>
            <technique_common>
              <instance_material symbol="defaultMaterial" target="#cabinmat1" />
            </technique_common>
          </bind_material>
        </instance_geometry>
      </node>
      <node id="outside_log_low" name="outside_log_low">
        <matrix>1 0 0 0 0 1 0 0 0 0 1 0 0 0 0 1</matrix>
        <instance_geometry url="#meshId66">
          <bind_material>
            <technique_common>
              <instance_material symbol="defaultMaterial" target="#cabinmat1" />
            </technique_common>
          </bind_material>
        </instance_geometry>
      </node>
      <node id="outside_log1_low" name="outside_log1_low">
        <matrix>1 0 0 0 0 1 0 0 0 0 1 0 0 0 0 1</matrix>
        <instance_geometry url="#meshId67">
          <bind_material>
            <technique_common>
              <instance_material symbol="defaultMaterial" target="#cabinmat1" />
            </technique_common>
          </bind_material>
        </instance_geometry>
      </node>
      <node id="outside_log2_low" name="outside_log2_low">
        <matrix>1 0 0 0 0 1 0 0 0 0 1 0 0 0 0 1</matrix>
        <instance_geometry url="#meshId68">
          <bind_material>
            <technique_common>
              <instance_material symbol="defaultMaterial" target="#cabinmat1" />
            </technique_common>
          </bind_material>
        </instance_geometry>
      </node>
      <node id="outside_log3_low" name="outside_log3_low">
        <matrix>1 0 0 0 0 1 0 0 0 0 1 0 0 0 0 1</matrix>
        <instance_geometry url="#meshId69">
          <bind_material>
            <technique_common>
              <instance_material symbol="defaultMaterial" target="#cabinmat1" />
            </technique_common>
          </bind_material>
        </instance_geometry>
      </node>
      <node id="outside_log4_low" name="outside_log4_low">
        <matrix>1 0 0 0 0 1 0 0 0 0 1 0 0 0 0 1</matrix>
        <instance_geometry url="#meshId70">
          <bind_material>
            <technique_common>
              <instance_material symbol="defaultMaterial" target="#cabinmat1" />
            </technique_common>
          </bind_material>
        </instance_geometry>
      </node>
      <node id="outside_log5_low" name="outside_log5_low">
        <matrix>1 0 0 0 0 1 0 0 0 0 1 0 0 0 0 1</matrix>
        <instance_geometry url="#meshId71">
          <bind_material>
            <technique_common>
              <instance_material symbol="defaultMaterial" target="#cabinmat1" />
            </technique_common>
          </bind_material>
        </instance_geometry>
      </node>
      <node id="outside_log6_low" name="outside_log6_low">
        <matrix>1 0 0 0 0 1 0 0 0 0 1 0 0 0 0 1</matrix>
        <instance_geometry url="#meshId72">
          <bind_material>
            <technique_common>
              <instance_material symbol="defaultMaterial" target="#cabinmat1" />
            </technique_common>
          </bind_material>
        </instance_geometry>
      </node>
      <node id="outside_log7_low" name="outside_log7_low">
        <matrix>1 0 0 0 0 1 0 0 0 0 1 0 0 0 0 1</matrix>
        <instance_geometry url="#meshId73">
          <bind_material>
            <technique_common>
              <instance_material symbol="defaultMaterial" target="#cabinmat1" />
            </technique_common>
          </bind_material>
        </instance_geometry>
      </node>
      <node id="outside_log8_low" name="outside_log8_low">
        <matrix>1 0 0 0 0 1 0 0 0 0 1 0 0 0 0 1</matrix>
        <instance_geometry url="#meshId74">
          <bind_material>
            <technique_common>
              <instance_material symbol="defaultMaterial" target="#cabinmat1" />
            </technique_common>
          </bind_material>
        </instance_geometry>
      </node>
      <node id="outside_log9_low" name="outside_log9_low">
        <matrix>1 0 0 0 0 1 0 0 0 0 1 0 0 0 0 1</matrix>
        <instance_geometry url="#meshId75">
          <bind_material>
            <technique_common>
              <instance_material symbol="defaultMaterial" target="#cabinmat1" />
            </technique_common>
          </bind_material>
        </instance_geometry>
      </node>
      <node id="outside_log10_low" name="outside_log10_low">
        <matrix>1 0 0 0 0 1 0 0 0 0 1 0 0 0 0 1</matrix>
        <instance_geometry url="#meshId76">
          <bind_material>
            <technique_common>
              <instance_material symbol="defaultMaterial" target="#cabinmat1" />
            </technique_common>
          </bind_material>
        </instance_geometry>
      </node>
      <node id="outside_log11_low" name="outside_log11_low">
        <matrix>1 0 0 0 0 1 0 0 0 0 1 0 0 0 0 1</matrix>
        <instance_geometry url="#meshId77">
          <bind_material>
            <technique_common>
              <instance_material symbol="defaultMaterial" target="#cabinmat1" />
            </technique_common>
          </bind_material>
        </instance_geometry>
      </node>
      <node id="outside_log12_low" name="outside_log12_low">
        <matrix>1 0 0 0 0 1 0 0 0 0 1 0 0 0 0 1</matrix>
        <instance_geometry url="#meshId78">
          <bind_material>
            <technique_common>
              <instance_material symbol="defaultMaterial" target="#cabinmat1" />
            </technique_common>
          </bind_material>
        </instance_geometry>
      </node>
      <node id="outside_log13_low" name="outside_log13_low">
        <matrix>1 0 0 0 0 1 0 0 0 0 1 0 0 0 0 1</matrix>
        <instance_geometry url="#meshId79">
          <bind_material>
            <technique_common>
              <instance_material symbol="defaultMaterial" target="#cabinmat1" />
            </technique_common>
          </bind_material>
        </instance_geometry>
      </node>
      <node id="outside_log14_low" name="outside_log14_low">
        <matrix>1 0 0 0 0 1 0 0 0 0 1 0 0 0 0 1</matrix>
        <instance_geometry url="#meshId80">
          <bind_material>
            <technique_common>
              <instance_material symbol="defaultMaterial" target="#cabinmat1" />
            </technique_common>
          </bind_material>
        </instance_geometry>
      </node>
      <node id="outside_log15_low" name="outside_log15_low">
        <matrix>1 0 0 0 0 1 0 0 0 0 1 0 0 0 0 1</matrix>
        <instance_geometry url="#meshId81">
          <bind_material>
            <technique_common>
              <instance_material symbol="defaultMaterial" target="#cabinmat1" />
            </technique_common>
          </bind_material>
        </instance_geometry>
      </node>
      <node id="outside_log_half1_low" name="outside_log_half1_low">
        <matrix>1 0 0 0 0 1 0 0 0 0 1 0 0 0 0 1</matrix>
        <instance_geometry url="#meshId82">
          <bind_material>
            <technique_common>
              <instance_material symbol="defaultMaterial" target="#cabinmat1" />
            </technique_common>
          </bind_material>
        </instance_geometry>
      </node>
      <node id="outside_log_half2_low" name="outside_log_half2_low">
        <matrix>1 0 0 0 0 1 0 0 0 0 1 0 0 0 0 1</matrix>
        <instance_geometry url="#meshId83">
          <bind_material>
            <technique_common>
              <instance_material symbol="defaultMaterial" target="#cabinmat1" />
            </technique_common>
          </bind_material>
        </instance_geometry>
      </node>
      <node id="head_low" name="head_low">
        <matrix>1 0 0 0 0 1 0 0 0 0 1 0 0 0 0 1</matrix>
        <instance_geometry url="#meshId84">
          <bind_material>
            <technique_common>
              <instance_material symbol="defaultMaterial" target="#cabinmat1" />
            </technique_common>
          </bind_material>
        </instance_geometry>
      </node>
      <node id="handle_low" name="handle_low">
        <matrix>1 0 0 0 0 1 0 0 0 0 1 0 0 0 0 1</matrix>
        <instance_geometry url="#meshId85">
          <bind_material>
            <technique_common>
              <instance_material symbol="defaultMaterial" target="#cabinmat1" />
            </technique_common>
          </bind_material>
        </instance_geometry>
      </node>
      <node id="roof_tiles_low" name="roof_tiles_low">
        <matrix>1 0 0 0 0 1 0 0 0 0 1 0 0 0 0 1</matrix>
        <instance_geometry url="#meshId86">
          <bind_material>
            <technique_common>
              <instance_material symbol="defaultMaterial" target="#cabinmat1" />
            </technique_common>
          </bind_material>
        </instance_geometry>
      </node>
      <node id="roof_curved_beam1_low" name="roof_curved_beam1_low">
        <matrix>1 0 0 0 0 1 0 0 0 0 1 0 0 0 0 1</matrix>
        <instance_geometry url="#meshId87">
          <bind_material>
            <technique_common>
              <instance_material symbol="defaultMaterial" target="#cabinmat1" />
            </technique_common>
          </bind_material>
        </instance_geometry>
      </node>
      <node id="roof_beam_low" name="roof_beam_low">
        <matrix>1 0 0 0 0 1 0 0 0 0 1 0 0 0 0 1</matrix>
        <instance_geometry url="#meshId88">
          <bind_material>
            <technique_common>
              <instance_material symbol="defaultMaterial" target="#cabinmat1" />
            </technique_common>
          </bind_material>
        </instance_geometry>
      </node>
      <node id="roof_curved_beam2_low" name="roof_curved_beam2_low">
        <matrix>1 0 0 0 0 1 0 0 0 0 1 0 0 0 0 1</matrix>
        <instance_geometry url="#meshId89">
          <bind_material>
            <technique_common>
              <instance_material symbol="defaultMaterial" target="#cabinmat1" />
            </technique_common>
          </bind_material>
        </instance_geometry>
      </node>
      <node id="roof_curved_beam3_low" name="roof_curved_beam3_low">
        <matrix>1 0 0 0 0 1 0 0 0 0 1 0 0 0 0 1</matrix>
        <instance_geometry url="#meshId90">
          <bind_material>
            <technique_common>
              <instance_material symbol="defaultMaterial" target="#cabinmat1" />
            </technique_common>
          </bind_material>
        </instance_geometry>
      </node>
      <node id="roof_curved_beam4_low" name="roof_curved_beam4_low">
        <matrix>1 0 0 0 0 1 0 0 0 0 1 0 0 0 0 1</matrix>
        <instance_geometry url="#meshId91">
          <bind_material>
            <technique_common>
              <instance_material symbol="defaultMaterial" target="#cabinmat1" />
            </technique_common>
          </bind_material>
        </instance_geometry>
      </node>
      <node id="roof_tiles1_low" name="roof_tiles1_low">
        <matrix>1 0 0 0 0 1 0 0 0 0 1 0 0 0 0 1</matrix>
        <instance_geometry url="#meshId92">
          <bind_material>
            <technique_common>
              <instance_material symbol="defaultMaterial" target="#cabinmat1" />
            </technique_common>
          </bind_material>
        </instance_geometry>
      </node>
      <node id="lanturn_main_low" name="lanturn_main_low">
        <matrix>1 0 0 0 0 1 0 0 0 0 1 0 0 0 0 1</matrix>
        <instance_geometry url="#meshId93">
          <bind_material>
            <technique_common>
              <instance_material symbol="defaultMaterial" target="#cabinmat1" />
            </technique_common>
          </bind_material>
        </instance_geometry>
      </node>
      <node id="lanturn_hanger_low" name="lanturn_hanger_low">
        <matrix>1 0 0 0 0 1 0 0 0 0 1 0 0 0 0 1</matrix>
        <instance_geometry url="#meshId94">
          <bind_material>
            <technique_common>
              <instance_material symbol="defaultMaterial" target="#cabinmat1" />
            </technique_common>
          </bind_material>
        </instance_geometry>
      </node>
      <node id="lanturn_holder_low" name="lanturn_holder_low">
        <matrix>1 0 0 0 0 1 0 0 0 0 1 0 0 0 0 1</matrix>
        <instance_geometry url="#meshId95">
          <bind_material>
            <technique_common>
              <instance_material symbol="defaultMaterial" target="#cabinmat1" />
            </technique_common>
          </bind_material>
        </instance_geometry>
      </node>
      <node id="log_base_low" name="log_base_low">
        <matrix>1 0 0 0 0 1 0 0 0 0 1 0 0 0 0 1</matrix>
        <instance_geometry url="#meshId96">
          <bind_material>
            <technique_common>
              <instance_material symbol="defaultMaterial" target="#cabinmat1" />
            </technique_common>
          </bind_material>
        </instance_geometry>
      </node>
      <node id="table_low" name="table_low">
        <matrix>1 0 0 0 0 1 0 0 0 0 1 0 0 0 0 1</matrix>
        <instance_geometry url="#meshId97">
          <bind_material>
            <technique_common>
              <instance_material symbol="defaultMaterial" target="#cabinmat1" />
            </technique_common>
          </bind_material>
        </instance_geometry>
      </node>
      <node id="ashtray_low" name="ashtray_low">
        <matrix>1 0 0 0 0 1 0 0 0 0 1 0 0 0 0 1</matrix>
        <instance_geometry url="#meshId98">
          <bind_material>
            <technique_common>
              <instance_material symbol="defaultMaterial" target="#cabinmat1" />
            </technique_common>
          </bind_material>
        </instance_geometry>
      </node>
      <node id="beer_bottle_low" name="beer_bottle_low">
        <matrix>1 0 0 0 0 1 0 0 0 0 1 0 0 0 0 1</matrix>
        <instance_geometry url="#meshId99">
          <bind_material>
            <technique_common>
              <instance_material symbol="defaultMaterial" target="#cabinmat1" />
            </technique_common>
          </bind_material>
        </instance_geometry>
      </node>
      <node id="beer_stubby_low" name="beer_stubby_low">
        <matrix>1 0 0 0 0 1 0 0 0 0 1 0 0 0 0 1</matrix>
        <instance_geometry url="#meshId100">
          <bind_material>
            <technique_common>
              <instance_material symbol="defaultMaterial" target="#cabinmat1" />
            </technique_common>
          </bind_material>
        </instance_geometry>
      </node>
      <node id="beer_cap_low" name="beer_cap_low">
        <matrix>1 0 0 0 0 1 0 0 0 0 1 0 0 0 0 1</matrix>
        <instance_geometry url="#meshId101">
          <bind_material>
            <technique_common>
              <instance_material symbol="defaultMaterial" target="#cabinmat1" />
            </technique_common>
          </bind_material>
        </instance_geometry>
      </node>
      <node id="step1_low" name="step1_low">
        <matrix>1 0 0 0 0 1 0 0 0 0 1 0 0 0 0 1</matrix>
        <instance_geometry url="#meshId102">
          <bind_material>
            <technique_common>
              <instance_material symbol="defaultMaterial" target="#cabinmat1" />
            </technique_common>
          </bind_material>
        </instance_geometry>
      </node>
      <node id="step2_low" name="step2_low">
        <matrix>1 0 0 0 0 1 0 0 0 0 1 0 0 0 0 1</matrix>
        <instance_geometry url="#meshId103">
          <bind_material>
            <technique_common>
              <instance_material symbol="defaultMaterial" target="#cabinmat1" />
            </technique_common>
          </bind_material>
        </instance_geometry>
      </node>
      <node id="step3_low" name="step3_low">
        <matrix>1 0 0 0 0 1 0 0 0 0 1 0 0 0 0 1</matrix>
        <instance_geometry url="#meshId104">
          <bind_material>
            <technique_common>
              <instance_material symbol="defaultMaterial" target="#cabinmat1" />
            </technique_common>
          </bind_material>
        </instance_geometry>
      </node>
      <node id="stepbeam1_low" name="stepbeam1_low">
        <matrix>1 0 0 0 0 1 0 0 0 0 1 0 0 0 0 1</matrix>
        <instance_geometry url="#meshId105">
          <bind_material>
            <technique_common>
              <instance_material symbol="defaultMaterial" target="#cabinmat1" />
            </technique_common>
          </bind_material>
        </instance_geometry>
      </node>
      <node id="stepbeam2_low" name="stepbeam2_low">
        <matrix>1 0 0 0 0 1 0 0 0 0 1 0 0 0 0 1</matrix>
        <instance_geometry url="#meshId106">
          <bind_material>
            <technique_common>
              <instance_material symbol="defaultMaterial" target="#cabinmat1" />
            </technique_common>
          </bind_material>
        </instance_geometry>
      </node>
      <node id="stepbeam3_low" name="stepbeam3_low">
        <matrix>1 0 0 0 0 1 0 0 0 0 1 0 0 0 0 1</matrix>
        <instance_geometry url="#meshId107">
          <bind_material>
            <technique_common>
              <instance_material symbol="defaultMaterial" target="#cabinmat1" />
            </technique_common>
          </bind_material>
        </instance_geometry>
      </node>
      <node id="stepbeam4_low" name="stepbeam4_low">
        <matrix>1 0 0 0 0 1 0 0 0 0 1 0 0 0 0 1</matrix>
        <instance_geometry url="#meshId108">
          <bind_material>
            <technique_common>
              <instance_material symbol="defaultMaterial" target="#cabinmat1" />
            </technique_common>
          </bind_material>
        </instance_geometry>
      </node>
      <node id="stepbeam5_low" name="stepbeam5_low">
        <matrix>1 0 0 0 0 1 0 0 0 0 1 0 0 0 0 1</matrix>
        <instance_geometry url="#meshId109">
          <bind_material>
            <technique_common>
              <instance_material symbol="defaultMaterial" target="#cabinmat1" />
            </technique_common>
          </bind_material>
        </instance_geometry>
      </node>
      <node id="stepbeam6_low" name="stepbeam6_low">
        <matrix>1 0 0 0 0 1 0 0 0 0 1 0 0 0 0 1</matrix>
        <instance_geometry url="#meshId110">
          <bind_material>
            <technique_common>
              <instance_material symbol="defaultMaterial" target="#cabinmat1" />
            </technique_common>
          </bind_material>
        </instance_geometry>
      </node>
      <node id="stepbeam7_low" name="stepbeam7_low">
        <matrix>1 0 0 0 0 1 0 0 0 0 1 0 0 0 0 1</matrix>
        <instance_geometry url="#meshId111">
          <bind_material>
            <technique_common>
              <instance_material symbol="defaultMaterial" target="#cabinmat1" />
            </technique_common>
          </bind_material>
        </instance_geometry>
      </node>
      <node id="stepbeam8_low" name="stepbeam8_low">
        <matrix>1 0 0 0 0 1 0 0 0 0 1 0 0 0 0 1</matrix>
        <instance_geometry url="#meshId112">
          <bind_material>
            <technique_common>
              <instance_material symbol="defaultMaterial" target="#cabinmat1" />
            </technique_common>
          </bind_material>
        </instance_geometry>
      </node>
      <node id="stepbeam9_low" name="stepbeam9_low">
        <matrix>1 0 0 0 0 1 0 0 0 0 1 0 0 0 0 1</matrix>
        <instance_geometry url="#meshId113">
          <bind_material>
            <technique_common>
              <instance_material symbol="defaultMaterial" target="#cabinmat1" />
            </technique_common>
          </bind_material>
        </instance_geometry>
      </node>
    </visual_scene>
  </library_visual_scenes>
  <scene>
    <instance_visual_scene url="#root" />
  </scene>
</COLLADA>
